1791533732.775	D7:5B:CA:55:9E:68	JBC_Std	E;806;28;9;0;350;4;20;20;1200;1200;252;0;0;100;0;5;400;100;
1791533732.898	EA:BE:3E:E6:32:90	JBC_NANO	E;838;29;2;0;350;4;48;48;1200;1200;254;0;0;100;0;5;450;100;
1791533733.136	D7:5B:CA:55:9E:68	JBC_Std	E;806;27;9;0;350;4;20;20;1200;1200;252;0;0;100;0;5;400;100;
1791533733.348	EA:BE:3E:E6:32:90	JBC_NANO	E;838;29;2;0;350;4;48;48;1200;1200;254;0;0;100;0;5;450;100;
1791533733.496	D7:5B:CA:55:9E:68	JBC_Std	E;806;27;9;0;350;4;20;20;1200;1200;252;0;0;100;0;5;400;100;
1791533733.708	EA:BE:3E:E6:32:90	JBC_NANO	E;838;29;2;0;350;4;48;48;1200;1200;254;0;0;100;0;5;450;100;
1791533733.945	D7:5B:CA:55:9E:68	JBC_Std	E;806;27;9;0;350;4;20;20;1200;1200;252;0;0;100;0;5;400;100;
1791533734.068	EA:BE:3E:E6:32:90	JBC_NANO	E;838;29;2;0;350;4;48;48;1200;1200;254;0;0;100;0;5;450;100;
1791533734.305	D7:5B:CA:55:9E:68	JBC_Std	E;806;27;9;0;350;4;20;20;1200;1200;252;0;0;100;0;5;400;100;
1791533734.486	EA:BE:3E:E6:32:90	JBC_NANO	E;838;30;2;0;350;4;48;48;1200;1200;254;0;0;100;0;5;450;100;
1791533734.696	D7:5B:CA:55:9E:68	JBC_Std	E;806;27;9;0;350;4;20;20;1200;1200;252;0;0;100;0;5;400;100;
1791533734.846	EA:BE:3E:E6:32:90	JBC_NANO	E;838;30;2;0;350;4;48;48;1200;1200;254;0;0;100;0;5;450;100;
1791533735.145	D7:5B:CA:55:9E:68	JBC_Std	E;806;27;9;0;350;4;20;20;1200;1200;252;0;0;100;0;5;400;100;
1791533735.236	EA:BE:3E:E6:32:90	JBC_NANO	E;838;30;2;0;350;4;48;48;1200;1200;254;0;0;100;0;5;450;100;
1791533735.505	D7:5B:CA:55:9E:68	JBC_Std	E;806;27;9;0;350;4;20;20;1200;1200;252;0;0;100;0;5;400;100;
1791533735.596	EA:BE:3E:E6:32:90	JBC_NANO	E;838;30;2;0;350;4;48;48;1200;1200;254;0;0;100;0;5;450;100;
1791533735.865	D7:5B:CA:55:9E:68	JBC_Std	E;806;27;9;0;350;4;20;20;1200;1200;252;0;0;100;0;5;400;100;
1791533735.956	EA:BE:3E:E6:32:90	JBC_NANO	E;838;29;2;0;350;4;48;48;1200;1200;254;0;0;100;0;5;450;100;
1791533736.225	D7:5B:CA:55:9E:68	JBC_Std	E;806;27;9;0;350;4;20;20;1200;1200;252;0;0;100;0;5;400;100;
1791533736.316	EA:BE:3E:E6:32:90	JBC_NANO	E;838;29;2;0;350;4;48;48;1200;1200;254;0;0;100;0;5;450;100;
1791533736.586	D7:5B:CA:55:9E:68	JBC_Std	E;806;27;9;0;350;4;20;20;1200;1200;252;0;0;100;0;5;400;100;
1791533736.676	EA:BE:3E:E6:32:90	JBC_NANO	E;838;29;2;0;350;4;48;48;1200;1200;254;0;0;100;0;5;450;100;
1791533736.945	D7:5B:CA:55:9E:68	JBC_Std	E;806;27;9;0;350;4;20;20;1200;1200;252;0;0;100;0;5;400;100;
1791533737.035	EA:BE:3E:E6:32:90	JBC_NANO	E;838;29;2;0;350;4;48;48;1200;1200;254;0;0;100;0;5;450;100;
1791533737.275	D7:5B:CA:55:9E:68	JBC_Std	E;806;27;9;0;350;4;20;20;1200;1200;252;0;0;100;0;5;400;100;
1791533737.427	EA:BE:3E:E6:32:90	JBC_NANO	E;838;29;2;0;350;4;48;48;1200;1200;254;0;0;100;0;5;450;100;
1791533737.636	D7:5B:CA:55:9E:68	JBC_Std	E;806;27;9;0;350;4;20;20;1200;1200;252;0;0;100;0;5;400;100;
1791533737.786	EA:BE:3E:E6:32:90	JBC_NANO	E;838;29;2;0;350;4;48;48;1200;1200;254;0;0;100;0;5;450;100;
1791533737.995	D7:5B:CA:55:9E:68	JBC_Std	E;806;27;9;0;350;4;20;20;1200;1200;252;0;0;100;0;5;400;100;
1791533738.146	EA:BE:3E:E6:32:90	JBC_NANO	E;838;28;2;0;350;4;48;48;1200;1200;254;0;0;100;0;5;450;100;
1791533738.355	D7:5B:CA:55:9E:68	JBC_Std	E;806;27;9;0;350;4;20;20;1200;1200;252;0;0;100;0;5;400;100;
1791533738.506	EA:BE:3E:E6:32:90	JBC_NANO	E;838;28;2;0;350;4;48;48;1200;1200;254;0;0;100;0;5;450;100;
1791533738.716	D7:5B:CA:55:9E:68	JBC_Std	E;806;27;9;0;350;4;20;20;1200;1200;252;0;0;100;0;5;400;100;
1791533738.865	EA:BE:3E:E6:32:90	JBC_NANO	E;838;28;2;0;350;4;48;48;1200;1200;254;0;0;100;0;5;450;100;
1791533739.105	D7:5B:CA:55:9E:68	JBC_Std	E;806;27;9;0;350;4;20;20;1200;1200;252;0;0;100;0;5;400;100;
1791533739.255	EA:BE:3E:E6:32:90	JBC_NANO	E;838;28;2;0;350;4;48;48;1200;1200;254;0;0;100;0;5;450;100;
1791533739.465	D7:5B:CA:55:9E:68	JBC_Std	E;806;27;9;0;350;4;20;20;1200;1200;252;0;0;100;0;5;400;100;
1791533739.617	EA:BE:3E:E6:32:90	JBC_NANO	E;838;29;2;0;350;4;48;48;1200;1200;254;0;0;100;0;5;450;100;
1791533739.826	D7:5B:CA:55:9E:68	JBC_Std	E;806;27;9;0;350;4;20;20;1200;1200;252;0;0;100;0;5;400;100;
1791533739.976	EA:BE:3E:E6:32:90	JBC_NANO	E;838;29;2;0;350;4;48;48;1200;1200;254;0;0;100;0;5;450;100;
1791533740.186	D7:5B:CA:55:9E:68	JBC_Std	E;806;27;9;0;350;4;20;20;1200;1200;252;0;0;100;0;5;400;100;
1791533740.337	EA:BE:3E:E6:32:90	JBC_NANO	E;838;29;2;0;350;4;48;48;1200;1200;254;0;0;100;0;5;450;100;
1791533740.545	D7:5B:CA:55:9E:68	JBC_Std	E;806;27;9;0;350;4;20;20;1200;1200;252;0;0;100;0;5;400;100;
1791533740.696	EA:BE:3E:E6:32:90	JBC_NANO	E;838;29;2;0;350;4;48;48;1200;1200;254;0;0;100;0;5;450;100;
1791533740.906	D7:5B:CA:55:9E:68	JBC_Std	E;806;28;9;0;350;4;20;20;1200;1200;252;0;0;100;0;5;400;100;
1791533741.056	EA:BE:3E:E6:32:90	JBC_NANO	E;838;29;2;0;350;4;48;48;1200;1200;254;0;0;100;0;5;450;100;
1791533741.236	D7:5B:CA:55:9E:68	JBC_Std	E;806;28;9;0;350;4;20;20;1200;1200;252;0;0;100;0;5;400;100;
1791533741.386	EA:BE:3E:E6:32:90	JBC_NANO	E;838;29;2;0;350;4;48;48;1200;1200;254;0;0;100;0;5;450;100;
1791533741.595	D7:5B:CA:55:9E:68	JBC_Std	E;806;27;9;0;350;4;20;20;1200;1200;252;0;0;100;0;5;400;100;
1791533741.746	EA:BE:3E:E6:32:90	JBC_NANO	E;838;29;2;0;350;4;48;48;1200;1200;254;0;0;100;0;5;450;100;
1791533741.955	D7:5B:CA:55:9E:68	JBC_Std	E;806;27;9;0;350;4;20;20;1200;1200;252;0;0;100;0;5;400;100;
1791533742.106	EA:BE:3E:E6:32:90	JBC_NANO	E;838;29;2;0;350;4;48;48;1200;1200;254;0;0;100;0;5;450;100;
1791533742.315	D7:5B:CA:55:9E:68	JBC_Std	E;806;26;9;0;350;4;20;20;1200;1200;252;0;0;100;0;5;400;100;
1791533742.466	EA:BE:3E:E6:32:90	JBC_NANO	E;838;28;2;0;350;4;48;48;1200;1200;254;0;0;100;0;5;450;100;
1791533742.795	D7:5B:CA:55:9E:68	JBC_Std	E;806;27;9;0;350;4;20;20;1200;1200;252;0;0;100;0;5;400;100;
1791533742.826	EA:BE:3E:E6:32:90	JBC_NANO	E;838;28;2;0;350;4;48;48;1200;1200;254;0;0;100;0;5;450;100;
1791533743.125	D7:5B:CA:55:9E:68	JBC_Std	E;806;27;9;0;350;4;20;20;1200;1200;252;0;0;100;0;5;400;100;
1791533743.216	EA:BE:3E:E6:32:90	JBC_NANO	E;838;28;2;0;350;4;48;48;1200;1200;254;0;0;100;0;5;450;100;
1791533743.485	D7:5B:CA:55:9E:68	JBC_Std	E;806;27;9;0;350;4;20;20;1200;1200;252;0;0;100;0;5;400;100;
1791533743.576	EA:BE:3E:E6:32:90	JBC_NANO	E;838;28;2;0;350;4;48;48;1200;1200;254;0;0;100;0;5;450;100;
1791533743.845	D7:5B:CA:55:9E:68	JBC_Std	E;806;27;9;0;350;4;20;20;1200;1200;252;0;0;100;0;5;400;100;
1791533743.876	EA:BE:3E:E6:32:90	JBC_NANO	E;838;29;2;0;350;4;48;48;1200;1200;254;0;0;100;0;5;450;100;
1791533744.145	D7:5B:CA:55:9E:68	JBC_Std	E;806;27;9;0;350;4;20;20;1200;1200;252;0;0;100;0;5;400;100;
1791533744.236	EA:BE:3E:E6:32:90	JBC_NANO	E;838;29;2;0;350;4;48;48;1200;1200;254;0;0;100;0;5;450;100;
1791533744.507	D7:5B:CA:55:9E:68	JBC_Std	E;806;27;9;0;350;4;20;20;1200;1200;252;0;0;100;0;5;400;100;
1791533744.595	EA:BE:3E:E6:32:90	JBC_NANO	E;838;29;2;0;350;4;48;48;1200;1200;254;0;0;100;0;5;450;100;
1791533744.866	D7:5B:CA:55:9E:68	JBC_Std	E;806;28;9;0;350;4;20;20;1200;1200;252;0;0;100;0;5;400;100;
1791533744.956	EA:BE:3E:E6:32:90	JBC_NANO	E;838;29;2;0;350;4;48;48;1200;1200;254;0;0;100;0;5;450;100;
1791533745.255	D7:5B:CA:55:9E:68	JBC_Std	E;806;28;9;0;350;4;20;20;1200;1200;252;0;0;100;0;5;400;100;
1791533745.346	EA:BE:3E:E6:32:90	JBC_NANO	E;838;29;2;0;350;4;48;48;1200;1200;254;0;0;100;0;5;450;100;
1791533745.615	D7:5B:CA:55:9E:68	JBC_Std	E;806;27;9;0;350;4;20;20;1200;1200;252;0;0;100;0;5;400;100;
1791533745.646	EA:BE:3E:E6:32:90	JBC_NANO	E;838;29;2;0;350;4;48;48;1200;1200;254;0;0;100;0;5;450;100;
1791533745.975	D7:5B:CA:55:9E:68	JBC_Std	E;806;27;9;0;350;4;20;20;1200;1200;252;0;0;100;0;5;400;100;
1791533746.006	EA:BE:3E:E6:32:90	JBC_NANO	E;838;29;2;0;350;4;48;48;1200;1200;254;0;0;100;0;5;450;100;
1791533746.335	D7:5B:CA:55:9E:68	JBC_Std	E;806;27;9;0;350;4;20;20;1200;1200;252;0;0;100;0;5;400;100;
1791533746.366	EA:BE:3E:E6:32:90	JBC_NANO	E;838;29;2;0;350;4;48;48;1200;1200;254;0;0;100;0;5;450;100;
1791533746.635	D7:5B:CA:55:9E:68	JBC_Std	E;806;26;9;0;350;4;20;20;1200;1200;252;0;0;100;0;5;400;100;
1791533746.726	EA:BE:3E:E6:32:90	JBC_NANO	E;838;29;2;0;350;4;48;48;1200;1200;254;0;0;100;0;5;450;100;
1791533746.995	D7:5B:CA:55:9E:68	JBC_Std	E;806;26;9;0;350;4;20;20;1200;1200;252;0;0;100;0;5;400;100;
1791533747.085	EA:BE:3E:E6:32:90	JBC_NANO	E;838;29;2;0;350;4;48;48;1200;1200;254;0;0;100;0;5;450;100;
1791533747.325	D7:5B:CA:55:9E:68	JBC_Std	E;806;26;9;0;350;4;20;20;1200;1200;252;0;0;100;0;5;400;100;
1791533747.416	EA:BE:3E:E6:32:90	JBC_NANO	E;838;29;2;0;350;4;48;48;1200;1200;254;0;0;100;0;5;450;100;
1791533747.655	D7:5B:CA:55:9E:68	JBC_Std	E;806;26;9;0;350;4;20;20;1200;1200;252;0;0;100;0;5;400;100;
1791533747.806	EA:BE:3E:E6:32:90	JBC_NANO	E;838;29;2;0;350;4;48;48;1200;1200;254;0;0;100;0;5;450;100;
1791533748.015	D7:5B:CA:55:9E:68	JBC_Std	E;806;27;9;0;350;4;20;20;1200;1200;252;0;0;100;0;5;400;100;
1791533748.166	EA:BE:3E:E6:32:90	JBC_NANO	E;838;29;2;0;350;4;48;48;1200;1200;254;0;0;100;0;5;450;100;
1791533748.375	D7:5B:CA:55:9E:68	JBC_Std	E;806;27;9;0;350;4;20;20;1200;1200;252;0;0;100;0;5;400;100;
1791533748.467	EA:BE:3E:E6:32:90	JBC_NANO	E;838;29;2;0;350;4;48;48;1200;1200;254;0;0;100;0;5;450;100;
1791533748.765	D7:5B:CA:55:9E:68	JBC_Std	E;806;27;9;0;350;4;20;20;1200;1200;252;0;0;100;0;5;400;100;
1791533748.856	EA:BE:3E:E6:32:90	JBC_NANO	E;838;28;2;0;350;4;48;48;1200;1200;254;0;0;100;0;5;450;100;
1791533749.125	D7:5B:CA:55:9E:68	JBC_Std	E;806;27;9;0;350;4;20;20;1200;1200;252;0;0;100;0;5;400;100;
1791533749.156	EA:BE:3E:E6:32:90	JBC_NANO	E;838;28;2;0;350;4;48;48;1200;1200;254;0;0;100;0;5;450;100;
1791533749.486	EA:BE:3E:E6:32:90	JBC_NANO	E;838;29;2;0;350;4;48;48;1200;1200;254;0;0;100;0;5;450;100;
1791533749.515	D7:5B:CA:55:9E:68	JBC_Std	E;806;27;9;0;350;4;20;20;1200;1200;252;0;0;100;0;5;400;100;
1791533749.845	D7:5B:CA:55:9E:68	JBC_Std	E;806;26;9;0;350;4;20;20;1200;1200;252;0;0;100;0;5;400;100;
1791533749.876	EA:BE:3E:E6:32:90	JBC_NANO	E;838;29;2;0;350;4;48;48;1200;1200;254;0;0;100;0;5;450;100;
1791533750.176	EA:BE:3E:E6:32:90	JBC_NANO	E;838;29;2;0;350;4;48;48;1200;1200;254;0;0;100;0;5;450;100;
1791533750.206	D7:5B:CA:55:9E:68	JBC_Std	E;806;26;9;0;350;4;20;20;1200;1200;252;0;0;100;0;5;400;100;
1791533750.536	EA:BE:3E:E6:32:90	JBC_NANO	E;838;29;2;0;350;4;48;48;1200;1200;254;0;0;100;0;5;450;100;
1791533750.565	D7:5B:CA:55:9E:68	JBC_Std	E;806;26;9;0;350;4;20;20;1200;1200;252;0;0;100;0;5;400;100;
1791533750.895	EA:BE:3E:E6:32:90	JBC_NANO	E;838;29;2;0;350;4;48;48;1200;1200;254;0;0;100;0;5;450;100;
1791533750.925	D7:5B:CA:55:9E:68	JBC_Std	E;806;26;9;0;350;4;20;20;1200;1200;252;0;0;100;0;5;400;100;
1791533751.256	EA:BE:3E:E6:32:90	JBC_NANO	E;838;30;2;0;350;4;48;48;1200;1200;254;0;0;100;0;5;450;100;
1791533751.285	D7:5B:CA:55:9E:68	JBC_Std	E;806;27;9;0;350;4;20;20;1200;1200;252;0;0;100;0;5;400;100;
1791533751.616	EA:BE:3E:E6:32:90	JBC_NANO	E;838;29;2;0;350;4;48;48;1200;1200;254;0;0;100;0;5;450;100;
1791533751.704	D7:5B:CA:55:9E:68	JBC_Std	E;806;28;9;0;350;4;20;20;1200;1200;252;0;0;100;0;5;400;100;
1791533752.006	EA:BE:3E:E6:32:90	JBC_NANO	E;838;29;2;0;350;4;48;48;1200;1200;254;0;0;100;0;5;450;100;
1791533752.035	D7:5B:CA:55:9E:68	JBC_Std	E;806;28;9;0;350;4;20;20;1200;1200;252;0;0;100;0;5;400;100;
1791533752.365	EA:BE:3E:E6:32:90	JBC_NANO	E;838;29;2;0;350;4;48;48;1200;1200;254;0;0;100;0;5;450;100;
1791533752.395	D7:5B:CA:55:9E:68	JBC_Std	E;806;28;9;0;350;4;20;20;1200;1200;252;0;0;100;0;5;400;100;
1791533752.725	EA:BE:3E:E6:32:90	JBC_NANO	E;838;29;2;0;350;4;48;48;1200;1200;254;0;0;100;0;5;450;100;
1791533752.755	D7:5B:CA:55:9E:68	JBC_Std	E;806;27;9;0;350;4;20;20;1200;1200;252;0;0;100;0;5;400;100;
1791533753.085	EA:BE:3E:E6:32:90	JBC_NANO	E;838;29;2;0;350;4;48;48;1200;1200;254;0;0;100;0;5;450;100;
1791533753.115	D7:5B:CA:55:9E:68	JBC_Std	E;806;27;9;0;350;4;20;20;1200;1200;252;0;0;100;0;5;400;100;
1791533753.445	EA:BE:3E:E6:32:90	JBC_NANO	E;838;29;2;0;350;4;48;48;1200;1200;254;0;0;100;0;5;450;100;
1791533753.535	D7:5B:CA:55:9E:68	JBC_Std	E;806;26;9;0;350;4;20;20;1200;1200;252;0;0;100;0;5;400;100;
1791533753.805	EA:BE:3E:E6:32:90	JBC_NANO	E;838;29;2;0;350;4;48;48;1200;1200;254;0;0;100;0;5;450;100;
1791533753.865	D7:5B:CA:55:9E:68	JBC_Std	E;806;27;9;0;350;4;20;20;1200;1200;252;0;0;100;0;5;400;100;
1791533754.136	EA:BE:3E:E6:32:90	JBC_NANO	E;838;29;2;0;350;4;48;48;1200;1200;254;0;0;100;0;5;450;100;
1791533754.225	D7:5B:CA:55:9E:68	JBC_Std	E;806;27;9;0;350;4;20;20;1200;1200;252;0;0;100;0;5;400;100;
1791533754.496	EA:BE:3E:E6:32:90	JBC_NANO	E;838;29;2;0;350;4;48;48;1200;1200;254;0;0;100;0;5;450;100;
1791533754.585	D7:5B:CA:55:9E:68	JBC_Std	E;806;27;9;0;350;4;20;20;1200;1200;252;0;0;100;0;5;400;100;
1791533754.856	EA:BE:3E:E6:32:90	JBC_NANO	E;838;29;2;0;350;4;48;48;1200;1200;254;0;0;100;0;5;450;100;
1791533755.005	D7:5B:CA:55:9E:68	JBC_Std	E;806;27;9;0;350;4;20;20;1200;1200;252;0;0;100;0;5;400;100;
1791533755.215	EA:BE:3E:E6:32:90	JBC_NANO	E;838;28;2;0;350;4;48;48;1200;1200;254;0;0;100;0;5;450;100;
1791533755.304	D7:5B:CA:55:9E:68	JBC_Std	E;806;27;9;0;350;4;20;20;1200;1200;252;0;0;100;0;5;400;100;
1791533755.575	EA:BE:3E:E6:32:90	JBC_NANO	E;838;28;2;0;350;4;48;48;1200;1200;254;0;0;100;0;5;450;100;
1791533755.665	D7:5B:CA:55:9E:68	JBC_Std	E;806;27;9;0;350;4;20;20;1200;1200;252;0;0;100;0;5;400;100;
1791533755.965	EA:BE:3E:E6:32:90	JBC_NANO	E;838;28;2;0;350;4;48;48;1200;1200;254;0;0;100;0;5;450;100;
1791533755.995	D7:5B:CA:55:9E:68	JBC_Std	E;806;26;9;0;350;4;20;20;1200;1200;252;0;0;100;0;5;400;100;
1791533756.325	EA:BE:3E:E6:32:90	JBC_NANO	E;838;28;2;0;350;4;48;48;1200;1200;254;0;0;100;0;5;450;100;
1791533756.355	D7:5B:CA:55:9E:68	JBC_Std	E;806;27;9;0;350;4;20;20;1200;1200;252;0;0;100;0;5;400;100;
1791533756.685	EA:BE:3E:E6:32:90	JBC_NANO	E;838;29;2;0;350;4;48;48;1200;1200;254;0;0;100;0;5;450;100;
1791533756.715	D7:5B:CA:55:9E:68	JBC_Std	E;806;27;9;0;350;4;20;20;1200;1200;252;0;0;100;0;5;400;100;
1791533757.045	EA:BE:3E:E6:32:90	JBC_NANO	E;838;30;2;0;350;4;48;48;1200;1200;254;0;0;100;0;5;450;100;
1791533757.075	D7:5B:CA:55:9E:68	JBC_Std	E;806;27;9;0;350;4;20;20;1200;1200;252;0;0;100;0;5;400;100;
1791533757.405	EA:BE:3E:E6:32:90	JBC_NANO	E;838;30;2;0;350;4;48;48;1200;1200;254;0;0;100;0;5;450;100;
1791533757.435	D7:5B:CA:55:9E:68	JBC_Std	E;806;27;9;0;350;4;20;20;1200;1200;252;0;0;100;0;5;400;100;
1791533757.765	EA:BE:3E:E6:32:90	JBC_NANO	E;838;30;2;0;350;4;48;48;1200;1200;254;0;0;100;0;5;450;100;
1791533757.795	D7:5B:CA:55:9E:68	JBC_Std	E;806;27;9;0;350;4;20;20;1200;1200;252;0;0;100;0;5;400;100;
1791533758.096	EA:BE:3E:E6:32:90	JBC_NANO	E;838;29;2;0;350;4;48;48;1200;1200;254;0;0;100;0;5;450;100;
1791533758.125	D7:5B:CA:55:9E:68	JBC_Std	E;806;27;9;0;350;4;20;20;1200;1200;252;0;0;100;0;5;400;100;
1791533758.455	EA:BE:3E:E6:32:90	JBC_NANO	E;838;29;2;0;350;4;48;48;1200;1200;254;0;0;100;0;5;450;100;
1791533758.485	D7:5B:CA:55:9E:68	JBC_Std	E;806;26;9;0;350;4;20;20;1200;1200;252;0;0;100;0;5;400;100;
1791533758.815	EA:BE:3E:E6:32:90	JBC_NANO	E;838;29;2;0;350;4;48;48;1200;1200;254;0;0;100;0;5;450;100;
1791533758.845	D7:5B:CA:55:9E:68	JBC_Std	E;806;26;9;0;350;4;20;20;1200;1200;252;0;0;100;0;5;400;100;
1791533759.175	EA:BE:3E:E6:32:90	JBC_NANO	E;838;29;2;0;350;4;48;48;1200;1200;254;0;0;100;0;5;450;100;
1791533759.205	D7:5B:CA:55:9E:68	JBC_Std	E;806;26;9;0;350;4;20;20;1200;1200;252;0;0;100;0;5;400;100;
1791533759.536	EA:BE:3E:E6:32:90	JBC_NANO	E;838;29;2;0;350;4;48;48;1200;1200;254;0;0;100;0;5;450;100;
1791533759.564	D7:5B:CA:55:9E:68	JBC_Std	E;806;26;9;0;350;4;20;20;1200;1200;252;0;0;100;0;5;400;100;
1791533759.925	EA:BE:3E:E6:32:90	JBC_NANO	E;838;29;2;0;350;4;48;48;1200;1200;254;0;0;100;0;5;450;100;
1791533759.955	D7:5B:CA:55:9E:68	JBC_Std	E;806;27;9;0;350;4;20;20;1200;1200;252;0;0;100;0;5;400;100;
1791533760.226	EA:BE:3E:E6:32:90	JBC_NANO	E;838;29;2;0;350;4;48;48;1200;1200;254;0;0;100;0;5;450;100;
1791533760.315	D7:5B:CA:55:9E:68	JBC_Std	E;806;27;9;0;350;4;20;20;1200;1200;252;0;0;100;0;5;400;100;
1791533760.585	EA:BE:3E:E6:32:90	JBC_NANO	E;838;29;2;0;350;4;48;48;1200;1200;254;0;0;100;0;5;450;100;
1791533760.675	D7:5B:CA:55:9E:68	JBC_Std	E;806;27;9;0;350;4;20;20;1200;1200;252;0;0;100;0;5;400;100;
1791533760.945	EA:BE:3E:E6:32:90	JBC_NANO	E;838;29;2;0;350;4;48;48;1200;1200;254;0;0;100;0;5;450;100;
1791533761.034	D7:5B:CA:55:9E:68	JBC_Std	E;806;27;9;0;350;4;20;20;1200;1200;252;0;0;100;0;5;400;100;
1791533761.306	EA:BE:3E:E6:32:90	JBC_NANO	E;838;29;2;0;350;4;48;48;1200;1200;254;0;0;100;0;5;450;100;
1791533761.395	D7:5B:CA:55:9E:68	JBC_Std	E;806;26;9;0;350;4;20;20;1200;1200;252;0;0;100;0;5;400;100;
1791533761.665	EA:BE:3E:E6:32:90	JBC_NANO	E;838;29;2;0;350;4;48;48;1200;1200;254;0;0;100;0;5;450;100;
1791533761.755	D7:5B:CA:55:9E:68	JBC_Std	E;806;26;9;0;350;4;20;20;1200;1200;252;0;0;100;0;5;400;100;
1791533762.055	EA:BE:3E:E6:32:90	JBC_NANO	E;838;29;2;0;350;4;48;48;1200;1200;254;0;0;100;0;5;450;100;
1791533762.085	D7:5B:CA:55:9E:68	JBC_Std	E;806;26;9;0;350;4;20;20;1200;1200;252;0;0;100;0;5;400;100;
1791533762.415	EA:BE:3E:E6:32:90	JBC_NANO	E;838;29;2;0;350;4;48;48;1200;1200;254;0;0;100;0;5;450;100;
1791533762.445	D7:5B:CA:55:9E:68	JBC_Std	E;806;26;9;0;350;4;20;20;1200;1200;252;0;0;100;0;5;400;100;
1791533762.776	EA:BE:3E:E6:32:90	JBC_NANO	E;838;29;2;0;350;4;48;48;1200;1200;254;0;0;100;0;5;450;100;
1791533762.805	D7:5B:CA:55:9E:68	JBC_Std	E;806;26;9;0;350;4;20;20;1200;1200;252;0;0;100;0;5;400;100;
1791533763.196	EA:BE:3E:E6:32:90	JBC_NANO	E;838;28;2;0;350;4;48;48;1200;1200;254;0;0;100;0;5;450;100;
1791533763.224	D7:5B:CA:55:9E:68	JBC_Std	E;806;27;9;0;350;4;20;20;1200;1200;252;0;0;100;0;5;400;100;
1791533763.525	D7:5B:CA:55:9E:68	JBC_Std	E;806;27;9;0;350;4;20;20;1200;1200;252;0;0;100;0;5;400;100;
1791533763.555	EA:BE:3E:E6:32:90	JBC_NANO	E;838;28;2;0;350;4;48;48;1200;1200;254;0;0;100;0;5;450;100;
1791533763.915	D7:5B:CA:55:9E:68	JBC_Std	E;806;27;9;0;350;4;20;20;1200;1200;252;0;0;100;0;5;400;100;
1791533763.946	EA:BE:3E:E6:32:90	JBC_NANO	E;838;29;2;0;350;4;48;48;1200;1200;254;0;0;100;0;5;450;100;
1791533764.244	EA:BE:3E:E6:32:90	JBC_NANO	E;838;29;2;0;350;4;48;48;1200;1200;254;0;0;100;0;5;450;100;
1791533764.275	D7:5B:CA:55:9E:68	JBC_Std	E;806;27;9;0;350;4;20;20;1200;1200;252;0;0;100;0;5;400;100;
1791533764.605	EA:BE:3E:E6:32:90	JBC_NANO	E;838;29;2;0;350;4;48;48;1200;1200;254;0;0;100;0;5;450;100;
1791533764.635	D7:5B:CA:55:9E:68	JBC_Std	E;806;26;9;0;350;4;20;20;1200;1200;252;0;0;100;0;5;400;100;
1791533764.965	EA:BE:3E:E6:32:90	JBC_NANO	E;838;29;2;0;350;4;48;48;1200;1200;254;0;0;100;0;5;450;100;
1791533764.994	D7:5B:CA:55:9E:68	JBC_Std	E;806;26;9;0;350;4;20;20;1200;1200;252;0;0;100;0;5;400;100;
1791533765.325	EA:BE:3E:E6:32:90	JBC_NANO	E;838;28;2;0;350;4;48;48;1200;1200;254;0;0;100;0;5;450;100;
1791533765.355	D7:5B:CA:55:9E:68	JBC_Std	E;806;26;9;0;350;4;20;20;1200;1200;252;0;0;100;0;5;400;100;
1791533765.685	EA:BE:3E:E6:32:90	JBC_NANO	E;838;29;2;0;350;4;48;48;1200;1200;254;0;0;100;0;5;450;100;
1791533765.714	D7:5B:CA:55:9E:68	JBC_Std	E;806;27;9;0;350;4;20;20;1200;1200;252;0;0;100;0;5;400;100;
1791533766.076	EA:BE:3E:E6:32:90	JBC_NANO	E;838;29;2;0;350;4;48;48;1200;1200;254;0;0;100;0;5;450;100;
1791533766.105	D7:5B:CA:55:9E:68	JBC_Std	E;806;27;9;0;350;4;20;20;1200;1200;252;0;0;100;0;5;400;100;
1791533766.436	EA:BE:3E:E6:32:90	JBC_NANO	E;838;29;2;0;350;4;48;48;1200;1200;254;0;0;100;0;5;450;100;
1791533766.465	D7:5B:CA:55:9E:68	JBC_Std	E;806;27;9;0;350;4;20;20;1200;1200;252;0;0;100;0;5;400;100;
1791533766.795	EA:BE:3E:E6:32:90	JBC_NANO	E;838;30;2;0;350;4;48;48;1200;1200;254;0;0;100;0;5;450;100;
1791533766.824	D7:5B:CA:55:9E:68	JBC_Std	E;806;27;9;0;350;4;20;20;1200;1200;252;0;0;100;0;5;400;100;
1791533767.155	EA:BE:3E:E6:32:90	JBC_NANO	E;838;30;2;0;350;4;48;48;1200;1200;254;0;0;100;0;5;450;100;
1791533767.185	D7:5B:CA:55:9E:68	JBC_Std	E;806;27;9;0;350;4;20;20;1200;1200;252;0;0;100;0;5;400;100;
1791533767.515	EA:BE:3E:E6:32:90	JBC_NANO	E;838;30;2;0;350;4;48;48;1200;1200;254;0;0;100;0;5;450;100;
1791533767.604	D7:5B:CA:55:9E:68	JBC_Std	E;806;27;9;0;350;4;20;20;1200;1200;252;0;0;100;0;5;400;100;
1791533767.875	EA:BE:3E:E6:32:90	JBC_NANO	E;838;29;2;0;350;4;48;48;1200;1200;254;0;0;100;0;5;450;100;
1791533767.935	D7:5B:CA:55:9E:68	JBC_Std	E;806;26;9;0;350;4;20;20;1200;1200;252;0;0;100;0;5;400;100;
1791533768.205	EA:BE:3E:E6:32:90	JBC_NANO	E;838;28;2;0;350;4;48;48;1200;1200;254;0;0;100;0;5;450;100;
1791533768.295	D7:5B:CA:55:9E:68	JBC_Std	E;806;26;9;0;350;4;20;20;1200;1200;252;0;0;100;0;5;400;100;
1791533768.564	EA:BE:3E:E6:32:90	JBC_NANO	E;838;28;2;0;350;4;48;48;1200;1200;254;0;0;100;0;5;450;100;
1791533768.655	D7:5B:CA:55:9E:68	JBC_Std	E;806;26;9;0;350;4;20;20;1200;1200;252;0;0;100;0;5;400;100;
1791533768.985	EA:BE:3E:E6:32:90	JBC_NANO	E;838;28;2;0;350;4;48;48;1200;1200;254;0;0;100;0;5;450;100;
1791533769.075	D7:5B:CA:55:9E:68	JBC_Std	E;806;26;9;0;350;4;20;20;1200;1200;252;0;0;100;0;5;400;100;
1791533769.286	EA:BE:3E:E6:32:90	JBC_NANO	E;838;28;2;0;350;4;48;48;1200;1200;254;0;0;100;0;5;450;100;
1791533769.435	D7:5B:CA:55:9E:68	JBC_Std	E;806;27;9;0;350;4;20;20;1200;1200;252;0;0;100;0;5;400;100;
1791533769.645	EA:BE:3E:E6:32:90	JBC_NANO	E;838;28;2;0;350;4;48;48;1200;1200;254;0;0;100;0;5;450;100;
1791533769.795	D7:5B:CA:55:9E:68	JBC_Std	E;806;27;9;0;350;4;20;20;1200;1200;252;0;0;100;0;5;400;100;
1791533770.035	EA:BE:3E:E6:32:90	JBC_NANO	E;838;28;2;0;350;4;48;48;1200;1200;254;0;0;100;0;5;450;100;
1791533770.125	D7:5B:CA:55:9E:68	JBC_Std	E;806;27;9;0;350;4;20;20;1200;1200;252;0;0;100;0;5;400;100;
1791533770.394	EA:BE:3E:E6:32:90	JBC_NANO	E;838;28;2;0;350;4;48;48;1200;1200;254;0;0;100;0;5;450;100;
1791533770.484	D7:5B:CA:55:9E:68	JBC_Std	E;806;27;9;0;350;4;20;20;1200;1200;252;0;0;100;0;5;400;100;
1791533770.755	EA:BE:3E:E6:32:90	JBC_NANO	E;838;28;2;0;350;4;48;48;1200;1200;254;0;0;100;0;5;450;100;
1791533770.845	D7:5B:CA:55:9E:68	JBC_Std	E;806;26;9;0;350;4;20;20;1200;1200;252;0;0;100;0;5;400;100;
1791533771.115	EA:BE:3E:E6:32:90	JBC_NANO	E;838;29;2;0;350;4;48;48;1200;1200;254;0;0;100;0;5;450;100;
1791533771.205	D7:5B:CA:55:9E:68	JBC_Std	E;806;26;9;0;350;4;20;20;1200;1200;252;0;0;100;0;5;400;100;
1791533771.475	EA:BE:3E:E6:32:90	JBC_NANO	E;838;28;2;0;350;4;48;48;1200;1200;254;0;0;100;0;5;450;100;
1791533771.564	D7:5B:CA:55:9E:68	JBC_Std	E;806;26;9;0;350;4;20;20;1200;1200;252;0;0;100;0;5;400;100;
1791533771.836	EA:BE:3E:E6:32:90	JBC_NANO	E;838;29;2;0;350;4;48;48;1200;1200;254;0;0;100;0;5;450;100;
1791533771.955	D7:5B:CA:55:9E:68	JBC_Std	E;806;26;9;0;350;4;20;20;1200;1200;252;0;0;100;0;5;400;100;
1791533772.225	EA:BE:3E:E6:32:90	JBC_NANO	E;838;29;2;0;350;4;48;48;1200;1200;254;0;0;100;0;5;450;100;
1791533772.315	D7:5B:CA:55:9E:68	JBC_Std	E;806;26;9;0;350;4;20;20;1200;1200;252;0;0;100;0;5;400;100;
1791533772.525	EA:BE:3E:E6:32:90	JBC_NANO	E;838;29;2;0;350;4;48;48;1200;1200;254;0;0;100;0;5;450;100;
1791533772.734	D7:5B:CA:55:9E:68	JBC_Std	E;806;27;9;0;350;4;20;20;1200;1200;252;0;0;100;0;5;400;100;
1791533772.885	EA:BE:3E:E6:32:90	JBC_NANO	E;838;29;2;0;350;4;48;48;1200;1200;254;0;0;100;0;5;450;100;
1791533773.034	D7:5B:CA:55:9E:68	JBC_Std	E;806;27;9;0;350;4;20;20;1200;1200;252;0;0;100;0;5;400;100;
1791533773.245	EA:BE:3E:E6:32:90	JBC_NANO	E;838;29;2;0;350;4;48;48;1200;1200;254;0;0;100;0;5;450;100;
1791533773.454	D7:5B:CA:55:9E:68	JBC_Std	E;806;27;9;0;350;4;20;20;1200;1200;252;0;0;100;0;5;400;100;
1791533773.605	EA:BE:3E:E6:32:90	JBC_NANO	E;838;29;2;0;350;4;48;48;1200;1200;254;0;0;100;0;5;450;100;
1791533773.754	D7:5B:CA:55:9E:68	JBC_Std	E;806;26;9;0;350;4;20;20;1200;1200;252;0;0;100;0;5;400;100;
1791533773.994	EA:BE:3E:E6:32:90	JBC_NANO	E;838;29;2;0;350;4;48;48;1200;1200;254;0;0;100;0;5;450;100;
1791533774.084	D7:5B:CA:55:9E:68	JBC_Std	E;806;26;9;0;350;4;20;20;1200;1200;252;0;0;100;0;5;400;100;
1791533774.295	EA:BE:3E:E6:32:90	JBC_NANO	E;838;29;2;0;350;4;48;48;1200;1200;254;0;0;100;0;5;450;100;
1791533774.444	D7:5B:CA:55:9E:68	JBC_Std	E;806;26;9;0;350;4;20;20;1200;1200;252;0;0;100;0;5;400;100;
1791533774.655	EA:BE:3E:E6:32:90	JBC_NANO	E;838;29;2;0;350;4;48;48;1200;1200;254;0;0;100;0;5;450;100;
1791533774.805	D7:5B:CA:55:9E:68	JBC_Std	E;806;26;9;0;350;4;20;20;1200;1200;252;0;0;100;0;5;400;100;
1791533775.015	EA:BE:3E:E6:32:90	JBC_NANO	E;838;29;2;0;350;4;48;48;1200;1200;254;0;0;100;0;5;450;100;
1791533775.164	D7:5B:CA:55:9E:68	JBC_Std	E;806;26;9;0;350;4;20;20;1200;1200;252;0;0;100;0;5;400;100;
1791533775.375	EA:BE:3E:E6:32:90	JBC_NANO	E;838;29;2;0;350;4;48;48;1200;1200;254;0;0;100;0;5;450;100;
1791533775.525	D7:5B:CA:55:9E:68	JBC_Std	E;806;26;9;0;350;4;20;20;1200;1200;252;0;0;100;0;5;400;100;
1791533775.735	EA:BE:3E:E6:32:90	JBC_NANO	E;838;29;2;0;350;4;48;48;1200;1200;254;0;0;100;0;5;450;100;
1791533775.885	D7:5B:CA:55:9E:68	JBC_Std	E;806;27;9;0;350;4;20;20;1200;1200;252;0;0;100;0;5;400;100;
1791533776.125	EA:BE:3E:E6:32:90	JBC_NANO	E;838;28;2;0;350;4;48;48;1200;1200;254;0;0;100;0;5;450;100;
1791533776.214	D7:5B:CA:55:9E:68	JBC_Std	E;806;26;9;0;350;4;20;20;1200;1200;252;0;0;100;0;5;400;100;
1791533776.485	EA:BE:3E:E6:32:90	JBC_NANO	E;838;29;2;0;350;4;48;48;1200;1200;254;0;0;100;0;5;450;100;
1791533776.575	D7:5B:CA:55:9E:68	JBC_Std	E;806;26;9;0;350;4;20;20;1200;1200;252;0;0;100;0;5;400;100;
1791533776.845	EA:BE:3E:E6:32:90	JBC_NANO	E;838;28;2;0;350;4;48;48;1200;1200;254;0;0;100;0;5;450;100;
1791533776.935	D7:5B:CA:55:9E:68	JBC_Std	E;806;27;9;0;350;4;20;20;1200;1200;252;0;0;100;0;5;400;100;
1791533777.265	EA:BE:3E:E6:32:90	JBC_NANO	E;838;28;2;0;350;4;48;48;1200;1200;254;0;0;100;0;5;450;100;
1791533777.325	D7:5B:CA:55:9E:68	JBC_Std	E;806;27;9;0;350;4;20;20;1200;1200;252;0;0;100;0;5;400;100;
1791533777.595	EA:BE:3E:E6:32:90	JBC_NANO	E;838;29;2;0;350;4;48;48;1200;1200;254;0;0;100;0;5;450;100;
1791533777.684	D7:5B:CA:55:9E:68	JBC_Std	E;806;27;9;0;350;4;20;20;1200;1200;252;0;0;100;0;5;400;100;
1791533777.955	EA:BE:3E:E6:32:90	JBC_NANO	E;838;29;2;0;350;4;48;48;1200;1200;254;0;0;100;0;5;450;100;
1791533778.045	D7:5B:CA:55:9E:68	JBC_Std	E;806;28;9;0;350;4;20;20;1200;1200;252;0;0;100;0;5;400;100;
1791533778.314	EA:BE:3E:E6:32:90	JBC_NANO	E;838;29;2;0;350;4;48;48;1200;1200;254;0;0;100;0;5;450;100;
1791533778.405	D7:5B:CA:55:9E:68	JBC_Std	E;806;28;9;0;350;4;20;20;1200;1200;252;0;0;100;0;5;400;100;
1791533778.616	EA:BE:3E:E6:32:90	JBC_NANO	E;838;29;2;0;350;4;48;48;1200;1200;254;0;0;100;0;5;450;100;
1791533778.735	D7:5B:CA:55:9E:68	JBC_Std	E;806;28;9;0;350;4;20;20;1200;1200;252;0;0;100;0;5;400;100;
1791533779.064	EA:BE:3E:E6:32:90	JBC_NANO	E;838;29;2;0;350;4;48;48;1200;1200;254;0;0;100;0;5;450;100;
1791533779.094	D7:5B:CA:55:9E:68	JBC_Std	E;806;28;9;0;350;4;20;20;1200;1200;252;0;0;100;0;5;400;100;
1791533779.424	EA:BE:3E:E6:32:90	JBC_NANO	E;838;29;2;0;350;4;48;48;1200;1200;254;0;0;100;0;5;450;100;
1791533779.455	D7:5B:CA:55:9E:68	JBC_Std	E;806;27;9;0;350;4;20;20;1200;1200;252;0;0;100;0;5;400;100;
1791533779.785	EA:BE:3E:E6:32:90	JBC_NANO	E;838;29;2;0;350;4;48;48;1200;1200;254;0;0;100;0;5;450;100;
1791533779.814	D7:5B:CA:55:9E:68	JBC_Std	E;806;27;9;0;350;4;20;20;1200;1200;252;0;0;100;0;5;400;100;
1791533780.144	D7:5B:CA:55:9E:68	JBC_Std	E;806;26;9;0;350;4;20;20;1200;1200;252;0;0;100;0;5;400;100;
1791533780.175	EA:BE:3E:E6:32:90	JBC_NANO	E;838;29;2;0;350;4;48;48;1200;1200;254;0;0;100;0;5;450;100;
1791533780.445	D7:5B:CA:55:9E:68	JBC_Std	E;806;27;9;0;350;4;20;20;1200;1200;252;0;0;100;0;5;400;100;
1791533780.535	EA:BE:3E:E6:32:90	JBC_NANO	E;838;29;2;0;350;4;48;48;1200;1200;254;0;0;100;0;5;450;100;
1791533780.775	D7:5B:CA:55:9E:68	JBC_Std	E;806;27;9;0;350;4;20;20;1200;1200;252;0;0;100;0;5;400;100;
1791533780.924	EA:BE:3E:E6:32:90	JBC_NANO	E;838;29;2;0;350;4;48;48;1200;1200;254;0;0;100;0;5;450;100;
1791533781.165	D7:5B:CA:55:9E:68	JBC_Std	E;806;27;9;0;350;4;20;20;1200;1200;252;0;0;100;0;5;400;100;
1791533781.315	EA:BE:3E:E6:32:90	JBC_NANO	E;838;29;2;0;350;4;48;48;1200;1200;254;0;0;100;0;5;450;100;
1791533781.495	D7:5B:CA:55:9E:68	JBC_Std	E;806;27;9;0;350;4;20;20;1200;1200;252;0;0;100;0;5;400;100;
1791533781.645	EA:BE:3E:E6:32:90	JBC_NANO	E;838;29;2;0;350;4;48;48;1200;1200;254;0;0;100;0;5;450;100;
1791533781.855	D7:5B:CA:55:9E:68	JBC_Std	E;806;27;9;0;350;4;20;20;1200;1200;252;0;0;100;0;5;400;100;
1791533782.005	EA:BE:3E:E6:32:90	JBC_NANO	E;838;29;2;0;350;4;48;48;1200;1200;254;0;0;100;0;5;450;100;
1791533782.184	D7:5B:CA:55:9E:68	JBC_Std	E;806;27;9;0;350;4;20;20;1200;1200;252;0;0;100;0;5;400;100;
1791533782.335	EA:BE:3E:E6:32:90	JBC_NANO	E;838;29;2;0;350;4;48;48;1200;1200;254;0;0;100;0;5;450;100;
1791533782.514	D7:5B:CA:55:9E:68	JBC_Std	E;806;27;9;0;350;4;20;20;1200;1200;252;0;0;100;0;5;400;100;
1791533782.665	EA:BE:3E:E6:32:90	JBC_NANO	E;838;29;2;0;350;4;48;48;1200;1200;254;0;0;100;0;5;450;100;
1791533782.844	D7:5B:CA:55:9E:68	JBC_Std	E;806;27;9;0;350;4;20;20;1200;1200;252;0;0;100;0;5;400;100;
1791533783.055	EA:BE:3E:E6:32:90	JBC_NANO	E;838;29;2;0;350;4;48;48;1200;1200;254;0;0;100;0;5;450;100;
1791533783.204	D7:5B:CA:55:9E:68	JBC_Std	E;806;27;9;0;350;4;20;20;1200;1200;252;0;0;100;0;5;400;100;
1791533783.357	EA:BE:3E:E6:32:90	JBC_NANO	E;838;29;2;0;350;4;48;48;1200;1200;254;0;0;100;0;5;450;100;
1791533783.564	D7:5B:CA:55:9E:68	JBC_Std	E;806;27;9;0;350;4;20;20;1200;1200;252;0;0;100;0;5;400;100;
1791533783.774	EA:BE:3E:E6:32:90	JBC_NANO	E;838;29;2;0;350;4;48;48;1200;1200;254;0;0;100;0;5;450;100;
1791533783.924	D7:5B:CA:55:9E:68	JBC_Std	E;806;27;9;0;350;4;20;20;1200;1200;252;0;0;100;0;5;400;100;
1791533784.165	EA:BE:3E:E6:32:90	JBC_NANO	E;838;29;2;0;350;4;48;48;1200;1200;254;0;0;100;0;5;450;100;
1791533784.254	D7:5B:CA:55:9E:68	JBC_Std	E;806;27;9;0;350;4;20;20;1200;1200;252;0;0;100;0;5;400;100;
1791533784.525	EA:BE:3E:E6:32:90	JBC_NANO	E;838;29;2;0;350;4;48;48;1200;1200;254;0;0;100;0;5;450;100;
1791533784.615	D7:5B:CA:55:9E:68	JBC_Std	E;806;27;9;0;350;4;20;20;1200;1200;252;0;0;100;0;5;400;100;
1791533784.915	EA:BE:3E:E6:32:90	JBC_NANO	E;838;30;2;0;350;4;48;48;1200;1200;254;0;0;100;0;5;450;100;
1791533784.944	D7:5B:CA:55:9E:68	JBC_Std	E;806;27;9;0;350;4;20;20;1200;1200;252;0;0;100;0;5;400;100;
1791533785.275	EA:BE:3E:E6:32:90	JBC_NANO	E;838;29;2;0;350;4;48;48;1200;1200;254;0;0;100;0;5;450;100;
1791533785.304	D7:5B:CA:55:9E:68	JBC_Std	E;806;27;9;0;350;4;20;20;1200;1200;252;0;0;100;0;5;400;100;
1791533785.605	EA:BE:3E:E6:32:90	JBC_NANO	E;838;29;2;0;350;4;48;48;1200;1200;254;0;0;100;0;5;450;100;
1791533785.664	D7:5B:CA:55:9E:68	JBC_Std	E;806;28;9;0;350;4;20;20;1200;1200;252;0;0;100;0;5;400;100;
1791533785.935	EA:BE:3E:E6:32:90	JBC_NANO	E;838;29;2;0;350;4;48;48;1200;1200;254;0;0;100;0;5;450;100;
1791533786.024	D7:5B:CA:55:9E:68	JBC_Std	E;806;28;9;0;350;4;20;20;1200;1200;252;0;0;100;0;5;400;100;
1791533786.295	EA:BE:3E:E6:32:90	JBC_NANO	E;838;28;2;0;350;4;48;48;1200;1200;254;0;0;100;0;5;450;100;
1791533786.444	D7:5B:CA:55:9E:68	JBC_Std	E;806;27;9;0;350;4;20;20;1200;1200;252;0;0;100;0;5;400;100;
1791533786.655	EA:BE:3E:E6:32:90	JBC_NANO	E;838;29;2;0;350;4;48;48;1200;1200;254;0;0;100;0;5;450;100;
1791533786.804	D7:5B:CA:55:9E:68	JBC_Std	E;806;27;9;0;350;4;20;20;1200;1200;252;0;0;100;0;5;400;100;
1791533787.075	EA:BE:3E:E6:32:90	JBC_NANO	E;838;29;2;0;350;4;48;48;1200;1200;254;0;0;100;0;5;450;100;
1791533787.194	D7:5B:CA:55:9E:68	JBC_Std	E;806;26;9;0;350;4;20;20;1200;1200;252;0;0;100;0;5;400;100;
1791533787.344	EA:BE:3E:E6:32:90	JBC_NANO	E;838;29;2;0;350;4;48;48;1200;1200;254;0;0;100;0;5;450;100;
1791533787.585	D7:5B:CA:55:9E:68	JBC_Std	E;806;26;9;0;350;4;20;20;1200;1200;252;0;0;100;0;5;400;100;
1791533787.735	EA:BE:3E:E6:32:90	JBC_NANO	E;838;29;2;0;350;4;48;48;1200;1200;254;0;0;100;0;5;450;100;
1791533787.944	D7:5B:CA:55:9E:68	JBC_Std	E;806;27;9;0;350;4;20;20;1200;1200;252;0;0;100;0;5;400;100;
1791533788.125	EA:BE:3E:E6:32:90	JBC_NANO	E;838;29;2;0;350;4;48;48;1200;1200;254;0;0;100;0;5;450;100;
1791533788.335	D7:5B:CA:55:9E:68	JBC_Std	E;806;27;9;0;350;4;20;20;1200;1200;252;0;0;100;0;5;400;100;
1791533788.485	EA:BE:3E:E6:32:90	JBC_NANO	E;838;29;2;0;350;4;48;48;1200;1200;254;0;0;100;0;5;450;100;
1791533788.694	D7:5B:CA:55:9E:68	JBC_Std	E;806;26;9;0;350;4;20;20;1200;1200;252;0;0;100;0;5;400;100;
1791533788.845	EA:BE:3E:E6:32:90	JBC_NANO	E;838;29;2;0;350;4;48;48;1200;1200;254;0;0;100;0;5;450;100;
1791533789.115	D7:5B:CA:55:9E:68	JBC_Std	E;806;27;9;0;350;4;20;20;1200;1200;252;0;0;100;0;5;400;100;
1791533789.205	EA:BE:3E:E6:32:90	JBC_NANO	E;838;29;2;0;350;4;48;48;1200;1200;254;0;0;100;0;5;450;100;
1791533789.475	D7:5B:CA:55:9E:68	JBC_Std	E;806;27;9;0;350;4;20;20;1200;1200;252;0;0;100;0;5;400;100;
1791533789.565	EA:BE:3E:E6:32:90	JBC_NANO	E;838;29;2;0;350;4;48;48;1200;1200;254;0;0;100;0;5;450;100;
1791533789.835	D7:5B:CA:55:9E:68	JBC_Std	E;806;26;9;0;350;4;20;20;1200;1200;252;0;0;100;0;5;400;100;
1791533789.925	EA:BE:3E:E6:32:90	JBC_NANO	E;838;29;2;0;350;4;48;48;1200;1200;254;0;0;100;0;5;450;100;
1791533790.165	D7:5B:CA:55:9E:68	JBC_Std	E;806;27;9;0;350;4;20;20;1200;1200;252;0;0;100;0;5;400;100;
1791533790.315	EA:BE:3E:E6:32:90	JBC_NANO	E;838;29;2;0;350;4;48;48;1200;1200;254;0;0;100;0;5;450;100;
1791533790.524	D7:5B:CA:55:9E:68	JBC_Std	E;806;27;9;0;350;4;20;20;1200;1200;252;0;0;100;0;5;400;100;
1791533790.675	EA:BE:3E:E6:32:90	JBC_NANO	E;838;29;2;0;350;4;48;48;1200;1200;254;0;0;100;0;5;450;100;
1791533790.914	D7:5B:CA:55:9E:68	JBC_Std	E;806;27;9;0;350;4;20;20;1200;1200;252;0;0;100;0;5;400;100;
1791533791.005	EA:BE:3E:E6:32:90	JBC_NANO	E;838;29;2;0;350;4;48;48;1200;1200;254;0;0;100;0;5;450;100;
1791533791.274	D7:5B:CA:55:9E:68	JBC_Std	E;806;27;9;0;350;4;20;20;1200;1200;252;0;0;100;0;5;400;100;
1791533791.365	EA:BE:3E:E6:32:90	JBC_NANO	E;838;29;2;0;350;4;48;48;1200;1200;254;0;0;100;0;5;450;100;
1791533791.634	D7:5B:CA:55:9E:68	JBC_Std	E;806;27;9;0;350;4;20;20;1200;1200;252;0;0;100;0;5;400;100;
1791533791.725	EA:BE:3E:E6:32:90	JBC_NANO	E;838;29;2;0;350;4;48;48;1200;1200;254;0;0;100;0;5;450;100;
1791533791.995	D7:5B:CA:55:9E:68	JBC_Std	E;806;27;9;0;350;4;20;20;1200;1200;252;0;0;100;0;5;400;100;
1791533792.025	EA:BE:3E:E6:32:90	JBC_NANO	E;838;29;2;0;350;4;48;48;1200;1200;254;0;0;100;0;5;450;100;
1791533792.355	EA:BE:3E:E6:32:90	JBC_NANO	E;838;29;2;0;350;4;48;48;1200;1200;254;0;0;100;0;5;450;100;
1791533792.384	D7:5B:CA:55:9E:68	JBC_Std	E;806;28;9;0;350;4;20;20;1200;1200;252;0;0;100;0;5;400;100;
1791533792.744	D7:5B:CA:55:9E:68	JBC_Std	E;806;28;9;0;350;4;20;20;1200;1200;252;0;0;100;0;5;400;100;
1791533792.775	EA:BE:3E:E6:32:90	JBC_NANO	E;838;29;2;0;350;4;48;48;1200;1200;254;0;0;100;0;5;450;100;
1791533793.074	D7:5B:CA:55:9E:68	JBC_Std	E;806;28;9;0;350;4;20;20;1200;1200;252;0;0;100;0;5;400;100;
1791533793.105	EA:BE:3E:E6:32:90	JBC_NANO	E;838;29;2;0;350;4;48;48;1200;1200;254;0;0;100;0;5;450;100;
1791533793.464	D7:5B:CA:55:9E:68	JBC_Std	E;806;28;9;0;350;4;20;20;1200;1200;252;0;0;100;0;5;400;100;
1791533793.495	EA:BE:3E:E6:32:90	JBC_NANO	E;838;29;2;0;350;4;48;48;1200;1200;254;0;0;100;0;5;450;100;
1791533793.795	EA:BE:3E:E6:32:90	JBC_NANO	E;838;29;2;0;350;4;48;48;1200;1200;254;0;0;100;0;5;450;100;
1791533793.824	D7:5B:CA:55:9E:68	JBC_Std	E;806;28;9;0;350;4;20;20;1200;1200;252;0;0;100;0;5;400;100;
1791533794.155	EA:BE:3E:E6:32:90	JBC_NANO	E;838;29;2;0;350;4;48;48;1200;1200;254;0;0;100;0;5;450;100;
1791533794.184	D7:5B:CA:55:9E:68	JBC_Std	E;806;28;9;0;350;4;20;20;1200;1200;252;0;0;100;0;5;400;100;
1791533794.485	EA:BE:3E:E6:32:90	JBC_NANO	E;838;30;2;0;350;4;48;48;1200;1200;254;0;0;100;0;5;450;100;
1791533794.514	D7:5B:CA:55:9E:68	JBC_Std	E;806;27;9;0;350;4;20;20;1200;1200;252;0;0;100;0;5;400;100;
1791533794.786	EA:BE:3E:E6:32:90	JBC_NANO	E;838;30;2;0;350;4;48;48;1200;1200;254;0;0;100;0;5;450;100;
1791533794.904	D7:5B:CA:55:9E:68	JBC_Std	E;806;27;9;0;350;4;20;20;1200;1200;252;0;0;100;0;5;400;100;
1791533795.234	EA:BE:3E:E6:32:90	JBC_NANO	E;838;30;2;0;350;4;48;48;1200;1200;254;0;0;100;0;5;450;100;
1791533795.294	D7:5B:CA:55:9E:68	JBC_Std	E;806;27;9;0;350;4;20;20;1200;1200;252;0;0;100;0;5;400;100;
1791533795.595	EA:BE:3E:E6:32:90	JBC_NANO	E;838;30;2;0;350;4;48;48;1200;1200;254;0;0;100;0;5;450;100;
1791533795.624	D7:5B:CA:55:9E:68	JBC_Std	E;806;27;9;0;350;4;20;20;1200;1200;252;0;0;100;0;5;400;100;
1791533795.955	EA:BE:3E:E6:32:90	JBC_NANO	E;838;29;2;0;350;4;48;48;1200;1200;254;0;0;100;0;5;450;100;
1791533795.985	D7:5B:CA:55:9E:68	JBC_Std	E;806;27;9;0;350;4;20;20;1200;1200;252;0;0;100;0;5;400;100;
1791533796.315	D7:5B:CA:55:9E:68	JBC_Std	E;806;27;9;0;350;4;20;20;1200;1200;252;0;0;100;0;5;400;100;
1791533796.345	EA:BE:3E:E6:32:90	JBC_NANO	E;838;29;2;0;350;4;48;48;1200;1200;254;0;0;100;0;5;450;100;
1791533796.674	D7:5B:CA:55:9E:68	JBC_Std	E;806;27;9;0;350;4;20;20;1200;1200;252;0;0;100;0;5;400;100;
1791533796.705	EA:BE:3E:E6:32:90	JBC_NANO	E;838;29;2;0;350;4;48;48;1200;1200;254;0;0;100;0;5;450;100;
1791533797.004	D7:5B:CA:55:9E:68	JBC_Std	E;806;27;9;0;350;4;20;20;1200;1200;252;0;0;100;0;5;400;100;
1791533797.034	EA:BE:3E:E6:32:90	JBC_NANO	E;838;29;2;0;350;4;48;48;1200;1200;254;0;0;100;0;5;450;100;
1791533797.394	D7:5B:CA:55:9E:68	JBC_Std	E;806;27;9;0;350;4;20;20;1200;1200;252;0;0;100;0;5;400;100;
1791533797.424	EA:BE:3E:E6:32:90	JBC_NANO	E;838;29;2;0;350;4;48;48;1200;1200;254;0;0;100;0;5;450;100;
1791533797.785	EA:BE:3E:E6:32:90	JBC_NANO	E;838;29;2;0;350;4;48;48;1200;1200;254;0;0;100;0;5;450;100;
1791533797.814	D7:5B:CA:55:9E:68	JBC_Std	E;806;27;9;0;350;4;20;20;1200;1200;252;0;0;100;0;5;400;100;
1791533798.145	EA:BE:3E:E6:32:90	JBC_NANO	E;838;28;2;0;350;4;48;48;1200;1200;254;0;0;100;0;5;450;100;
1791533798.204	D7:5B:CA:55:9E:68	JBC_Std	E;806;27;9;0;350;4;20;20;1200;1200;252;0;0;100;0;5;400;100;
1791533798.475	EA:BE:3E:E6:32:90	JBC_NANO	E;838;29;2;0;350;4;48;48;1200;1200;254;0;0;100;0;5;450;100;
1791533798.564	D7:5B:CA:55:9E:68	JBC_Std	E;806;28;9;0;350;4;20;20;1200;1200;252;0;0;100;0;5;400;100;
1791533798.835	EA:BE:3E:E6:32:90	JBC_NANO	E;838;29;2;0;350;4;48;48;1200;1200;254;0;0;100;0;5;450;100;
1791533798.955	D7:5B:CA:55:9E:68	JBC_Std	E;806;27;9;0;350;4;20;20;1200;1200;252;0;0;100;0;5;400;100;
1791533799.224	EA:BE:3E:E6:32:90	JBC_NANO	E;838;29;2;0;350;4;48;48;1200;1200;254;0;0;100;0;5;450;100;
1791533799.374	D7:5B:CA:55:9E:68	JBC_Std	E;806;27;9;0;350;4;20;20;1200;1200;252;0;0;100;0;5;400;100;
1791533799.615	EA:BE:3E:E6:32:90	JBC_NANO	E;838;29;2;0;350;4;48;48;1200;1200;254;0;0;100;0;5;450;100;
1791533799.704	D7:5B:CA:55:9E:68	JBC_Std	E;806;27;9;0;350;4;20;20;1200;1200;252;0;0;100;0;5;400;100;
1791533799.975	EA:BE:3E:E6:32:90	JBC_NANO	E;838;29;2;0;350;4;48;48;1200;1200;254;0;0;100;0;5;450;100;
1791533800.004	D7:5B:CA:55:9E:68	JBC_Std	E;806;26;9;0;350;4;20;20;1200;1200;252;0;0;100;0;5;400;100;
1791533800.334	EA:BE:3E:E6:32:90	JBC_NANO	E;838;28;2;0;350;4;48;48;1200;1200;254;0;0;100;0;5;450;100;
1791533800.364	D7:5B:CA:55:9E:68	JBC_Std	E;806;27;9;0;350;4;20;20;1200;1200;252;0;0;100;0;5;400;100;
1791533800.695	EA:BE:3E:E6:32:90	JBC_NANO	E;838;29;2;0;350;4;48;48;1200;1200;254;0;0;100;0;5;450;100;
1791533800.783	D7:5B:CA:55:9E:68	JBC_Std	E;806;27;9;0;350;4;20;20;1200;1200;252;0;0;100;0;5;400;100;
1791533801.085	EA:BE:3E:E6:32:90	JBC_NANO	E;838;29;2;0;350;4;48;48;1200;1200;254;0;0;100;0;5;450;100;
1791533801.114	D7:5B:CA:55:9E:68	JBC_Std	E;806;27;9;0;350;4;20;20;1200;1200;252;0;0;100;0;5;400;100;
1791533801.384	EA:BE:3E:E6:32:90	JBC_NANO	E;838;29;2;0;350;4;48;48;1200;1200;254;0;0;100;0;5;450;100;
1791533801.474	D7:5B:CA:55:9E:68	JBC_Std	E;806;27;9;0;350;4;20;20;1200;1200;252;0;0;100;0;5;400;100;
1791533801.716	EA:BE:3E:E6:32:90	JBC_NANO	E;838;29;2;0;350;4;48;48;1200;1200;254;0;0;100;0;5;450;100;
1791533801.864	D7:5B:CA:55:9E:68	JBC_Std	E;806;27;9;0;350;4;20;20;1200;1200;252;0;0;100;0;5;400;100;
1791533802.074	EA:BE:3E:E6:32:90	JBC_NANO	E;838;30;2;0;350;4;48;48;1200;1200;254;0;0;100;0;5;450;100;
1791533802.254	D7:5B:CA:55:9E:68	JBC_Std	E;806;27;9;0;350;4;20;20;1200;1200;252;0;0;100;0;5;400;100;
1791533802.404	EA:BE:3E:E6:32:90	JBC_NANO	E;838;29;2;0;350;4;48;48;1200;1200;254;0;0;100;0;5;450;100;
1791533802.613	D7:5B:CA:55:9E:68	JBC_Std	E;806;27;9;0;350;4;20;20;1200;1200;252;0;0;100;0;5;400;100;
1791533802.765	EA:BE:3E:E6:32:90	JBC_NANO	E;838;29;2;0;350;4;48;48;1200;1200;254;0;0;100;0;5;450;100;
1791533802.944	D7:5B:CA:55:9E:68	JBC_Std	E;806;27;9;0;350;4;20;20;1200;1200;252;0;0;100;0;5;400;100;
1791533803.095	EA:BE:3E:E6:32:90	JBC_NANO	E;838;30;2;0;350;4;48;48;1200;1200;254;0;0;100;0;5;450;100;
1791533803.304	D7:5B:CA:55:9E:68	JBC_Std	E;806;27;9;0;350;4;20;20;1200;1200;252;0;0;100;0;5;400;100;
1791533803.454	EA:BE:3E:E6:32:90	JBC_NANO	E;838;29;2;0;350;4;48;48;1200;1200;254;0;0;100;0;5;450;100;
1791533803.634	D7:5B:CA:55:9E:68	JBC_Std	E;806;27;9;0;350;4;20;20;1200;1200;252;0;0;100;0;5;400;100;
1791533803.785	EA:BE:3E:E6:32:90	JBC_NANO	E;838;29;2;0;350;4;48;48;1200;1200;254;0;0;100;0;5;450;100;
1791533803.994	D7:5B:CA:55:9E:68	JBC_Std	E;806;27;9;0;350;4;20;20;1200;1200;252;0;0;100;0;5;400;100;
1791533804.144	EA:BE:3E:E6:32:90	JBC_NANO	E;838;29;2;0;350;4;48;48;1200;1200;254;0;0;100;0;5;450;100;
1791533804.384	D7:5B:CA:55:9E:68	JBC_Std	E;806;27;9;0;350;4;20;20;1200;1200;252;0;0;100;0;5;400;100;
1791533804.475	EA:BE:3E:E6:32:90	JBC_NANO	E;838;29;2;0;350;4;48;48;1200;1200;254;0;0;100;0;5;450;100;
1791533804.744	D7:5B:CA:55:9E:68	JBC_Std	E;806;27;9;0;350;4;20;20;1200;1200;252;0;0;100;0;5;400;100;
1791533804.834	EA:BE:3E:E6:32:90	JBC_NANO	E;838;29;2;0;350;4;48;48;1200;1200;254;0;0;100;0;5;450;100;
1791533805.073	D7:5B:CA:55:9E:68	JBC_Std	E;806;28;9;0;350;4;20;20;1200;1200;252;0;0;100;0;5;400;100;
1791533805.164	EA:BE:3E:E6:32:90	JBC_NANO	E;838;29;2;0;350;4;48;48;1200;1200;254;0;0;100;0;5;450;100;
1791533805.434	D7:5B:CA:55:9E:68	JBC_Std	E;806;28;9;0;350;4;20;20;1200;1200;252;0;0;100;0;5;400;100;
1791533805.524	EA:BE:3E:E6:32:90	JBC_NANO	E;838;29;2;0;350;4;48;48;1200;1200;254;0;0;100;0;5;450;100;
1791533805.764	D7:5B:CA:55:9E:68	JBC_Std	E;806;28;9;0;350;4;20;20;1200;1200;252;0;0;100;0;5;400;100;
1791533805.855	EA:BE:3E:E6:32:90	JBC_NANO	E;838;29;2;0;350;4;48;48;1200;1200;254;0;0;100;0;5;450;100;
1791533806.124	D7:5B:CA:55:9E:68	JBC_Std	E;806;28;9;0;350;4;20;20;1200;1200;252;0;0;100;0;5;400;100;
1791533806.155	EA:BE:3E:E6:32:90	JBC_NANO	E;838;29;2;0;350;4;48;48;1200;1200;254;0;0;100;0;5;450;100;
1791533806.484	D7:5B:CA:55:9E:68	JBC_Std	E;806;28;9;0;350;4;20;20;1200;1200;252;0;0;100;0;5;400;100;
1791533806.514	EA:BE:3E:E6:32:90	JBC_NANO	E;838;29;2;0;350;4;48;48;1200;1200;254;0;0;100;0;5;450;100;
1791533806.844	D7:5B:CA:55:9E:68	JBC_Std	E;806;27;9;0;350;4;20;20;1200;1200;252;0;0;100;0;5;400;100;
1791533806.874	EA:BE:3E:E6:32:90	JBC_NANO	E;838;30;2;0;350;4;48;48;1200;1200;254;0;0;100;0;5;450;100;
1791533807.144	D7:5B:CA:55:9E:68	JBC_Std	E;806;27;9;0;350;4;20;20;1200;1200;252;0;0;100;0;5;400;100;
1791533807.234	EA:BE:3E:E6:32:90	JBC_NANO	E;838;30;2;0;350;4;48;48;1200;1200;254;0;0;100;0;5;450;100;
1791533807.504	D7:5B:CA:55:9E:68	JBC_Std	E;806;26;9;0;350;4;20;20;1200;1200;252;0;0;100;0;5;400;100;
1791533807.534	EA:BE:3E:E6:32:90	JBC_NANO	E;838;30;2;0;350;4;48;48;1200;1200;254;0;0;100;0;5;450;100;
1791533807.864	D7:5B:CA:55:9E:68	JBC_Std	E;806;26;9;0;350;4;20;20;1200;1200;252;0;0;100;0;5;400;100;
1791533807.894	EA:BE:3E:E6:32:90	JBC_NANO	E;838;29;2;0;350;4;48;48;1200;1200;254;0;0;100;0;5;450;100;
1791533808.224	D7:5B:CA:55:9E:68	JBC_Std	E;806;26;9;0;350;4;20;20;1200;1200;252;0;0;100;0;5;400;100;
1791533808.254	EA:BE:3E:E6:32:90	JBC_NANO	E;838;28;2;0;350;4;48;48;1200;1200;254;0;0;100;0;5;450;100;
1791533808.553	D7:5B:CA:55:9E:68	JBC_Std	E;806;27;9;0;350;4;20;20;1200;1200;252;0;0;100;0;5;400;100;
1791533808.584	EA:BE:3E:E6:32:90	JBC_NANO	E;838;28;2;0;350;4;48;48;1200;1200;254;0;0;100;0;5;450;100;
1791533808.914	D7:5B:CA:55:9E:68	JBC_Std	E;806;27;9;0;350;4;20;20;1200;1200;252;0;0;100;0;5;400;100;
1791533808.945	EA:BE:3E:E6:32:90	JBC_NANO	E;838;28;2;0;350;4;48;48;1200;1200;254;0;0;100;0;5;450;100;
1791533809.244	D7:5B:CA:55:9E:68	JBC_Std	E;806;28;9;0;350;4;20;20;1200;1200;252;0;0;100;0;5;400;100;
1791533809.274	EA:BE:3E:E6:32:90	JBC_NANO	E;838;29;2;0;350;4;48;48;1200;1200;254;0;0;100;0;5;450;100;
1791533809.604	D7:5B:CA:55:9E:68	JBC_Std	E;806;28;9;0;350;4;20;20;1200;1200;252;0;0;100;0;5;400;100;
1791533809.635	EA:BE:3E:E6:32:90	JBC_NANO	E;838;29;2;0;350;4;48;48;1200;1200;254;0;0;100;0;5;450;100;
1791533809.934	D7:5B:CA:55:9E:68	JBC_Std	E;806;27;9;0;350;4;20;20;1200;1200;252;0;0;100;0;5;400;100;
1791533809.965	EA:BE:3E:E6:32:90	JBC_NANO	E;838;29;2;0;350;4;48;48;1200;1200;254;0;0;100;0;5;450;100;
1791533810.294	D7:5B:CA:55:9E:68	JBC_Std	E;806;27;9;0;350;4;20;20;1200;1200;252;0;0;100;0;5;400;100;
1791533810.324	EA:BE:3E:E6:32:90	JBC_NANO	E;838;28;2;0;350;4;48;48;1200;1200;254;0;0;100;0;5;450;100;
1791533810.654	D7:5B:CA:55:9E:68	JBC_Std	E;806;27;9;0;350;4;20;20;1200;1200;252;0;0;100;0;5;400;100;
1791533810.684	EA:BE:3E:E6:32:90	JBC_NANO	E;838;28;2;0;350;4;48;48;1200;1200;254;0;0;100;0;5;450;100;
1791533811.014	D7:5B:CA:55:9E:68	JBC_Std	E;806;28;9;0;350;4;20;20;1200;1200;252;0;0;100;0;5;400;100;
1791533811.044	EA:BE:3E:E6:32:90	JBC_NANO	E;838;28;2;0;350;4;48;48;1200;1200;254;0;0;100;0;5;450;100;
1791533811.313	D7:5B:CA:55:9E:68	JBC_Std	E;806;28;9;0;350;4;20;20;1200;1200;252;0;0;100;0;5;400;100;
1791533811.404	EA:BE:3E:E6:32:90	JBC_NANO	E;838;28;2;0;350;4;48;48;1200;1200;254;0;0;100;0;5;450;100;
1791533811.704	D7:5B:CA:55:9E:68	JBC_Std	E;806;28;9;0;350;4;20;20;1200;1200;252;0;0;100;0;5;400;100;
1791533811.735	EA:BE:3E:E6:32:90	JBC_NANO	E;838;29;2;0;350;4;48;48;1200;1200;254;0;0;100;0;5;450;100;
1791533812.064	D7:5B:CA:55:9E:68	JBC_Std	E;806;28;9;0;350;4;20;20;1200;1200;252;0;0;100;0;5;400;100;
1791533812.094	EA:BE:3E:E6:32:90	JBC_NANO	E;838;29;2;0;350;4;48;48;1200;1200;254;0;0;100;0;5;450;100;
1791533812.424	D7:5B:CA:55:9E:68	JBC_Std	E;806;27;9;0;350;4;20;20;1200;1200;252;0;0;100;0;5;400;100;
1791533812.454	EA:BE:3E:E6:32:90	JBC_NANO	E;838;29;2;0;350;4;48;48;1200;1200;254;0;0;100;0;5;450;100;
1791533812.784	D7:5B:CA:55:9E:68	JBC_Std	E;806;26;9;0;350;4;20;20;1200;1200;252;0;0;100;0;5;400;100;
1791533812.814	EA:BE:3E:E6:32:90	JBC_NANO	E;838;29;2;0;350;4;48;48;1200;1200;254;0;0;100;0;5;450;100;
1791533813.144	D7:5B:CA:55:9E:68	JBC_Std	E;806;26;9;0;350;4;20;20;1200;1200;252;0;0;100;0;5;400;100;
1791533813.174	EA:BE:3E:E6:32:90	JBC_NANO	E;838;29;2;0;350;4;48;48;1200;1200;254;0;0;100;0;5;450;100;
1791533813.504	D7:5B:CA:55:9E:68	JBC_Std	E;806;26;9;0;350;4;20;20;1200;1200;252;0;0;100;0;5;400;100;
1791533813.534	EA:BE:3E:E6:32:90	JBC_NANO	E;838;29;2;0;350;4;48;48;1200;1200;254;0;0;100;0;5;450;100;
1791533813.864	EA:BE:3E:E6:32:90	JBC_NANO	E;838;29;2;0;350;4;48;48;1200;1200;254;0;0;100;0;5;450;100;
1791533813.894	D7:5B:CA:55:9E:68	JBC_Std	E;806;26;9;0;350;4;20;20;1200;1200;252;0;0;100;0;5;400;100;
1791533814.224	EA:BE:3E:E6:32:90	JBC_NANO	E;838;29;2;0;350;4;48;48;1200;1200;254;0;0;100;0;5;450;100;
1791533814.254	D7:5B:CA:55:9E:68	JBC_Std	E;806;27;9;0;350;4;20;20;1200;1200;252;0;0;100;0;5;400;100;
1791533814.584	EA:BE:3E:E6:32:90	JBC_NANO	E;838;29;2;0;350;4;48;48;1200;1200;254;0;0;100;0;5;450;100;
1791533814.644	D7:5B:CA:55:9E:68	JBC_Std	E;806;27;9;0;350;4;20;20;1200;1200;252;0;0;100;0;5;400;100;
1791533814.914	EA:BE:3E:E6:32:90	JBC_NANO	E;838;29;2;0;350;4;48;48;1200;1200;254;0;0;100;0;5;450;100;
1791533815.003	D7:5B:CA:55:9E:68	JBC_Std	E;806;27;9;0;350;4;20;20;1200;1200;252;0;0;100;0;5;400;100;
1791533815.304	EA:BE:3E:E6:32:90	JBC_NANO	E;838;29;2;0;350;4;48;48;1200;1200;254;0;0;100;0;5;450;100;
1791533815.334	D7:5B:CA:55:9E:68	JBC_Std	E;806;28;9;0;350;4;20;20;1200;1200;252;0;0;100;0;5;400;100;
1791533815.664	EA:BE:3E:E6:32:90	JBC_NANO	E;838;29;2;0;350;4;48;48;1200;1200;254;0;0;100;0;5;450;100;
1791533815.694	D7:5B:CA:55:9E:68	JBC_Std	E;806;28;9;0;350;4;20;20;1200;1200;252;0;0;100;0;5;400;100;
1791533815.994	EA:BE:3E:E6:32:90	JBC_NANO	E;838;29;2;0;350;4;48;48;1200;1200;254;0;0;100;0;5;450;100;
1791533816.023	D7:5B:CA:55:9E:68	JBC_Std	E;806;28;9;0;350;4;20;20;1200;1200;252;0;0;100;0;5;400;100;
1791533816.354	EA:BE:3E:E6:32:90	JBC_NANO	E;838;29;2;0;350;4;48;48;1200;1200;254;0;0;100;0;5;450;100;
1791533816.383	D7:5B:CA:55:9E:68	JBC_Std	E;806;27;9;0;350;4;20;20;1200;1200;252;0;0;100;0;5;400;100;
1791533816.684	EA:BE:3E:E6:32:90	JBC_NANO	E;838;29;2;0;350;4;48;48;1200;1200;254;0;0;100;0;5;450;100;
1791533816.713	D7:5B:CA:55:9E:68	JBC_Std	E;806;27;9;0;350;4;20;20;1200;1200;252;0;0;100;0;5;400;100;
1791533817.074	EA:BE:3E:E6:32:90	JBC_NANO	E;838;29;2;0;350;4;48;48;1200;1200;254;0;0;100;0;5;450;100;
1791533817.104	D7:5B:CA:55:9E:68	JBC_Std	E;806;26;9;0;350;4;20;20;1200;1200;252;0;0;100;0;5;400;100;
1791533817.374	EA:BE:3E:E6:32:90	JBC_NANO	E;838;29;2;0;350;4;48;48;1200;1200;254;0;0;100;0;5;450;100;
1791533817.464	D7:5B:CA:55:9E:68	JBC_Std	E;806;26;9;0;350;4;20;20;1200;1200;252;0;0;100;0;5;400;100;
1791533817.734	EA:BE:3E:E6:32:90	JBC_NANO	E;838;29;2;0;350;4;48;48;1200;1200;254;0;0;100;0;5;450;100;
1791533817.854	D7:5B:CA:55:9E:68	JBC_Std	E;806;27;9;0;350;4;20;20;1200;1200;252;0;0;100;0;5;400;100;
1791533818.124	EA:BE:3E:E6:32:90	JBC_NANO	E;838;29;2;0;350;4;48;48;1200;1200;254;0;0;100;0;5;450;100;
1791533818.214	D7:5B:CA:55:9E:68	JBC_Std	E;806;27;9;0;350;4;20;20;1200;1200;252;0;0;100;0;5;400;100;
1791533818.484	EA:BE:3E:E6:32:90	JBC_NANO	E;838;29;2;0;350;4;48;48;1200;1200;254;0;0;100;0;5;450;100;
1791533818.573	D7:5B:CA:55:9E:68	JBC_Std	E;806;27;9;0;350;4;20;20;1200;1200;252;0;0;100;0;5;400;100;
1791533818.844	EA:BE:3E:E6:32:90	JBC_NANO	E;838;28;2;0;350;4;48;48;1200;1200;254;0;0;100;0;5;450;100;
1791533818.936	D7:5B:CA:55:9E:68	JBC_Std	E;806;27;9;0;350;4;20;20;1200;1200;252;0;0;100;0;5;400;100;
1791533819.204	EA:BE:3E:E6:32:90	JBC_NANO	E;838;28;2;0;350;4;48;48;1200;1200;254;0;0;100;0;5;450;100;
1791533819.294	D7:5B:CA:55:9E:68	JBC_Std	E;806;27;9;0;350;4;20;20;1200;1200;252;0;0;100;0;5;400;100;
1791533819.564	EA:BE:3E:E6:32:90	JBC_NANO	E;838;31;0;6;350;4;48;47;1200;1199;254;0;0;100;0;5;450;100;
1791533819.654	D7:5B:CA:55:9E:68	JBC_Std	E;806;27;9;0;350;4;20;20;1200;1200;252;0;0;100;0;5;400;100;
1791533819.954	EA:BE:3E:E6:32:90	JBC_NANO	E;838;33;0;19;350;4;48;48;1200;1200;254;0;0;100;0;5;450;100;
1791533820.044	D7:5B:CA:55:9E:68	JBC_Std	E;806;27;9;0;350;4;20;20;1200;1200;252;0;0;100;0;5;400;100;
1791533820.314	EA:BE:3E:E6:32:90	JBC_NANO	E;838;36;0;35;350;4;48;48;1200;1200;254;0;0;100;0;5;450;100;
1791533820.404	D7:5B:CA:55:9E:68	JBC_Std	E;806;26;9;0;350;4;20;20;1200;1200;252;0;0;100;0;5;400;100;
1791533820.674	EA:BE:3E:E6:32:90	JBC_NANO	E;837;69;0;52;350;4;48;48;1200;1200;254;0;0;100;0;5;450;100;
1791533820.764	D7:5B:CA:55:9E:68	JBC_Std	E;806;26;9;0;350;4;20;20;1200;1200;252;0;0;100;0;5;400;100;
1791533821.034	EA:BE:3E:E6:32:90	JBC_NANO	E;837;100;0;70;350;4;48;47;1200;1199;254;0;0;100;0;5;450;100;
1791533821.183	D7:5B:CA:55:9E:68	JBC_Std	E;806;26;9;0;350;4;20;20;1200;1200;252;0;0;100;0;5;400;100;
1791533821.395	EA:BE:3E:E6:32:90	JBC_NANO	E;837;130;0;86;350;4;48;48;1200;1200;254;0;0;100;0;5;450;100;
1791533821.603	D7:5B:CA:55:9E:68	JBC_Std	E;806;26;9;0;350;4;20;20;1200;1200;252;0;0;100;0;5;400;100;
1791533821.754	EA:BE:3E:E6:32:90	JBC_NANO	E;837;188;0;94;350;4;48;48;1200;1200;254;0;0;100;0;5;450;100;
1791533821.874	D7:5B:CA:55:9E:68	JBC_Std	E;806;26;9;0;350;4;20;20;1200;1200;252;0;0;100;0;5;400;100;
1791533822.144	EA:BE:3E:E6:32:90	JBC_NANO	E;836;224;0;98;350;4;48;46;1200;1198;254;0;0;100;0;5;450;100;
1791533822.233	D7:5B:CA:55:9E:68	JBC_Std	E;806;27;9;0;350;4;20;20;1200;1200;252;0;0;100;0;5;400;100;
1791533822.504	EA:BE:3E:E6:32:90	JBC_NANO	E;836;260;0;82;350;4;48;47;1200;1199;254;0;0;100;0;5;450;100;
1791533822.593	D7:5B:CA:55:9E:68	JBC_Std	E;806;27;9;0;350;4;20;20;1200;1200;252;0;0;100;0;5;400;100;
1791533822.864	EA:BE:3E:E6:32:90	JBC_NANO	E;836;297;0;40;350;4;48;47;1200;1199;254;0;0;100;0;5;450;100;
1791533822.953	D7:5B:CA:55:9E:68	JBC_Std	E;806;27;9;0;350;4;20;20;1200;1200;252;0;0;100;0;5;400;100;
1791533823.224	EA:BE:3E:E6:32:90	JBC_NANO	E;836;618;0;19;350;4;48;47;1200;1199;254;0;0;100;0;5;450;100;
1791533823.313	D7:5B:CA:55:9E:68	JBC_Std	E;806;27;9;0;350;4;20;20;1200;1200;252;0;0;100;0;5;400;100;
1791533823.584	EA:BE:3E:E6:32:90	JBC_NANO	E;835;20;1;9;350;4;48;47;1200;1199;254;0;0;100;0;5;450;100;
1791533823.674	D7:5B:CA:55:9E:68	JBC_Std	E;806;27;9;0;350;4;20;20;1200;1200;252;0;0;100;0;5;400;100;
1791533823.974	EA:BE:3E:E6:32:90	JBC_NANO	E;835;20;1;4;350;4;48;46;1200;1198;254;0;0;100;0;5;450;100;
1791533824.003	D7:5B:CA:55:9E:68	JBC_Std	E;806;27;9;0;350;4;20;20;1200;1200;252;0;0;100;0;5;400;100;
1791533824.334	EA:BE:3E:E6:32:90	JBC_NANO	E;835;20;1;1;350;4;48;44;1200;1196;254;0;0;100;0;5;450;100;
1791533824.363	D7:5B:CA:55:9E:68	JBC_Std	E;806;27;9;0;350;4;20;20;1200;1200;252;0;0;100;0;5;400;100;
1791533824.694	EA:BE:3E:E6:32:90	JBC_NANO	E;835;20;1;0;350;4;48;48;1200;1200;254;0;0;100;0;5;450;100;
1791533824.723	D7:5B:CA:55:9E:68	JBC_Std	E;806;27;9;0;350;4;20;20;1200;1200;252;0;0;100;0;5;400;100;
1791533825.054	EA:BE:3E:E6:32:90	JBC_NANO	E;834;20;1;0;350;4;48;48;1200;1200;254;0;0;100;0;5;450;100;
1791533825.084	D7:5B:CA:55:9E:68	JBC_Std	E;806;27;9;0;350;4;20;20;1200;1200;252;0;0;100;0;5;400;100;
1791533825.414	EA:BE:3E:E6:32:90	JBC_NANO	E;834;20;1;0;350;4;48;48;1200;1200;254;0;0;100;0;5;450;100;
1791533825.443	D7:5B:CA:55:9E:68	JBC_Std	E;806;27;9;0;350;4;20;20;1200;1200;252;0;0;100;0;5;400;100;
1791533825.774	EA:BE:3E:E6:32:90	JBC_NANO	E;834;20;1;0;350;4;48;47;1200;1199;254;0;0;100;0;5;450;100;
1791533825.833	D7:5B:CA:55:9E:68	JBC_Std	E;806;27;9;0;350;4;20;20;1200;1200;252;0;0;100;0;5;400;100;
1791533826.104	EA:BE:3E:E6:32:90	JBC_NANO	E;834;20;1;0;350;4;48;47;1200;1199;254;0;0;100;0;5;450;100;
1791533826.193	D7:5B:CA:55:9E:68	JBC_Std	E;806;27;9;0;350;4;20;20;1200;1200;252;0;0;100;0;5;400;100;
1791533826.464	EA:BE:3E:E6:32:90	JBC_NANO	E;834;20;1;0;350;4;48;48;1200;1200;254;0;0;100;0;5;450;100;
1791533826.553	D7:5B:CA:55:9E:68	JBC_Std	E;806;27;9;0;350;4;20;20;1200;1200;252;0;0;100;0;5;400;100;
1791533826.824	EA:BE:3E:E6:32:90	JBC_NANO	E;833;1551;0;7;350;4;48;48;1200;1200;254;0;0;100;0;5;450;100;
1791533826.914	D7:5B:CA:55:9E:68	JBC_Std	E;806;27;9;0;350;4;20;20;1200;1200;252;0;0;100;0;5;400;100;
1791533827.184	EA:BE:3E:E6:32:90	JBC_NANO	E;833;1551;0;20;350;4;48;47;1200;1199;254;0;0;100;0;5;450;100;
1791533827.273	D7:5B:CA:55:9E:68	JBC_Std	E;806;27;9;0;350;4;20;20;1200;1200;252;0;0;100;0;5;400;100;
1791533827.544	EA:BE:3E:E6:32:90	JBC_NANO	E;833;1185;0;36;350;4;48;48;1200;1200;254;0;0;100;0;5;450;100;
1791533827.633	D7:5B:CA:55:9E:68	JBC_Std	E;806;28;9;0;350;4;20;20;1200;1200;252;0;0;100;0;5;400;100;
1791533827.934	EA:BE:3E:E6:32:90	JBC_NANO	E;833;822;0;53;350;4;48;48;1200;1200;254;0;0;100;0;5;450;100;
1791533827.963	D7:5B:CA:55:9E:68	JBC_Std	E;806;27;9;0;350;4;20;20;1200;1200;252;0;0;100;0;5;400;100;
1791533828.294	EA:BE:3E:E6:32:90	JBC_NANO	E;832;465;0;71;350;4;48;47;1200;1199;254;0;0;100;0;5;450;100;
1791533828.323	D7:5B:CA:55:9E:68	JBC_Std	E;806;28;9;0;350;4;20;20;1200;1200;252;0;0;100;0;5;400;100;
1791533828.653	EA:BE:3E:E6:32:90	JBC_NANO	E;832;113;0;86;350;4;48;48;1200;1200;254;0;0;100;0;5;450;100;
1791533828.683	D7:5B:CA:55:9E:68	JBC_Std	E;806;27;9;0;350;4;20;20;1200;1200;252;0;0;100;0;5;400;100;
1791533829.014	EA:BE:3E:E6:32:90	JBC_NANO	E;832;134;0;94;350;4;48;47;1200;1199;254;0;0;100;0;5;450;100;
1791533829.043	D7:5B:CA:55:9E:68	JBC_Std	E;806;27;9;0;350;4;20;20;1200;1200;252;0;0;100;0;5;400;100;
1791533829.374	EA:BE:3E:E6:32:90	JBC_NANO	E;832;153;0;98;350;4;48;48;1200;1200;254;0;0;100;0;5;450;100;
1791533829.403	D7:5B:CA:55:9E:68	JBC_Std	E;806;28;9;0;350;4;20;20;1200;1200;252;0;0;100;0;5;400;100;
1791533829.734	EA:BE:3E:E6:32:90	JBC_NANO	E;831;172;0;100;350;4;48;48;1200;1200;254;0;0;100;0;5;450;100;
1791533829.763	D7:5B:CA:55:9E:68	JBC_Std	E;806;27;9;0;350;4;20;20;1200;1200;252;0;0;100;0;5;400;100;
1791533830.064	EA:BE:3E:E6:32:90	JBC_NANO	E;831;191;0;100;350;4;48;48;1200;1200;254;0;0;100;0;5;450;100;
1791533830.093	D7:5B:CA:55:9E:68	JBC_Std	E;806;28;9;0;350;4;20;20;1200;1200;252;0;0;100;0;5;400;100;
1791533830.394	D7:5B:CA:55:9E:68	JBC_Std	E;806;27;9;0;350;4;20;20;1200;1200;252;0;0;100;0;5;400;100;
1791533830.424	EA:BE:3E:E6:32:90	JBC_NANO	E;831;210;0;100;350;4;48;47;1200;1199;254;0;0;100;0;5;450;100;
1791533830.754	D7:5B:CA:55:9E:68	JBC_Std	E;806;26;9;0;350;4;20;20;1200;1200;252;0;0;100;0;5;400;100;
1791533830.783	EA:BE:3E:E6:32:90	JBC_NANO	E;831;229;0;100;350;4;48;47;1200;1199;254;0;0;100;0;5;450;100;
1791533831.056	D7:5B:CA:55:9E:68	JBC_Std	E;806;26;9;0;350;4;20;20;1200;1200;252;0;0;100;0;5;400;100;
1791533831.144	EA:BE:3E:E6:32:90	JBC_NANO	E;830;249;0;100;350;4;48;48;1200;1200;254;0;0;100;0;5;450;100;
1791533831.413	D7:5B:CA:55:9E:68	JBC_Std	E;806;26;9;0;350;4;20;20;1200;1200;252;0;0;100;0;5;400;100;
1791533831.504	EA:BE:3E:E6:32:90	JBC_NANO	E;830;269;0;100;350;4;48;47;1200;1199;254;0;0;100;0;5;450;100;
1791533831.803	D7:5B:CA:55:9E:68	JBC_Std	E;806;26;9;0;350;4;20;20;1200;1200;252;0;0;100;0;5;400;100;
1791533831.836	EA:BE:3E:E6:32:90	JBC_NANO	E;830;288;0;100;350;4;48;48;1200;1200;254;0;0;100;0;5;450;100;
1791533832.133	D7:5B:CA:55:9E:68	JBC_Std	E;806;26;9;0;350;4;20;20;1200;1200;252;0;0;100;0;5;400;100;
1791533832.224	EA:BE:3E:E6:32:90	JBC_NANO	E;830;307;0;100;350;4;48;48;1200;1200;254;0;0;100;0;5;450;100;
1791533832.493	D7:5B:CA:55:9E:68	JBC_Std	E;806;27;9;0;350;4;20;20;1200;1200;252;0;0;100;0;5;400;100;
1791533832.525	EA:BE:3E:E6:32:90	JBC_NANO	E;829;323;0;88;350;4;48;48;1200;1200;254;0;0;100;0;5;450;100;
1791533832.823	D7:5B:CA:55:9E:68	JBC_Std	E;806;27;9;0;350;4;20;20;1200;1200;252;0;0;100;0;5;400;100;
1791533832.914	EA:BE:3E:E6:32:90	JBC_NANO	E;829;336;0;65;350;4;48;48;1200;1200;254;0;0;100;0;5;450;100;
1791533833.183	D7:5B:CA:55:9E:68	JBC_Std	E;806;27;9;0;350;4;20;20;1200;1200;252;0;0;100;0;5;400;100;
1791533833.216	EA:BE:3E:E6:32:90	JBC_NANO	E;829;343;0;49;350;4;48;47;1200;1199;254;0;0;100;0;5;450;100;
1791533833.513	D7:5B:CA:55:9E:68	JBC_Std	E;806;27;9;0;350;4;20;20;1200;1200;252;0;0;100;0;5;400;100;
1791533833.603	EA:BE:3E:E6:32:90	JBC_NANO	E;829;347;0;40;350;4;48;48;1200;1200;255;0;0;100;0;5;450;100;
1791533833.873	D7:5B:CA:55:9E:68	JBC_Std	E;806;27;9;0;350;4;20;20;1200;1200;252;0;0;100;0;5;400;100;
1791533833.904	EA:BE:3E:E6:32:90	JBC_NANO	E;829;349;0;35;350;4;48;48;1200;1200;255;0;0;100;0;5;450;100;
1791533834.233	D7:5B:CA:55:9E:68	JBC_Std	E;806;27;9;0;350;4;20;20;1200;1200;252;0;0;100;0;5;400;100;
1791533834.264	EA:BE:3E:E6:32:90	JBC_NANO	E;828;349;0;31;350;4;48;47;1200;1199;255;0;0;100;0;5;450;100;
1791533834.565	EA:BE:3E:E6:32:90	JBC_NANO	E;828;351;0;28;350;4;48;48;1200;1200;255;0;0;100;0;5;450;100;
1791533834.623	D7:5B:CA:55:9E:68	JBC_Std	E;806;27;9;0;350;4;20;20;1200;1200;252;0;0;100;0;5;400;100;
1791533834.953	EA:BE:3E:E6:32:90	JBC_NANO	E;828;350;0;29;350;4;48;47;1200;1199;255;0;0;100;0;5;450;100;
1791533834.983	D7:5B:CA:55:9E:68	JBC_Std	E;806;27;9;0;350;4;20;20;1200;1200;252;0;0;100;0;5;400;100;
1791533835.255	EA:BE:3E:E6:32:90	JBC_NANO	E;828;349;0;29;350;4;48;47;1200;1199;255;0;0;100;0;5;450;100;
1791533835.373	D7:5B:CA:55:9E:68	JBC_Std	E;806;28;9;0;350;4;20;20;1200;1200;252;0;0;100;0;5;400;100;
1791533835.704	EA:BE:3E:E6:32:90	JBC_NANO	E;827;348;2;14;350;4;48;48;1200;1200;255;0;0;100;0;5;450;100;
1791533835.734	D7:5B:CA:55:9E:68	JBC_Std	E;806;28;9;0;350;4;20;20;1200;1200;252;0;0;100;0;5;400;100;
1791533836.063	D7:5B:CA:55:9E:68	JBC_Std	E;806;27;9;0;350;4;20;20;1200;1200;252;0;0;100;0;5;400;100;
1791533836.093	EA:BE:3E:E6:32:90	JBC_NANO	E;827;345;2;6;350;4;48;48;1200;1200;255;0;0;100;0;5;450;100;
1791533836.423	D7:5B:CA:55:9E:68	JBC_Std	E;806;27;9;0;350;4;20;20;1200;1200;252;0;0;100;0;5;400;100;
1791533836.513	EA:BE:3E:E6:32:90	JBC_NANO	E;827;341;2;2;350;4;48;48;1200;1200;255;0;0;100;0;5;450;100;
1791533836.753	D7:5B:CA:55:9E:68	JBC_Std	E;806;27;9;0;350;4;20;20;1200;1200;252;0;0;100;0;5;400;100;
1791533836.844	EA:BE:3E:E6:32:90	JBC_NANO	E;827;336;2;0;350;4;48;48;1200;1200;255;0;0;100;0;5;450;100;
1791533837.233	D7:5B:CA:55:9E:68	JBC_Std	E;806;27;9;0;350;4;20;20;1200;1200;252;0;0;100;0;5;400;100;
1791533837.263	EA:BE:3E:E6:32:90	JBC_NANO	E;827;329;2;0;350;4;48;48;1200;1200;255;0;0;100;0;5;450;100;
1791533837.563	EA:BE:3E:E6:32:90	JBC_NANO	E;827;325;2;0;350;4;48;48;1200;1200;255;0;0;100;0;5;450;100;
1791533837.593	D7:5B:CA:55:9E:68	JBC_Std	E;806;27;9;0;350;4;20;20;1200;1200;252;0;0;100;0;5;400;100;
1791533837.923	EA:BE:3E:E6:32:90	JBC_NANO	E;827;322;2;0;350;4;48;48;1200;1200;255;0;0;100;0;5;450;100;
1791533837.953	D7:5B:CA:55:9E:68	JBC_Std	E;806;27;9;0;350;4;20;20;1200;1200;252;0;0;100;0;5;400;100;
1791533838.283	EA:BE:3E:E6:32:90	JBC_NANO	E;827;308;2;0;350;4;48;48;1200;1200;255;0;0;100;0;5;450;100;
1791533838.313	D7:5B:CA:55:9E:68	JBC_Std	E;806;27;9;0;350;4;20;20;1200;1200;252;0;0;100;0;5;400;100;
1791533838.674	EA:BE:3E:E6:32:90	JBC_NANO	E;827;293;2;0;350;4;48;48;1200;1200;255;0;0;100;0;5;450;100;
1791533838.703	D7:5B:CA:55:9E:68	JBC_Std	E;806;27;9;0;350;4;20;20;1200;1200;252;0;0;100;0;5;400;100;
1791533838.973	EA:BE:3E:E6:32:90	JBC_NANO	E;827;278;2;0;350;4;48;48;1200;1200;255;0;0;100;0;5;450;100;
1791533839.064	D7:5B:CA:55:9E:68	JBC_Std	E;806;28;9;0;350;4;20;20;1200;1200;252;0;0;100;0;5;400;100;
1791533839.334	EA:BE:3E:E6:32:90	JBC_NANO	E;827;262;2;0;350;4;48;48;1200;1200;255;0;0;100;0;5;450;100;
1791533839.423	D7:5B:CA:55:9E:68	JBC_Std	E;806;28;9;0;350;4;20;20;1200;1200;252;0;0;100;0;5;400;100;
1791533839.693	EA:BE:3E:E6:32:90	JBC_NANO	E;827;258;2;0;350;4;48;48;1200;1200;255;0;0;100;0;5;450;100;
1791533839.843	D7:5B:CA:55:9E:68	JBC_Std	E;806;27;9;0;350;4;20;20;1200;1200;252;0;0;100;0;5;400;100;
1791533840.054	EA:BE:3E:E6:32:90	JBC_NANO	E;827;254;2;0;350;4;48;48;1200;1200;255;0;0;100;0;5;450;100;
1791533840.203	D7:5B:CA:55:9E:68	JBC_Std	E;806;27;9;0;350;4;20;20;1200;1200;252;0;0;100;0;5;400;100;
1791533840.414	EA:BE:3E:E6:32:90	JBC_NANO	E;827;250;2;0;350;4;48;48;1200;1200;255;0;0;100;0;5;450;100;
1791533840.563	D7:5B:CA:55:9E:68	JBC_Std	E;806;27;9;0;350;4;20;20;1200;1200;252;0;0;100;0;5;400;100;
1791533840.803	EA:BE:3E:E6:32:90	JBC_NANO	E;827;246;2;0;350;4;48;48;1200;1200;255;0;0;100;0;5;450;100;
1791533840.893	D7:5B:CA:55:9E:68	JBC_Std	E;806;27;9;0;350;4;20;20;1200;1200;252;0;0;100;0;5;400;100;
1791533841.163	EA:BE:3E:E6:32:90	JBC_NANO	E;827;241;2;0;350;4;48;48;1200;1200;255;0;0;100;0;5;450;100;
1791533841.253	D7:5B:CA:55:9E:68	JBC_Std	E;806;27;9;0;350;4;20;20;1200;1200;252;0;0;100;0;5;400;100;
1791533841.523	EA:BE:3E:E6:32:90	JBC_NANO	E;828;237;2;0;350;4;48;48;1200;1200;255;0;0;100;0;5;450;100;
1791533841.613	D7:5B:CA:55:9E:68	JBC_Std	E;806;28;9;0;350;4;20;20;1200;1200;252;0;0;100;0;5;400;100;
1791533841.883	EA:BE:3E:E6:32:90	JBC_NANO	E;828;233;2;0;350;4;48;48;1200;1200;255;0;0;100;0;5;450;100;
1791533841.973	D7:5B:CA:55:9E:68	JBC_Std	E;806;28;9;0;350;4;20;20;1200;1200;252;0;0;100;0;5;400;100;
1791533842.243	EA:BE:3E:E6:32:90	JBC_NANO	E;828;229;2;0;350;4;48;48;1200;1200;255;0;0;100;0;5;450;100;
1791533842.333	D7:5B:CA:55:9E:68	JBC_Std	E;806;28;9;0;350;4;20;20;1200;1200;252;0;0;100;0;5;400;100;
1791533842.603	EA:BE:3E:E6:32:90	JBC_NANO	E;828;226;2;0;350;4;48;48;1200;1200;255;0;0;100;0;5;450;100;
1791533842.723	D7:5B:CA:55:9E:68	JBC_Std	E;806;28;9;0;350;4;20;20;1200;1200;252;0;0;100;0;5;400;100;
1791533842.933	EA:BE:3E:E6:32:90	JBC_NANO	E;828;223;2;0;350;4;48;48;1200;1200;255;0;0;100;0;5;450;100;
1791533843.083	D7:5B:CA:55:9E:68	JBC_Std	E;806;28;9;0;350;4;20;20;1200;1200;252;0;0;100;0;5;400;100;
1791533843.294	EA:BE:3E:E6:32:90	JBC_NANO	E;828;219;2;0;350;4;48;48;1200;1200;255;0;0;100;0;5;450;100;
1791533843.443	D7:5B:CA:55:9E:68	JBC_Std	E;806;28;9;0;350;4;20;20;1200;1200;252;0;0;100;0;5;400;100;
1791533843.653	EA:BE:3E:E6:32:90	JBC_NANO	E;828;216;2;0;350;4;48;48;1200;1200;255;0;0;100;0;5;450;100;
1791533843.803	D7:5B:CA:55:9E:68	JBC_Std	E;806;28;9;0;350;4;20;20;1200;1200;252;0;0;100;0;5;400;100;
1791533844.013	EA:BE:3E:E6:32:90	JBC_NANO	E;828;214;2;0;350;4;48;48;1200;1200;255;0;0;100;0;5;450;100;
1791533844.163	D7:5B:CA:55:9E:68	JBC_Std	E;806;27;9;0;350;4;20;20;1200;1200;252;0;0;100;0;5;400;100;
1791533844.374	EA:BE:3E:E6:32:90	JBC_NANO	E;828;211;2;0;350;4;48;48;1200;1200;256;0;0;100;0;5;450;100;
1791533844.523	D7:5B:CA:55:9E:68	JBC_Std	E;806;26;9;0;350;4;20;20;1200;1200;252;0;0;100;0;5;400;100;
1791533844.825	EA:BE:3E:E6:32:90	JBC_NANO	E;828;209;2;0;350;4;48;48;1200;1200;256;0;0;100;0;5;450;100;
1791533844.913	D7:5B:CA:55:9E:68	JBC_Std	E;806;27;9;0;350;4;20;20;1200;1200;252;0;0;100;0;5;400;100;
1791533845.183	EA:BE:3E:E6:32:90	JBC_NANO	E;828;207;2;0;350;4;48;48;1200;1200;256;0;0;100;0;5;450;100;
1791533845.272	D7:5B:CA:55:9E:68	JBC_Std	E;806;27;9;0;350;4;20;20;1200;1200;252;0;0;100;0;5;400;100;
1791533845.543	EA:BE:3E:E6:32:90	JBC_NANO	E;828;203;2;0;350;4;48;48;1200;1200;256;0;0;100;0;5;450;100;
1791533845.663	D7:5B:CA:55:9E:68	JBC_Std	E;806;27;9;0;350;4;20;20;1200;1200;252;0;0;100;0;5;400;100;
1791533845.873	EA:BE:3E:E6:32:90	JBC_NANO	E;828;201;2;0;350;4;48;48;1200;1200;256;0;0;100;0;5;450;100;
1791533846.023	D7:5B:CA:55:9E:68	JBC_Std	E;806;28;9;0;350;4;20;20;1200;1200;252;0;0;100;0;5;400;100;
1791533846.233	EA:BE:3E:E6:32:90	JBC_NANO	E;828;198;2;0;350;4;48;48;1200;1200;256;0;0;100;0;5;450;100;
1791533846.383	D7:5B:CA:55:9E:68	JBC_Std	E;806;28;9;0;350;4;20;20;1200;1200;252;0;0;100;0;5;400;100;
1791533846.593	EA:BE:3E:E6:32:90	JBC_NANO	E;828;196;2;0;350;4;48;48;1200;1200;256;0;0;100;0;5;450;100;
1791533846.772	D7:5B:CA:55:9E:68	JBC_Std	E;806;28;9;0;350;4;20;20;1200;1200;252;0;0;100;0;5;400;100;
1791533846.923	EA:BE:3E:E6:32:90	JBC_NANO	E;828;194;2;0;350;4;48;48;1200;1200;256;0;0;100;0;5;450;100;
1791533847.163	D7:5B:CA:55:9E:68	JBC_Std	E;806;27;9;0;350;4;20;20;1200;1200;252;0;0;100;0;5;400;100;
1791533847.313	EA:BE:3E:E6:32:90	JBC_NANO	E;828;192;2;0;350;4;48;48;1200;1200;256;0;0;100;0;5;450;100;
1791533847.492	D7:5B:CA:55:9E:68	JBC_Std	E;806;27;9;0;350;4;20;20;1200;1200;252;0;0;100;0;5;400;100;
1791533847.644	EA:BE:3E:E6:32:90	JBC_NANO	E;828;190;2;0;350;4;48;48;1200;1200;256;0;0;100;0;5;450;100;
1791533847.853	D7:5B:CA:55:9E:68	JBC_Std	E;806;27;9;0;350;4;20;20;1200;1200;252;0;0;100;0;5;400;100;
1791533848.153	EA:BE:3E:E6:32:90	JBC_NANO	E;828;188;2;0;350;4;48;48;1200;1200;256;0;0;100;0;5;450;100;
1791533848.185	D7:5B:CA:55:9E:68	JBC_Std	E;806;27;9;0;350;4;20;20;1200;1200;252;0;0;100;0;5;400;100;
1791533848.514	EA:BE:3E:E6:32:90	JBC_NANO	E;828;185;2;0;350;4;48;48;1200;1200;256;0;0;100;0;5;450;100;
1791533848.546	D7:5B:CA:55:9E:68	JBC_Std	E;806;27;9;0;350;4;20;20;1200;1200;252;0;0;100;0;5;400;100;
1791533848.904	EA:BE:3E:E6:32:90	JBC_NANO	E;828;183;2;0;350;4;48;48;1200;1200;256;0;0;100;0;5;450;100;
1791533848.932	D7:5B:CA:55:9E:68	JBC_Std	E;806;27;9;0;350;4;20;20;1200;1200;252;0;0;100;0;5;400;100;
1791533849.264	EA:BE:3E:E6:32:90	JBC_NANO	E;828;180;2;0;350;4;48;48;1200;1200;256;0;0;100;0;5;450;100;
1791533849.293	D7:5B:CA:55:9E:68	JBC_Std	E;806;27;9;0;350;4;20;20;1200;1200;252;0;0;100;0;5;400;100;
1791533849.594	EA:BE:3E:E6:32:90	JBC_NANO	E;828;177;2;0;350;4;48;48;1200;1200;256;0;0;100;0;5;450;100;
1791533849.623	D7:5B:CA:55:9E:68	JBC_Std	E;806;27;9;0;350;4;20;20;1200;1200;252;0;0;100;0;5;400;100;
1791533849.953	EA:BE:3E:E6:32:90	JBC_NANO	E;828;175;2;0;350;4;48;48;1200;1200;256;0;0;100;0;5;450;100;
1791533849.983	D7:5B:CA:55:9E:68	JBC_Std	E;806;27;9;0;350;4;20;20;1200;1200;252;0;0;100;0;5;400;100;
1791533850.313	EA:BE:3E:E6:32:90	JBC_NANO	E;828;174;2;0;350;4;48;48;1200;1200;257;0;0;100;0;5;450;100;
1791533850.342	D7:5B:CA:55:9E:68	JBC_Std	E;806;27;9;0;350;4;20;20;1200;1200;252;0;0;100;0;5;400;100;
1791533850.673	EA:BE:3E:E6:32:90	JBC_NANO	E;828;172;2;0;350;4;48;48;1200;1200;257;0;0;100;0;5;450;100;
1791533850.703	D7:5B:CA:55:9E:68	JBC_Std	E;806;27;9;0;350;4;20;20;1200;1200;252;0;0;100;0;5;400;100;
1791533851.033	EA:BE:3E:E6:32:90	JBC_NANO	E;828;169;2;0;350;4;48;48;1200;1200;257;0;0;100;0;5;450;100;
1791533851.063	D7:5B:CA:55:9E:68	JBC_Std	E;806;27;9;0;350;4;20;20;1200;1200;252;0;0;100;0;5;400;100;
1791533851.423	EA:BE:3E:E6:32:90	JBC_NANO	E;828;167;2;0;350;4;48;48;1200;1200;257;0;0;100;0;5;450;100;
1791533851.453	D7:5B:CA:55:9E:68	JBC_Std	E;806;27;9;0;350;4;20;20;1200;1200;252;0;0;100;0;5;400;100;
1791533851.783	EA:BE:3E:E6:32:90	JBC_NANO	E;828;164;2;0;350;4;48;48;1200;1200;257;0;0;100;0;5;450;100;
1791533851.812	D7:5B:CA:55:9E:68	JBC_Std	E;806;27;9;0;350;4;20;20;1200;1200;252;0;0;100;0;5;400;100;
1791533852.143	EA:BE:3E:E6:32:90	JBC_NANO	E;828;162;2;0;350;4;48;48;1200;1200;257;0;0;100;0;5;450;100;
1791533852.173	D7:5B:CA:55:9E:68	JBC_Std	E;806;26;9;0;350;4;20;20;1200;1200;252;0;0;100;0;5;400;100;
1791533852.503	EA:BE:3E:E6:32:90	JBC_NANO	E;829;160;2;0;350;4;48;48;1200;1200;257;0;0;100;0;5;450;100;
1791533852.532	D7:5B:CA:55:9E:68	JBC_Std	E;806;26;9;0;350;4;20;20;1200;1200;252;0;0;100;0;5;400;100;
1791533852.863	EA:BE:3E:E6:32:90	JBC_NANO	E;829;158;2;0;350;4;48;48;1200;1200;257;0;0;100;0;5;450;100;
1791533852.892	D7:5B:CA:55:9E:68	JBC_Std	E;806;27;9;0;350;4;20;20;1200;1200;252;0;0;100;0;5;400;100;
1791533853.223	EA:BE:3E:E6:32:90	JBC_NANO	E;829;156;2;0;350;4;48;48;1200;1200;257;0;0;100;0;5;450;100;
1791533853.313	D7:5B:CA:55:9E:68	JBC_Std	E;806;26;9;0;350;4;20;20;1200;1200;252;0;0;100;0;5;400;100;
1791533853.613	EA:BE:3E:E6:32:90	JBC_NANO	E;829;155;2;0;350;4;48;48;1200;1200;257;0;0;100;0;5;450;100;
1791533853.643	D7:5B:CA:55:9E:68	JBC_Std	E;806;26;9;0;350;4;20;20;1200;1200;252;0;0;100;0;5;400;100;
1791533853.973	EA:BE:3E:E6:32:90	JBC_NANO	E;829;152;2;0;350;4;48;48;1200;1200;257;0;0;100;0;5;450;100;
1791533854.003	D7:5B:CA:55:9E:68	JBC_Std	E;806;26;9;0;350;4;20;20;1200;1200;252;0;0;100;0;5;400;100;
1791533854.333	EA:BE:3E:E6:32:90	JBC_NANO	E;829;151;2;0;350;4;48;48;1200;1200;257;0;0;100;0;5;450;100;
1791533854.363	D7:5B:CA:55:9E:68	JBC_Std	E;806;26;9;0;350;4;20;20;1200;1200;252;0;0;100;0;5;400;100;
1791533854.693	EA:BE:3E:E6:32:90	JBC_NANO	E;829;149;2;0;350;4;48;48;1200;1200;257;0;0;100;0;5;450;100;
1791533854.722	D7:5B:CA:55:9E:68	JBC_Std	E;806;26;9;0;350;4;20;20;1200;1200;252;0;0;100;0;5;400;100;
1791533855.053	EA:BE:3E:E6:32:90	JBC_NANO	E;829;148;2;0;350;4;48;48;1200;1200;257;0;0;100;0;5;450;100;
1791533855.082	D7:5B:CA:55:9E:68	JBC_Std	E;806;26;9;0;350;4;20;20;1200;1200;252;0;0;100;0;5;400;100;
1791533855.443	EA:BE:3E:E6:32:90	JBC_NANO	E;829;146;2;0;350;4;48;48;1200;1200;257;0;0;100;0;5;450;100;
1791533855.472	D7:5B:CA:55:9E:68	JBC_Std	E;806;26;9;0;350;4;20;20;1200;1200;252;0;0;100;0;5;400;100;
1791533855.743	EA:BE:3E:E6:32:90	JBC_NANO	E;829;145;2;0;350;4;48;48;1200;1200;257;0;0;100;0;5;450;100;
1791533855.833	D7:5B:CA:55:9E:68	JBC_Std	E;806;27;9;0;350;4;20;20;1200;1200;252;0;0;100;0;5;400;100;
1791533856.103	EA:BE:3E:E6:32:90	JBC_NANO	E;829;143;2;0;350;4;48;48;1200;1200;257;0;0;100;0;5;450;100;
1791533856.192	D7:5B:CA:55:9E:68	JBC_Std	E;806;26;9;0;350;4;20;20;1200;1200;252;0;0;100;0;5;400;100;
1791533856.463	EA:BE:3E:E6:32:90	JBC_NANO	E;829;141;2;0;350;4;48;48;1200;1200;257;0;0;100;0;5;450;100;
1791533856.553	D7:5B:CA:55:9E:68	JBC_Std	E;806;27;9;0;350;4;20;20;1200;1200;252;0;0;100;0;5;400;100;
1791533856.823	EA:BE:3E:E6:32:90	JBC_NANO	E;829;139;2;0;350;4;48;48;1200;1200;257;0;0;100;0;5;450;100;
1791533856.912	D7:5B:CA:55:9E:68	JBC_Std	E;806;27;9;0;350;4;20;20;1200;1200;252;0;0;100;0;5;400;100;
1791533857.183	EA:BE:3E:E6:32:90	JBC_NANO	E;829;138;2;0;350;4;48;48;1200;1200;257;0;0;100;0;5;450;100;
1791533857.272	D7:5B:CA:55:9E:68	JBC_Std	E;806;27;9;0;350;4;20;20;1200;1200;252;0;0;100;0;5;400;100;
1791533857.603	EA:BE:3E:E6:32:90	JBC_NANO	E;829;137;2;0;350;4;48;48;1200;1200;257;0;0;100;0;5;450;100;
1791533857.632	D7:5B:CA:55:9E:68	JBC_Std	E;806;28;9;0;350;4;20;20;1200;1200;252;0;0;100;0;5;400;100;
1791533857.933	EA:BE:3E:E6:32:90	JBC_NANO	E;829;136;2;0;350;4;48;48;1200;1200;257;0;0;100;0;5;450;100;
1791533857.963	D7:5B:CA:55:9E:68	JBC_Std	E;806;28;9;0;350;4;20;20;1200;1200;252;0;0;100;0;5;400;100;
1791533858.324	EA:BE:3E:E6:32:90	JBC_NANO	E;829;135;2;0;350;4;48;48;1200;1200;257;0;0;100;0;5;450;100;
1791533858.352	D7:5B:CA:55:9E:68	JBC_Std	E;806;28;9;0;350;4;20;20;1200;1200;252;0;0;100;0;5;400;100;
1791533858.624	EA:BE:3E:E6:32:90	JBC_NANO	E;829;134;2;0;350;4;48;48;1200;1200;257;0;0;100;0;5;450;100;
1791533858.713	D7:5B:CA:55:9E:68	JBC_Std	E;806;28;9;0;350;4;20;20;1200;1200;252;0;0;100;0;5;400;100;
1791533859.043	EA:BE:3E:E6:32:90	JBC_NANO	E;829;132;2;0;350;4;48;48;1200;1200;257;0;0;100;0;5;450;100;
1791533859.073	D7:5B:CA:55:9E:68	JBC_Std	E;806;28;9;0;350;4;20;20;1200;1200;252;0;0;100;0;5;400;100;
1791533859.374	EA:BE:3E:E6:32:90	JBC_NANO	E;829;131;2;0;350;4;48;48;1200;1200;258;0;0;100;0;5;450;100;
1791533859.493	D7:5B:CA:55:9E:68	JBC_Std	E;806;27;9;0;350;4;20;20;1200;1200;252;0;0;100;0;5;400;100;
1791533859.703	EA:BE:3E:E6:32:90	JBC_NANO	E;829;129;2;0;350;4;48;48;1200;1200;258;0;0;100;0;5;450;100;
1791533859.853	D7:5B:CA:55:9E:68	JBC_Std	E;806;27;9;0;350;4;20;20;1200;1200;252;0;0;100;0;5;400;100;
1791533860.064	EA:BE:3E:E6:32:90	JBC_NANO	E;829;128;2;0;350;4;48;48;1200;1200;258;0;0;100;0;5;450;100;
1791533860.182	D7:5B:CA:55:9E:68	JBC_Std	E;806;27;9;0;350;4;20;20;1200;1200;252;0;0;100;0;5;400;100;
1791533860.393	EA:BE:3E:E6:32:90	JBC_NANO	E;829;126;2;0;350;4;48;48;1200;1200;258;0;0;100;0;5;450;100;
1791533860.542	D7:5B:CA:55:9E:68	JBC_Std	E;806;27;9;0;350;4;20;20;1200;1200;252;0;0;100;0;5;400;100;
1791533860.753	EA:BE:3E:E6:32:90	JBC_NANO	E;829;124;2;0;350;4;48;48;1200;1200;258;0;0;100;0;5;450;100;
1791533860.872	D7:5B:CA:55:9E:68	JBC_Std	E;806;28;9;0;350;4;20;20;1200;1200;252;0;0;100;0;5;400;100;
1791533861.113	EA:BE:3E:E6:32:90	JBC_NANO	E;829;123;2;0;350;4;48;48;1200;1200;258;0;0;100;0;5;450;100;
1791533861.203	D7:5B:CA:55:9E:68	JBC_Std	E;806;27;9;0;350;4;20;20;1200;1200;252;0;0;100;0;5;400;100;
1791533861.473	EA:BE:3E:E6:32:90	JBC_NANO	E;829;122;2;0;350;4;48;48;1200;1200;258;0;0;100;0;5;450;100;
1791533861.563	D7:5B:CA:55:9E:68	JBC_Std	E;806;27;9;0;350;4;20;20;1200;1200;252;0;0;100;0;5;400;100;
1791533861.893	EA:BE:3E:E6:32:90	JBC_NANO	E;829;121;2;0;350;4;48;48;1200;1200;258;0;0;100;0;5;450;100;
1791533861.983	D7:5B:CA:55:9E:68	JBC_Std	E;806;27;9;0;350;4;20;20;1200;1200;252;0;0;100;0;5;400;100;
1791533862.283	EA:BE:3E:E6:32:90	JBC_NANO	E;829;121;2;0;350;4;48;48;1200;1200;258;0;0;100;0;5;450;100;
1791533862.312	D7:5B:CA:55:9E:68	JBC_Std	E;806;27;9;0;350;4;20;20;1200;1200;252;0;0;100;0;5;400;100;
1791533862.612	D7:5B:CA:55:9E:68	JBC_Std	E;806;27;9;0;350;4;20;20;1200;1200;252;0;0;100;0;5;400;100;
1791533862.643	EA:BE:3E:E6:32:90	JBC_NANO	E;829;119;2;0;350;4;48;48;1200;1200;258;0;0;100;0;5;450;100;
1791533862.943	D7:5B:CA:55:9E:68	JBC_Std	E;806;28;9;0;350;4;20;20;1200;1200;252;0;0;100;0;5;400;100;
1791533863.033	EA:BE:3E:E6:32:90	JBC_NANO	E;829;118;2;0;350;4;48;48;1200;1200;258;0;0;100;0;5;450;100;
1791533863.363	D7:5B:CA:55:9E:68	JBC_Std	E;806;28;9;0;350;4;20;20;1200;1200;252;0;0;100;0;5;400;100;
1791533863.393	EA:BE:3E:E6:32:90	JBC_NANO	E;829;117;2;0;350;4;48;48;1200;1200;258;0;0;100;0;5;450;100;
1791533863.694	EA:BE:3E:E6:32:90	JBC_NANO	E;830;115;2;0;350;4;48;48;1200;1200;258;0;0;100;0;5;450;100;
1791533863.723	D7:5B:CA:55:9E:68	JBC_Std	E;806;28;9;0;350;4;20;20;1200;1200;252;0;0;100;0;5;400;100;
1791533864.053	EA:BE:3E:E6:32:90	JBC_NANO	E;830;115;2;0;350;4;48;48;1200;1200;258;0;0;100;0;5;450;100;
1791533864.082	D7:5B:CA:55:9E:68	JBC_Std	E;806;28;9;0;350;4;20;20;1200;1200;252;0;0;100;0;5;400;100;
1791533864.443	EA:BE:3E:E6:32:90	JBC_NANO	E;830;113;2;0;350;4;48;48;1200;1200;258;0;0;100;0;5;450;100;
1791533864.502	D7:5B:CA:55:9E:68	JBC_Std	E;806;27;9;0;350;4;20;20;1200;1200;252;0;0;100;0;5;400;100;
1791533864.773	EA:BE:3E:E6:32:90	JBC_NANO	E;830;111;2;0;350;4;48;48;1200;1200;258;0;0;100;0;5;450;100;
1791533864.893	D7:5B:CA:55:9E:68	JBC_Std	E;806;27;9;0;350;4;20;20;1200;1200;252;0;0;100;0;5;400;100;
1791533865.163	EA:BE:3E:E6:32:90	JBC_NANO	E;830;110;2;0;350;4;48;48;1200;1200;258;0;0;100;0;5;450;100;
1791533865.253	D7:5B:CA:55:9E:68	JBC_Std	E;806;27;9;0;350;4;20;20;1200;1200;252;0;0;100;0;5;400;100;
1791533865.465	EA:BE:3E:E6:32:90	JBC_NANO	E;830;108;2;0;350;4;48;48;1200;1200;258;0;0;100;0;5;450;100;
1791533865.583	D7:5B:CA:55:9E:68	JBC_Std	E;806;28;9;0;350;4;20;20;1200;1200;252;0;0;100;0;5;400;100;
1791533865.853	EA:BE:3E:E6:32:90	JBC_NANO	E;830;108;2;0;350;4;48;48;1200;1200;258;0;0;100;0;5;450;100;
1791533865.943	D7:5B:CA:55:9E:68	JBC_Std	E;806;28;9;0;350;4;20;20;1200;1200;252;0;0;100;0;5;400;100;
1791533866.244	EA:BE:3E:E6:32:90	JBC_NANO	E;830;106;2;0;350;4;48;48;1200;1200;258;0;0;100;0;5;450;100;
1791533866.333	D7:5B:CA:55:9E:68	JBC_Std	E;806;27;9;0;350;4;20;20;1200;1200;252;0;0;100;0;5;400;100;
1791533866.603	EA:BE:3E:E6:32:90	JBC_NANO	E;830;106;2;0;350;4;48;48;1200;1200;258;0;0;100;0;5;450;100;
1791533866.693	D7:5B:CA:55:9E:68	JBC_Std	E;806;27;9;0;350;4;20;20;1200;1200;252;0;0;100;0;5;400;100;
1791533866.993	EA:BE:3E:E6:32:90	JBC_NANO	E;830;105;2;0;350;4;48;48;1200;1200;258;0;0;100;0;5;450;100;
1791533867.082	D7:5B:CA:55:9E:68	JBC_Std	E;806;26;9;0;350;4;20;20;1200;1200;252;0;0;100;0;5;400;100;
1791533867.354	EA:BE:3E:E6:32:90	JBC_NANO	E;830;104;2;0;350;4;48;48;1200;1200;258;0;0;100;0;5;450;100;
1791533867.443	D7:5B:CA:55:9E:68	JBC_Std	E;806;26;9;0;350;4;20;20;1200;1200;252;0;0;100;0;5;400;100;
1791533867.713	EA:BE:3E:E6:32:90	JBC_NANO	E;830;103;2;0;350;4;48;48;1200;1200;258;0;0;100;0;5;450;100;
1791533867.802	D7:5B:CA:55:9E:68	JBC_Std	E;806;26;9;0;350;4;20;20;1200;1200;252;0;0;100;0;5;400;100;
1791533868.073	EA:BE:3E:E6:32:90	JBC_NANO	E;830;102;2;0;350;4;48;48;1200;1200;258;0;0;100;0;5;450;100;
1791533868.193	D7:5B:CA:55:9E:68	JBC_Std	E;806;26;9;0;350;4;20;20;1200;1200;252;0;0;100;0;5;400;100;
1791533868.403	EA:BE:3E:E6:32:90	JBC_NANO	E;830;101;2;0;350;4;48;48;1200;1200;258;0;0;100;0;5;450;100;
1791533868.553	D7:5B:CA:55:9E:68	JBC_Std	E;806;27;9;0;350;4;20;20;1200;1200;252;0;0;100;0;5;400;100;
1791533868.793	EA:BE:3E:E6:32:90	JBC_NANO	E;830;100;2;0;350;4;48;48;1200;1200;258;0;0;100;0;5;450;100;
1791533868.912	D7:5B:CA:55:9E:68	JBC_Std	E;806;27;9;0;350;4;20;20;1200;1200;252;0;0;100;0;5;400;100;
1791533869.123	EA:BE:3E:E6:32:90	JBC_NANO	E;830;99;2;0;350;4;48;48;1200;1200;258;0;0;100;0;5;450;100;
1791533869.302	D7:5B:CA:55:9E:68	JBC_Std	E;806;28;9;0;350;4;20;20;1200;1200;252;0;0;100;0;5;400;100;
1791533869.453	EA:BE:3E:E6:32:90	JBC_NANO	E;830;98;2;0;350;4;48;48;1200;1200;258;0;0;100;0;5;450;100;
1791533869.693	D7:5B:CA:55:9E:68	JBC_Std	E;806;28;9;0;350;4;20;20;1200;1200;252;0;0;100;0;5;400;100;
1791533869.783	EA:BE:3E:E6:32:90	JBC_NANO	E;830;97;2;0;350;4;48;48;1200;1200;258;0;0;100;0;5;450;100;
1791533870.083	D7:5B:CA:55:9E:68	JBC_Std	E;806;28;9;0;350;4;20;20;1200;1200;252;0;0;100;0;5;400;100;
1791533870.113	EA:BE:3E:E6:32:90	JBC_NANO	E;830;96;2;0;350;4;48;48;1200;1200;258;0;0;100;0;5;450;100;
1791533870.412	D7:5B:CA:55:9E:68	JBC_Std	E;806;28;9;0;350;4;20;20;1200;1200;252;0;0;100;0;5;400;100;
1791533870.503	EA:BE:3E:E6:32:90	JBC_NANO	E;830;96;2;0;350;4;48;48;1200;1200;258;0;0;100;0;5;450;100;
1791533870.772	D7:5B:CA:55:9E:68	JBC_Std	E;806;28;9;0;350;4;20;20;1200;1200;252;0;0;100;0;5;400;100;
1791533870.804	EA:BE:3E:E6:32:90	JBC_NANO	E;830;95;2;0;350;4;48;48;1200;1200;258;0;0;100;0;5;450;100;
1791533871.102	D7:5B:CA:55:9E:68	JBC_Std	E;806;28;9;0;350;4;20;20;1200;1200;252;0;0;100;0;5;400;100;
1791533871.253	EA:BE:3E:E6:32:90	JBC_NANO	E;830;95;2;0;350;4;48;48;1200;1200;258;0;0;100;0;5;450;100;
1791533871.492	D7:5B:CA:55:9E:68	JBC_Std	E;806;27;9;0;350;4;20;20;1200;1200;252;0;0;100;0;5;400;100;
1791533871.643	EA:BE:3E:E6:32:90	JBC_NANO	E;830;94;2;0;350;4;48;48;1200;1200;258;0;0;100;0;5;450;100;
1791533871.854	D7:5B:CA:55:9E:68	JBC_Std	E;806;27;9;0;350;4;20;20;1200;1200;252;0;0;100;0;5;400;100;
1791533872.003	EA:BE:3E:E6:32:90	JBC_NANO	E;830;93;2;0;350;4;48;48;1200;1200;258;0;0;100;0;5;450;100;
1791533872.212	D7:5B:CA:55:9E:68	JBC_Std	E;806;27;9;0;350;4;20;20;1200;1200;252;0;0;100;0;5;400;100;
1791533872.363	EA:BE:3E:E6:32:90	JBC_NANO	E;830;92;2;0;350;4;48;48;1200;1200;258;0;0;100;0;5;450;100;
1791533872.572	D7:5B:CA:55:9E:68	JBC_Std	E;806;27;9;0;350;4;20;20;1200;1200;252;0;0;100;0;5;400;100;
1791533872.723	EA:BE:3E:E6:32:90	JBC_NANO	E;830;92;2;0;350;4;48;48;1200;1200;258;0;0;100;0;5;450;100;
1791533872.932	D7:5B:CA:55:9E:68	JBC_Std	E;806;27;9;0;350;4;20;20;1200;1200;252;0;0;100;0;5;400;100;
1791533873.143	EA:BE:3E:E6:32:90	JBC_NANO	E;830;91;2;0;350;4;48;48;1200;1200;258;0;0;100;0;5;450;100;
1791533873.293	D7:5B:CA:55:9E:68	JBC_Std	E;806;27;9;0;350;4;20;20;1200;1200;252;0;0;100;0;5;400;100;
1791533873.533	EA:BE:3E:E6:32:90	JBC_NANO	E;830;90;2;0;350;4;48;48;1200;1200;258;0;0;100;0;5;450;100;
1791533873.622	D7:5B:CA:55:9E:68	JBC_Std	E;806;28;9;0;350;4;20;20;1200;1200;252;0;0;100;0;5;400;100;
1791533873.833	EA:BE:3E:E6:32:90	JBC_NANO	E;830;89;2;0;350;4;48;48;1200;1200;258;0;0;100;0;5;450;100;
1791533873.982	D7:5B:CA:55:9E:68	JBC_Std	E;806;28;9;0;350;4;20;20;1200;1200;252;0;0;100;0;5;400;100;
1791533874.193	EA:BE:3E:E6:32:90	JBC_NANO	E;830;88;2;0;350;4;48;48;1200;1200;258;0;0;100;0;5;450;100;
1791533874.343	D7:5B:CA:55:9E:68	JBC_Std	E;806;28;9;0;350;4;20;20;1200;1200;252;0;0;100;0;5;400;100;
1791533874.553	EA:BE:3E:E6:32:90	JBC_NANO	E;830;88;2;0;350;4;48;48;1200;1200;258;0;0;100;0;5;450;100;
1791533874.702	D7:5B:CA:55:9E:68	JBC_Std	E;806;28;9;0;350;4;20;20;1200;1200;252;0;0;100;0;5;400;100;
1791533874.913	EA:BE:3E:E6:32:90	JBC_NANO	E;830;87;2;0;350;4;48;48;1200;1200;258;0;0;100;0;5;450;100;
1791533875.062	D7:5B:CA:55:9E:68	JBC_Std	E;806;27;9;0;350;4;20;20;1200;1200;252;0;0;100;0;5;400;100;
1791533875.273	EA:BE:3E:E6:32:90	JBC_NANO	E;831;86;2;0;350;4;48;48;1200;1200;258;0;0;100;0;5;450;100;
1791533875.422	D7:5B:CA:55:9E:68	JBC_Std	E;806;27;9;0;350;4;20;20;1200;1200;252;0;0;100;0;5;400;100;
1791533875.662	EA:BE:3E:E6:32:90	JBC_NANO	E;831;85;2;0;350;4;48;48;1200;1200;258;0;0;100;0;5;450;100;
1791533875.752	D7:5B:CA:55:9E:68	JBC_Std	E;806;27;9;0;350;4;20;20;1200;1200;252;0;0;100;0;5;400;100;
1791533876.023	EA:BE:3E:E6:32:90	JBC_NANO	E;831;84;2;0;350;4;48;48;1200;1200;258;0;0;100;0;5;450;100;
1791533876.112	D7:5B:CA:55:9E:68	JBC_Std	E;806;27;9;0;350;4;20;20;1200;1200;252;0;0;100;0;5;400;100;
1791533876.383	EA:BE:3E:E6:32:90	JBC_NANO	E;831;84;2;0;350;4;48;48;1200;1200;258;0;0;100;0;5;450;100;
1791533876.472	D7:5B:CA:55:9E:68	JBC_Std	E;806;27;9;0;350;4;20;20;1200;1200;252;0;0;100;0;5;400;100;
1791533876.743	EA:BE:3E:E6:32:90	JBC_NANO	E;831;83;2;0;350;4;48;48;1200;1200;258;0;0;100;0;5;450;100;
1791533876.833	D7:5B:CA:55:9E:68	JBC_Std	E;806;27;9;0;350;4;20;20;1200;1200;252;0;0;100;0;5;400;100;
1791533877.103	EA:BE:3E:E6:32:90	JBC_NANO	E;831;82;2;0;350;4;48;48;1200;1200;258;0;0;100;0;5;450;100;
1791533877.192	D7:5B:CA:55:9E:68	JBC_Std	E;806;27;9;0;350;4;20;20;1200;1200;252;0;0;100;0;5;400;100;
1791533877.463	EA:BE:3E:E6:32:90	JBC_NANO	E;831;81;2;0;350;4;48;48;1200;1200;258;0;0;100;0;5;450;100;
1791533877.582	D7:5B:CA:55:9E:68	JBC_Std	E;806;27;9;0;350;4;20;20;1200;1200;252;0;0;100;0;5;400;100;
1791533877.793	EA:BE:3E:E6:32:90	JBC_NANO	E;831;81;2;0;350;4;48;48;1200;1200;258;0;0;100;0;5;450;100;
1791533877.942	D7:5B:CA:55:9E:68	JBC_Std	E;806;26;9;0;350;4;20;20;1200;1200;252;0;0;100;0;5;400;100;
1791533878.153	EA:BE:3E:E6:32:90	JBC_NANO	E;831;80;2;0;350;4;48;48;1200;1200;258;0;0;100;0;5;450;100;
1791533878.302	D7:5B:CA:55:9E:68	JBC_Std	E;806;27;9;0;350;4;20;20;1200;1200;252;0;0;100;0;5;400;100;
1791533878.513	EA:BE:3E:E6:32:90	JBC_NANO	E;831;80;2;0;350;4;48;48;1200;1200;258;0;0;100;0;5;450;100;
1791533878.662	D7:5B:CA:55:9E:68	JBC_Std	E;806;27;9;0;350;4;20;20;1200;1200;252;0;0;100;0;5;400;100;
1791533878.873	EA:BE:3E:E6:32:90	JBC_NANO	E;831;80;2;0;350;4;48;48;1200;1200;258;0;0;100;0;5;450;100;
1791533879.023	D7:5B:CA:55:9E:68	JBC_Std	E;806;27;9;0;350;4;20;20;1200;1200;252;0;0;100;0;5;400;100;
1791533879.232	EA:BE:3E:E6:32:90	JBC_NANO	E;831;79;2;0;350;4;48;48;1200;1200;258;0;0;100;0;5;450;100;
1791533879.382	D7:5B:CA:55:9E:68	JBC_Std	E;806;28;9;0;350;4;20;20;1200;1200;252;0;0;100;0;5;400;100;
1791533879.622	EA:BE:3E:E6:32:90	JBC_NANO	E;831;79;2;0;350;4;48;48;1200;1200;258;0;0;100;0;5;450;100;
1791533879.712	D7:5B:CA:55:9E:68	JBC_Std	E;806;27;9;0;350;4;20;20;1200;1200;252;0;0;100;0;5;400;100;
1791533879.983	EA:BE:3E:E6:32:90	JBC_NANO	E;831;79;2;0;350;4;48;48;1200;1200;258;0;0;100;0;5;450;100;
1791533880.072	D7:5B:CA:55:9E:68	JBC_Std	E;806;27;9;0;350;4;20;20;1200;1200;252;0;0;100;0;5;400;100;
1791533880.342	EA:BE:3E:E6:32:90	JBC_NANO	E;831;78;2;0;350;4;48;48;1200;1200;258;0;0;100;0;5;450;100;
1791533880.432	D7:5B:CA:55:9E:68	JBC_Std	E;806;27;9;0;350;4;20;20;1200;1200;252;0;0;100;0;5;400;100;
1791533880.703	EA:BE:3E:E6:32:90	JBC_NANO	E;831;78;2;0;350;4;48;48;1200;1200;258;0;0;100;0;5;450;100;
1791533880.852	D7:5B:CA:55:9E:68	JBC_Std	E;806;26;9;0;350;4;20;20;1200;1200;252;0;0;100;0;5;400;100;
1791533881.122	EA:BE:3E:E6:32:90	JBC_NANO	E;831;76;2;0;350;4;48;48;1200;1200;258;0;0;100;0;5;450;100;
1791533881.212	D7:5B:CA:55:9E:68	JBC_Std	E;806;26;9;0;350;4;20;20;1200;1200;252;0;0;100;0;5;400;100;
1791533881.482	EA:BE:3E:E6:32:90	JBC_NANO	E;831;75;2;0;350;4;48;48;1200;1200;258;0;0;100;0;5;450;100;
1791533881.602	D7:5B:CA:55:9E:68	JBC_Std	E;806;26;9;0;350;4;20;20;1200;1200;252;0;0;100;0;5;400;100;
1791533881.814	EA:BE:3E:E6:32:90	JBC_NANO	E;831;75;2;0;350;4;48;48;1200;1200;258;0;0;100;0;5;450;100;
1791533881.962	D7:5B:CA:55:9E:68	JBC_Std	E;806;26;9;0;350;4;20;20;1200;1200;252;0;0;100;0;5;400;100;
1791533882.173	EA:BE:3E:E6:32:90	JBC_NANO	E;831;74;2;0;350;4;48;48;1200;1200;258;0;0;100;0;5;450;100;
1791533882.322	D7:5B:CA:55:9E:68	JBC_Std	E;806;27;9;0;350;4;20;20;1200;1200;252;0;0;100;0;5;400;100;
1791533882.592	EA:BE:3E:E6:32:90	JBC_NANO	E;831;74;2;0;350;4;48;48;1200;1200;258;0;0;100;0;5;450;100;
1791533882.683	D7:5B:CA:55:9E:68	JBC_Std	E;806;27;9;0;350;4;20;20;1200;1200;252;0;0;100;0;5;400;100;
1791533882.952	EA:BE:3E:E6:32:90	JBC_NANO	E;831;73;2;0;350;4;48;48;1200;1200;258;0;0;100;0;5;450;100;
1791533883.043	D7:5B:CA:55:9E:68	JBC_Std	E;806;27;9;0;350;4;20;20;1200;1200;252;0;0;100;0;5;400;100;
1791533883.312	EA:BE:3E:E6:32:90	JBC_NANO	E;831;72;2;0;350;4;48;48;1200;1200;258;0;0;100;0;5;450;100;
1791533883.401	D7:5B:CA:55:9E:68	JBC_Std	E;806;27;9;0;350;4;20;20;1200;1200;252;0;0;100;0;5;400;100;
1791533883.702	EA:BE:3E:E6:32:90	JBC_NANO	E;831;72;2;0;350;4;48;48;1200;1200;258;0;0;100;0;5;450;100;
1791533883.792	D7:5B:CA:55:9E:68	JBC_Std	E;806;27;9;0;350;4;20;20;1200;1200;252;0;0;100;0;5;400;100;
1791533884.092	D7:5B:CA:55:9E:68	JBC_Std	E;806;27;9;0;350;4;20;20;1200;1200;252;0;0;100;0;5;400;100;
1791533884.122	EA:BE:3E:E6:32:90	JBC_NANO	E;831;71;2;0;350;4;48;48;1200;1200;258;0;0;100;0;5;450;100;
1791533884.392	D7:5B:CA:55:9E:68	JBC_Std	E;806;27;9;0;350;4;20;20;1200;1200;252;0;0;100;0;5;400;100;
1791533884.482	EA:BE:3E:E6:32:90	JBC_NANO	E;831;71;2;0;350;4;48;48;1200;1200;258;0;0;100;0;5;450;100;
1791533884.752	D7:5B:CA:55:9E:68	JBC_Std	E;806;27;9;0;350;4;20;20;1200;1200;252;0;0;100;0;5;400;100;
1791533884.782	EA:BE:3E:E6:32:90	JBC_NANO	E;831;71;2;0;350;4;48;48;1200;1200;258;0;0;100;0;5;450;100;
1791533885.113	D7:5B:CA:55:9E:68	JBC_Std	E;806;26;9;0;350;4;20;20;1200;1200;252;0;0;100;0;5;400;100;
1791533885.142	EA:BE:3E:E6:32:90	JBC_NANO	E;831;70;2;0;350;4;48;48;1200;1200;258;0;0;100;0;5;450;100;
1791533885.472	D7:5B:CA:55:9E:68	JBC_Std	E;806;27;9;0;350;4;20;20;1200;1200;252;0;0;100;0;5;400;100;
1791533885.502	EA:BE:3E:E6:32:90	JBC_NANO	E;831;70;2;0;350;4;48;48;1200;1200;258;0;0;100;0;5;450;100;
1791533885.802	D7:5B:CA:55:9E:68	JBC_Std	E;806;27;9;0;350;4;20;20;1200;1200;252;0;0;100;0;5;400;100;
1791533885.832	EA:BE:3E:E6:32:90	JBC_NANO	E;831;69;2;0;350;4;48;48;1200;1200;258;0;0;100;0;5;450;100;
1791533886.162	D7:5B:CA:55:9E:68	JBC_Std	E;806;27;9;0;350;4;20;20;1200;1200;252;0;0;100;0;5;400;100;
1791533886.193	EA:BE:3E:E6:32:90	JBC_NANO	E;832;69;2;0;350;4;48;48;1200;1200;258;0;0;100;0;5;450;100;
1791533886.522	D7:5B:CA:55:9E:68	JBC_Std	E;806;27;9;0;350;4;20;20;1200;1200;252;0;0;100;0;5;400;100;
1791533886.553	EA:BE:3E:E6:32:90	JBC_NANO	E;832;68;2;0;350;4;48;48;1200;1200;258;0;0;100;0;5;450;100;
1791533886.882	D7:5B:CA:55:9E:68	JBC_Std	E;806;27;9;0;350;4;20;20;1200;1200;252;0;0;100;0;5;400;100;
1791533886.912	EA:BE:3E:E6:32:90	JBC_NANO	E;832;68;2;0;350;4;48;48;1200;1200;258;0;0;100;0;5;450;100;
1791533887.182	D7:5B:CA:55:9E:68	JBC_Std	E;806;27;9;0;350;4;20;20;1200;1200;252;0;0;100;0;5;400;100;
1791533887.272	EA:BE:3E:E6:32:90	JBC_NANO	E;832;67;2;0;350;4;48;48;1200;1200;258;0;0;100;0;5;450;100;
1791533887.572	D7:5B:CA:55:9E:68	JBC_Std	E;806;27;9;0;350;4;20;20;1200;1200;252;0;0;100;0;5;400;100;
1791533887.662	EA:BE:3E:E6:32:90	JBC_NANO	E;832;67;2;0;350;4;48;48;1200;1200;258;0;0;100;0;5;450;100;
1791533887.932	D7:5B:CA:55:9E:68	JBC_Std	E;806;27;9;0;350;4;20;20;1200;1200;252;0;0;100;0;5;400;100;
1791533888.022	EA:BE:3E:E6:32:90	JBC_NANO	E;832;66;2;0;350;4;48;48;1200;1200;258;0;0;100;0;5;450;100;
1791533888.292	D7:5B:CA:55:9E:68	JBC_Std	E;806;26;9;0;350;4;20;20;1200;1200;252;0;0;100;0;5;400;100;
1791533888.322	EA:BE:3E:E6:32:90	JBC_NANO	E;832;66;2;0;350;4;48;48;1200;1200;258;0;0;100;0;5;450;100;
1791533888.712	EA:BE:3E:E6:32:90	JBC_NANO	E;832;65;2;0;350;4;48;48;1200;1200;258;0;0;100;0;5;450;100;
1791533888.741	D7:5B:CA:55:9E:68	JBC_Std	E;806;27;9;0;350;4;20;20;1200;1200;252;0;0;100;0;5;400;100;
1791533889.042	D7:5B:CA:55:9E:68	JBC_Std	E;806;27;9;0;350;4;20;20;1200;1200;252;0;0;100;0;5;400;100;
1791533889.072	EA:BE:3E:E6:32:90	JBC_NANO	E;832;65;2;0;350;4;48;48;1200;1200;258;0;0;100;0;5;450;100;
1791533889.402	D7:5B:CA:55:9E:68	JBC_Std	E;806;27;9;0;350;4;20;20;1200;1200;252;0;0;100;0;5;400;100;
1791533889.432	EA:BE:3E:E6:32:90	JBC_NANO	E;832;65;2;0;350;4;48;48;1200;1200;258;0;0;100;0;5;450;100;
1791533889.732	D7:5B:CA:55:9E:68	JBC_Std	E;806;28;9;0;350;4;20;20;1200;1200;252;0;0;100;0;5;400;100;
1791533889.763	EA:BE:3E:E6:32:90	JBC_NANO	E;832;65;2;0;350;4;48;48;1200;1200;258;0;0;100;0;5;450;100;
1791533890.094	D7:5B:CA:55:9E:68	JBC_Std	E;806;27;9;0;350;4;20;20;1200;1200;252;0;0;100;0;5;400;100;
1791533890.122	EA:BE:3E:E6:32:90	JBC_NANO	E;832;65;2;0;350;4;48;48;1200;1200;258;0;0;100;0;5;450;100;
1791533890.422	D7:5B:CA:55:9E:68	JBC_Std	E;806;28;9;0;350;4;20;20;1200;1200;252;0;0;100;0;5;400;100;
1791533890.452	EA:BE:3E:E6:32:90	JBC_NANO	E;832;65;2;0;350;4;48;48;1200;1200;258;0;0;100;0;5;450;100;
1791533890.722	D7:5B:CA:55:9E:68	JBC_Std	E;806;28;9;0;350;4;20;20;1200;1200;252;0;0;100;0;5;400;100;
1791533890.873	EA:BE:3E:E6:32:90	JBC_NANO	E;832;64;2;0;350;4;48;48;1200;1200;258;0;0;100;0;5;450;100;
1791533891.112	D7:5B:CA:55:9E:68	JBC_Std	E;806;27;9;0;350;4;20;20;1200;1200;252;0;0;100;0;5;400;100;
1791533891.322	EA:BE:3E:E6:32:90	JBC_NANO	E;832;64;2;0;350;4;48;48;1200;1200;258;0;0;100;0;5;450;100;
1791533891.412	D7:5B:CA:55:9E:68	JBC_Std	E;806;27;9;0;350;4;20;20;1200;1200;252;0;0;100;0;5;400;100;
1791533891.622	EA:BE:3E:E6:32:90	JBC_NANO	E;832;63;2;0;350;4;48;48;1200;1200;258;0;0;100;0;5;450;100;
1791533891.772	D7:5B:CA:55:9E:68	JBC_Std	E;806;27;9;0;350;4;20;20;1200;1200;252;0;0;100;0;5;400;100;
1791533891.982	EA:BE:3E:E6:32:90	JBC_NANO	E;832;63;2;0;350;4;48;48;1200;1200;258;0;0;100;0;5;450;100;
1791533892.132	D7:5B:CA:55:9E:68	JBC_Std	E;806;27;9;0;350;4;20;20;1200;1200;252;0;0;100;0;5;400;100;
1791533892.342	EA:BE:3E:E6:32:90	JBC_NANO	E;832;62;2;0;350;4;48;48;1200;1200;258;0;0;100;0;5;450;100;
1791533892.492	D7:5B:CA:55:9E:68	JBC_Std	E;806;27;9;0;350;4;20;20;1200;1200;252;0;0;100;0;5;400;100;
1791533892.703	EA:BE:3E:E6:32:90	JBC_NANO	E;832;62;2;0;350;4;48;48;1200;1200;258;0;0;100;0;5;450;100;
1791533892.852	D7:5B:CA:55:9E:68	JBC_Std	E;806;28;9;0;350;4;20;20;1200;1200;252;0;0;100;0;5;400;100;
1791533893.092	EA:BE:3E:E6:32:90	JBC_NANO	E;832;61;2;0;350;4;48;48;1200;1200;258;0;0;100;0;5;450;100;
1791533893.242	D7:5B:CA:55:9E:68	JBC_Std	E;806;28;9;0;350;4;20;20;1200;1200;252;0;0;100;0;5;400;100;
1791533893.452	EA:BE:3E:E6:32:90	JBC_NANO	E;832;60;2;0;350;4;48;48;1200;1200;258;0;0;100;0;5;450;100;
1791533893.601	D7:5B:CA:55:9E:68	JBC_Std	E;806;28;9;0;350;4;20;20;1200;1200;252;0;0;100;0;5;400;100;
1791533893.812	EA:BE:3E:E6:32:90	JBC_NANO	E;832;60;2;0;350;4;48;48;1200;1200;258;0;0;100;0;5;450;100;
1791533893.962	D7:5B:CA:55:9E:68	JBC_Std	E;806;28;9;0;350;4;20;20;1200;1200;252;0;0;100;0;5;400;100;
1791533894.172	EA:BE:3E:E6:32:90	JBC_NANO	E;832;59;2;0;350;4;48;48;1200;1200;258;0;0;100;0;5;450;100;
1791533894.322	D7:5B:CA:55:9E:68	JBC_Std	E;806;28;9;0;350;4;20;20;1200;1200;252;0;0;100;0;5;400;100;
1791533894.532	EA:BE:3E:E6:32:90	JBC_NANO	E;832;58;2;0;350;4;48;48;1200;1200;258;0;0;100;0;5;450;100;
1791533894.681	D7:5B:CA:55:9E:68	JBC_Std	E;806;27;9;0;350;4;20;20;1200;1200;252;0;0;100;0;5;400;100;
1791533894.892	EA:BE:3E:E6:32:90	JBC_NANO	E;832;58;2;0;350;4;48;48;1200;1200;258;0;0;100;0;5;450;100;
1791533895.072	D7:5B:CA:55:9E:68	JBC_Std	E;806;28;9;0;350;4;20;20;1200;1200;252;0;0;100;0;5;400;100;
1791533895.223	EA:BE:3E:E6:32:90	JBC_NANO	E;832;58;2;0;350;4;48;48;1200;1200;258;0;0;100;0;5;450;100;
1791533895.432	D7:5B:CA:55:9E:68	JBC_Std	E;806;27;9;0;350;4;20;20;1200;1200;252;0;0;100;0;5;400;100;
1791533895.582	EA:BE:3E:E6:32:90	JBC_NANO	E;832;58;2;0;350;4;48;48;1200;1200;258;0;0;100;0;5;450;100;
1791533895.792	D7:5B:CA:55:9E:68	JBC_Std	E;806;27;9;0;350;4;20;20;1200;1200;252;0;0;100;0;5;400;100;
1791533895.943	EA:BE:3E:E6:32:90	JBC_NANO	E;832;58;2;0;350;4;48;48;1200;1200;258;0;0;100;0;5;450;100;
1791533896.152	D7:5B:CA:55:9E:68	JBC_Std	E;806;27;9;0;350;4;20;20;1200;1200;252;0;0;100;0;5;400;100;
1791533896.363	EA:BE:3E:E6:32:90	JBC_NANO	E;832;57;2;0;350;4;48;48;1200;1200;258;0;0;100;0;5;450;100;
1791533896.512	D7:5B:CA:55:9E:68	JBC_Std	E;806;27;9;0;350;4;20;20;1200;1200;252;0;0;100;0;5;400;100;
1791533896.722	EA:BE:3E:E6:32:90	JBC_NANO	E;832;57;2;0;350;4;48;48;1200;1200;258;0;0;100;0;5;450;100;
1791533896.872	D7:5B:CA:55:9E:68	JBC_Std	E;806;27;9;0;350;4;20;20;1200;1200;252;0;0;100;0;5;400;100;
1791533897.112	EA:BE:3E:E6:32:90	JBC_NANO	E;832;56;2;0;350;4;48;48;1200;1200;258;0;0;100;0;5;450;100;
1791533897.232	D7:5B:CA:55:9E:68	JBC_Std	E;806;27;9;0;350;4;20;20;1200;1200;252;0;0;100;0;5;400;100;
1791533897.502	EA:BE:3E:E6:32:90	JBC_NANO	E;833;56;2;0;350;4;48;48;1200;1200;258;0;0;100;0;5;450;100;
1791533897.591	D7:5B:CA:55:9E:68	JBC_Std	E;806;27;9;0;350;4;20;20;1200;1200;252;0;0;100;0;5;400;100;
1791533897.863	EA:BE:3E:E6:32:90	JBC_NANO	E;833;55;2;0;350;4;48;48;1200;1200;258;0;0;100;0;5;450;100;
1791533897.951	D7:5B:CA:55:9E:68	JBC_Std	E;806;27;9;0;350;4;20;20;1200;1200;252;0;0;100;0;5;400;100;
1791533898.222	EA:BE:3E:E6:32:90	JBC_NANO	E;833;55;2;0;350;4;48;48;1200;1200;258;0;0;100;0;5;450;100;
1791533898.312	D7:5B:CA:55:9E:68	JBC_Std	E;806;27;9;0;350;4;20;20;1200;1200;252;0;0;100;0;5;400;100;
1791533898.642	EA:BE:3E:E6:32:90	JBC_NANO	E;833;54;2;0;350;4;48;48;1200;1200;258;0;0;100;0;5;450;100;
1791533898.671	D7:5B:CA:55:9E:68	JBC_Std	E;806;27;9;0;350;4;20;20;1200;1200;252;0;0;100;0;5;400;100;
1791533898.944	EA:BE:3E:E6:32:90	JBC_NANO	E;833;54;2;0;350;4;48;48;1200;1200;258;0;0;100;0;5;450;100;
1791533899.062	D7:5B:CA:55:9E:68	JBC_Std	E;806;26;9;0;350;4;20;20;1200;1200;252;0;0;100;0;5;400;100;
1791533899.392	EA:BE:3E:E6:32:90	JBC_NANO	E;833;54;2;0;350;4;48;48;1200;1200;258;0;0;100;0;5;450;100;
1791533899.422	D7:5B:CA:55:9E:68	JBC_Std	E;806;26;9;0;350;4;20;20;1200;1200;252;0;0;100;0;5;400;100;
1791533899.752	EA:BE:3E:E6:32:90	JBC_NANO	E;833;54;2;0;350;4;48;48;1200;1200;258;0;0;100;0;5;450;100;
1791533899.782	D7:5B:CA:55:9E:68	JBC_Std	E;806;26;9;0;350;4;20;20;1200;1200;252;0;0;100;0;5;400;100;
1791533900.112	EA:BE:3E:E6:32:90	JBC_NANO	E;833;54;2;0;350;4;48;48;1200;1200;258;0;0;100;0;5;450;100;
1791533900.141	D7:5B:CA:55:9E:68	JBC_Std	E;806;26;9;0;350;4;20;20;1200;1200;252;0;0;100;0;5;400;100;
1791533900.472	D7:5B:CA:55:9E:68	JBC_Std	E;806;26;9;0;350;4;20;19;1200;1199;252;0;0;100;0;5;400;100;
1791533900.502	EA:BE:3E:E6:32:90	JBC_NANO	E;833;53;2;0;350;4;48;48;1200;1200;258;0;0;100;0;5;450;100;
1791533900.832	D7:5B:CA:55:9E:68	JBC_Std	E;806;26;9;0;350;4;20;20;1200;1200;252;0;0;100;0;5;400;100;
1791533900.922	EA:BE:3E:E6:32:90	JBC_NANO	E;833;53;2;0;350;4;48;48;1200;1200;258;0;0;100;0;5;450;100;
1791533901.162	D7:5B:CA:55:9E:68	JBC_Std	E;806;27;9;0;350;4;20;20;1200;1200;252;0;0;100;0;5;400;100;
1791533901.253	EA:BE:3E:E6:32:90	JBC_NANO	E;833;53;2;0;350;4;48;48;1200;1200;258;0;0;100;0;5;450;100;
1791533901.522	D7:5B:CA:55:9E:68	JBC_Std	E;806;27;9;0;350;4;20;20;1200;1200;252;0;0;100;0;5;400;100;
1791533901.612	EA:BE:3E:E6:32:90	JBC_NANO	E;833;52;2;0;350;4;48;48;1200;1200;258;0;0;100;0;5;450;100;
1791533901.852	D7:5B:CA:55:9E:68	JBC_Std	E;806;27;9;0;350;4;20;20;1200;1200;252;0;0;100;0;5;400;100;
1791533901.942	EA:BE:3E:E6:32:90	JBC_NANO	E;833;53;2;0;350;4;48;48;1200;1200;258;0;0;100;0;5;450;100;
1791533902.212	D7:5B:CA:55:9E:68	JBC_Std	E;806;27;9;0;350;4;20;20;1200;1200;252;0;0;100;0;5;400;100;
1791533902.302	EA:BE:3E:E6:32:90	JBC_NANO	E;833;52;2;0;350;4;48;48;1200;1200;258;0;0;100;0;5;450;100;
1791533902.541	D7:5B:CA:55:9E:68	JBC_Std	E;806;27;9;0;350;4;20;20;1200;1200;252;0;0;100;0;5;400;100;
1791533902.752	EA:BE:3E:E6:32:90	JBC_NANO	E;833;52;2;0;350;4;48;48;1200;1200;258;0;0;100;0;5;450;100;
1791533902.902	D7:5B:CA:55:9E:68	JBC_Std	E;806;26;9;0;350;4;20;20;1200;1200;252;0;0;100;0;5;400;100;
1791533902.994	EA:BE:3E:E6:32:90	JBC_NANO	E;833;52;2;0;350;4;48;48;1200;1200;258;0;0;100;0;5;450;100;
1791533903.232	D7:5B:CA:55:9E:68	JBC_Std	E;806;26;9;0;350;4;20;20;1200;1200;252;0;0;100;0;5;400;100;
1791533903.442	EA:BE:3E:E6:32:90	JBC_NANO	E;833;51;2;0;350;4;48;48;1200;1200;258;0;0;100;0;5;450;100;
1791533903.592	D7:5B:CA:55:9E:68	JBC_Std	E;806;27;9;0;350;4;20;20;1200;1200;252;0;0;100;0;5;400;100;
1791533903.832	EA:BE:3E:E6:32:90	JBC_NANO	E;833;51;2;0;350;4;48;48;1200;1200;258;0;0;100;0;5;450;100;
1791533903.922	D7:5B:CA:55:9E:68	JBC_Std	E;806;27;9;0;350;4;20;20;1200;1200;252;0;0;100;0;5;400;100;
1791533904.192	EA:BE:3E:E6:32:90	JBC_NANO	E;833;51;2;0;350;4;48;48;1200;1200;258;0;0;100;0;5;450;100;
1791533904.282	D7:5B:CA:55:9E:68	JBC_Std	E;806;27;9;0;350;4;20;20;1200;1200;252;0;0;100;0;5;400;100;
1791533904.521	EA:BE:3E:E6:32:90	JBC_NANO	E;833;50;2;0;350;4;48;48;1200;1200;258;0;0;100;0;5;450;100;
1791533904.612	D7:5B:CA:55:9E:68	JBC_Std	E;806;27;9;0;350;4;20;20;1200;1200;252;0;0;100;0;5;400;100;
1791533904.882	EA:BE:3E:E6:32:90	JBC_NANO	E;833;50;2;0;350;4;48;48;1200;1200;258;0;0;100;0;5;450;100;
1791533904.972	D7:5B:CA:55:9E:68	JBC_Std	E;806;27;9;0;350;4;20;20;1200;1200;252;0;0;100;0;5;400;100;
1791533905.241	EA:BE:3E:E6:32:90	JBC_NANO	E;833;50;2;0;350;4;48;48;1200;1200;258;0;0;100;0;5;450;100;
1791533905.332	D7:5B:CA:55:9E:68	JBC_Std	E;806;27;9;0;350;4;20;20;1200;1200;252;0;0;100;0;5;400;100;
1791533905.602	EA:BE:3E:E6:32:90	JBC_NANO	E;833;50;2;0;350;4;48;48;1200;1200;258;0;0;100;0;5;450;100;
1791533905.692	D7:5B:CA:55:9E:68	JBC_Std	E;806;27;9;0;350;4;20;20;1200;1200;252;0;0;100;0;5;400;100;
1791533905.962	EA:BE:3E:E6:32:90	JBC_NANO	E;833;49;2;0;350;4;48;48;1200;1200;258;0;0;100;0;5;450;100;
1791533906.051	D7:5B:CA:55:9E:68	JBC_Std	E;806;27;9;0;350;4;20;20;1200;1200;252;0;0;100;0;5;400;100;
1791533906.322	EA:BE:3E:E6:32:90	JBC_NANO	E;833;49;2;0;350;4;48;48;1200;1200;258;0;0;100;0;5;450;100;
1791533906.443	D7:5B:CA:55:9E:68	JBC_Std	E;806;27;9;0;350;4;20;20;1200;1200;252;0;0;100;0;5;400;100;
1791533906.652	EA:BE:3E:E6:32:90	JBC_NANO	E;833;49;2;0;350;4;48;48;1200;1200;258;0;0;100;0;5;450;100;
1791533906.802	D7:5B:CA:55:9E:68	JBC_Std	E;806;27;9;0;350;4;20;20;1200;1200;252;0;0;100;0;5;400;100;
1791533907.012	EA:BE:3E:E6:32:90	JBC_NANO	E;833;49;2;0;350;4;48;48;1200;1200;258;0;0;100;0;5;450;100;
1791533907.161	D7:5B:CA:55:9E:68	JBC_Std	E;806;27;9;0;350;4;20;20;1200;1200;252;0;0;100;0;5;400;100;
1791533907.373	EA:BE:3E:E6:32:90	JBC_NANO	E;833;49;2;0;350;4;48;48;1200;1200;258;0;0;100;0;5;450;100;
1791533907.522	D7:5B:CA:55:9E:68	JBC_Std	E;806;26;9;0;350;4;20;20;1200;1200;252;0;0;100;0;5;400;100;
1791533907.732	EA:BE:3E:E6:32:90	JBC_NANO	E;833;49;2;0;350;4;48;48;1200;1200;258;0;0;100;0;5;450;100;
1791533907.882	D7:5B:CA:55:9E:68	JBC_Std	E;806;27;9;0;350;4;20;20;1200;1200;252;0;0;100;0;5;400;100;
1791533908.091	EA:BE:3E:E6:32:90	JBC_NANO	E;833;49;2;0;350;4;48;48;1200;1200;258;0;0;100;0;5;450;100;
1791533908.241	D7:5B:CA:55:9E:68	JBC_Std	E;806;27;9;0;350;4;20;20;1200;1200;252;0;0;100;0;5;400;100;
1791533908.482	EA:BE:3E:E6:32:90	JBC_NANO	E;833;49;2;0;350;4;48;48;1200;1200;258;0;0;100;0;5;450;100;
1791533908.571	D7:5B:CA:55:9E:68	JBC_Std	E;806;27;9;0;350;4;20;20;1200;1200;252;0;0;100;0;5;400;100;
1791533908.842	EA:BE:3E:E6:32:90	JBC_NANO	E;834;48;2;0;350;4;48;48;1200;1200;258;0;0;100;0;5;450;100;
1791533908.932	D7:5B:CA:55:9E:68	JBC_Std	E;806;27;9;0;350;4;20;20;1200;1200;252;0;0;100;0;5;400;100;
1791533909.202	EA:BE:3E:E6:32:90	JBC_NANO	E;834;48;2;0;350;4;48;48;1200;1200;258;0;0;100;0;5;450;100;
1791533909.291	D7:5B:CA:55:9E:68	JBC_Std	E;806;27;9;0;350;4;20;20;1200;1200;252;0;0;100;0;5;400;100;
1791533909.562	EA:BE:3E:E6:32:90	JBC_NANO	E;834;48;2;0;350;4;48;48;1200;1200;258;0;0;100;0;5;450;100;
1791533909.651	D7:5B:CA:55:9E:68	JBC_Std	E;806;28;9;0;350;4;20;20;1200;1200;252;0;0;100;0;5;400;100;
1791533910.012	D7:5B:CA:55:9E:68	JBC_Std	E;806;28;9;0;350;4;20;20;1200;1200;252;0;0;100;0;5;400;100;
1791533910.102	EA:BE:3E:E6:32:90	JBC_NANO	E;834;47;2;0;350;4;48;48;1200;1200;258;0;0;100;0;5;450;100;
1791533910.282	EA:BE:3E:E6:32:90	JBC_NANO	E;834;47;2;0;350;4;48;48;1200;1200;258;0;0;100;0;5;450;100;
1791533910.402	D7:5B:CA:55:9E:68	JBC_Std	E;806;28;9;0;350;4;20;20;1200;1200;252;0;0;100;0;5;400;100;
1791533910.613	EA:BE:3E:E6:32:90	JBC_NANO	E;834;47;2;0;350;4;48;48;1200;1200;258;0;0;100;0;5;450;100;
1791533910.761	D7:5B:CA:55:9E:68	JBC_Std	E;806;28;9;0;350;4;20;20;1200;1200;252;0;0;100;0;5;400;100;
1791533910.971	EA:BE:3E:E6:32:90	JBC_NANO	E;834;47;2;0;350;4;48;48;1200;1200;258;0;0;100;0;5;450;100;
1791533911.122	D7:5B:CA:55:9E:68	JBC_Std	E;806;27;9;0;350;4;20;20;1200;1200;252;0;0;100;0;5;400;100;
1791533911.331	EA:BE:3E:E6:32:90	JBC_NANO	E;834;47;2;0;350;4;48;48;1200;1200;258;0;0;100;0;5;450;100;
1791533911.482	D7:5B:CA:55:9E:68	JBC_Std	E;806;26;9;0;350;4;20;20;1200;1200;252;0;0;100;0;5;400;100;
1791533911.692	EA:BE:3E:E6:32:90	JBC_NANO	E;834;47;2;0;350;4;48;48;1200;1200;258;0;0;100;0;5;450;100;
1791533911.841	D7:5B:CA:55:9E:68	JBC_Std	E;806;26;9;0;350;4;20;20;1200;1200;252;0;0;100;0;5;400;100;
1791533912.052	EA:BE:3E:E6:32:90	JBC_NANO	E;834;47;2;0;350;4;48;48;1200;1200;258;0;0;100;0;5;450;100;
1791533912.201	D7:5B:CA:55:9E:68	JBC_Std	E;806;26;9;0;350;4;20;20;1200;1200;252;0;0;100;0;5;400;100;
1791533912.444	EA:BE:3E:E6:32:90	JBC_NANO	E;834;46;2;0;350;4;48;48;1200;1200;258;0;0;100;0;5;450;100;
1791533912.531	D7:5B:CA:55:9E:68	JBC_Std	E;806;27;9;0;350;4;20;20;1200;1200;252;0;0;100;0;5;400;100;
1791533912.802	EA:BE:3E:E6:32:90	JBC_NANO	E;834;46;2;0;350;4;48;48;1200;1200;258;0;0;100;0;5;450;100;
1791533912.891	D7:5B:CA:55:9E:68	JBC_Std	E;806;27;9;0;350;4;20;20;1200;1200;252;0;0;100;0;5;400;100;
1791533913.161	EA:BE:3E:E6:32:90	JBC_NANO	E;834;46;2;0;350;4;48;48;1200;1200;258;0;0;100;0;5;450;100;
1791533913.251	D7:5B:CA:55:9E:68	JBC_Std	E;806;28;9;0;350;4;20;20;1200;1200;252;0;0;100;0;5;400;100;
1791533913.522	EA:BE:3E:E6:32:90	JBC_NANO	E;834;45;2;0;350;4;48;48;1200;1200;258;0;0;100;0;5;450;100;
1791533913.671	D7:5B:CA:55:9E:68	JBC_Std	E;806;28;9;0;350;4;20;20;1200;1200;252;0;0;100;0;5;400;100;
1791533913.882	EA:BE:3E:E6:32:90	JBC_NANO	E;834;45;2;0;350;4;48;48;1200;1200;258;0;0;100;0;5;450;100;
1791533913.971	D7:5B:CA:55:9E:68	JBC_Std	E;806;27;9;0;350;4;20;20;1200;1200;252;0;0;100;0;5;400;100;
1791533914.241	EA:BE:3E:E6:32:90	JBC_NANO	E;834;44;2;0;350;4;48;48;1200;1200;258;0;0;100;0;5;450;100;
1791533914.331	D7:5B:CA:55:9E:68	JBC_Std	E;806;27;9;0;350;4;20;20;1200;1200;252;0;0;100;0;5;400;100;
1791533914.572	EA:BE:3E:E6:32:90	JBC_NANO	E;834;44;2;0;350;4;48;48;1200;1200;258;0;0;100;0;5;450;100;
1791533914.661	D7:5B:CA:55:9E:68	JBC_Std	E;806;27;9;0;350;4;20;20;1200;1200;252;0;0;100;0;5;400;100;
1791533914.991	EA:BE:3E:E6:32:90	JBC_NANO	E;834;44;2;0;350;4;48;48;1200;1200;258;0;0;100;0;5;450;100;
1791533915.021	D7:5B:CA:55:9E:68	JBC_Std	E;806;27;9;0;350;4;20;20;1200;1200;252;0;0;100;0;5;400;100;
1791533915.292	EA:BE:3E:E6:32:90	JBC_NANO	E;834;44;2;0;350;4;48;48;1200;1200;258;0;0;100;0;5;450;100;
1791533915.381	D7:5B:CA:55:9E:68	JBC_Std	E;806;27;9;0;350;4;20;20;1200;1200;252;0;0;100;0;5;400;100;
1791533915.652	EA:BE:3E:E6:32:90	JBC_NANO	E;834;44;2;0;350;4;48;48;1200;1200;258;0;0;100;0;5;450;100;
1791533915.740	D7:5B:CA:55:9E:68	JBC_Std	E;806;27;9;0;350;4;20;20;1200;1200;252;0;0;100;0;5;400;100;
1791533916.012	EA:BE:3E:E6:32:90	JBC_NANO	E;834;44;2;0;350;4;48;48;1200;1200;258;0;0;100;0;5;450;100;
1791533916.102	D7:5B:CA:55:9E:68	JBC_Std	E;806;26;9;0;350;4;20;20;1200;1200;252;0;0;100;0;5;400;100;
1791533916.372	EA:BE:3E:E6:32:90	JBC_NANO	E;834;44;2;0;350;4;48;48;1200;1200;258;0;0;100;0;5;450;100;
1791533916.492	D7:5B:CA:55:9E:68	JBC_Std	E;806;26;9;0;350;4;20;20;1200;1200;252;0;0;100;0;5;400;100;
1791533916.702	EA:BE:3E:E6:32:90	JBC_NANO	E;834;44;2;0;350;4;48;48;1200;1200;258;0;0;100;0;5;450;100;
1791533916.851	D7:5B:CA:55:9E:68	JBC_Std	E;806;26;9;0;350;4;20;20;1200;1200;252;0;0;100;0;5;400;100;
1791533917.062	EA:BE:3E:E6:32:90	JBC_NANO	E;834;43;2;0;350;4;48;48;1200;1200;258;0;0;100;0;5;450;100;
1791533917.211	D7:5B:CA:55:9E:68	JBC_Std	E;806;26;9;0;350;4;20;20;1200;1200;252;0;0;100;0;5;400;100;
1791533917.422	EA:BE:3E:E6:32:90	JBC_NANO	E;834;43;2;0;350;4;48;48;1200;1200;258;0;0;100;0;5;450;100;
1791533917.571	D7:5B:CA:55:9E:68	JBC_Std	E;806;26;9;0;350;4;20;20;1200;1200;252;0;0;100;0;5;400;100;
1791533917.842	EA:BE:3E:E6:32:90	JBC_NANO	E;834;43;2;0;350;4;48;48;1200;1200;258;0;0;100;0;5;450;100;
1791533917.931	D7:5B:CA:55:9E:68	JBC_Std	E;806;26;9;0;350;4;20;20;1200;1200;252;0;0;100;0;5;400;100;
1791533918.202	EA:BE:3E:E6:32:90	JBC_NANO	E;834;42;2;0;350;4;48;48;1200;1200;258;0;0;100;0;5;450;100;
1791533918.291	D7:5B:CA:55:9E:68	JBC_Std	E;806;27;9;0;350;4;20;20;1200;1200;252;0;0;100;0;5;400;100;
1791533918.593	EA:BE:3E:E6:32:90	JBC_NANO	E;834;42;2;0;350;4;48;48;1200;1200;258;0;0;100;0;5;450;100;
1791533918.621	D7:5B:CA:55:9E:68	JBC_Std	E;806;27;9;0;350;4;20;20;1200;1200;252;0;0;100;0;5;400;100;
1791533918.953	EA:BE:3E:E6:32:90	JBC_NANO	E;834;42;2;0;350;4;48;48;1200;1200;258;0;0;100;0;5;450;100;
1791533918.982	D7:5B:CA:55:9E:68	JBC_Std	E;806;28;9;0;350;4;20;20;1200;1200;252;0;0;100;0;5;400;100;
1791533919.311	EA:BE:3E:E6:32:90	JBC_NANO	E;834;42;2;0;350;4;48;48;1200;1200;258;0;0;100;0;5;450;100;
1791533919.341	D7:5B:CA:55:9E:68	JBC_Std	E;806;28;9;0;350;4;20;20;1200;1200;252;0;0;100;0;5;400;100;
1791533919.672	EA:BE:3E:E6:32:90	JBC_NANO	E;834;42;2;0;350;4;48;48;1200;1200;258;0;0;100;0;5;450;100;
1791533919.702	D7:5B:CA:55:9E:68	JBC_Std	E;806;28;9;0;350;4;20;20;1200;1200;252;0;0;100;0;5;400;100;
1791533920.032	EA:BE:3E:E6:32:90	JBC_NANO	E;835;43;2;0;350;4;48;48;1200;1200;258;0;0;100;0;5;450;100;
1791533920.061	D7:5B:CA:55:9E:68	JBC_Std	E;806;28;9;0;350;4;20;20;1200;1200;252;0;0;100;0;5;400;100;
1791533920.392	EA:BE:3E:E6:32:90	JBC_NANO	E;835;43;2;0;350;4;48;48;1200;1200;258;0;0;100;0;5;450;100;
1791533920.451	D7:5B:CA:55:9E:68	JBC_Std	E;806;27;9;0;350;4;20;20;1200;1200;252;0;0;100;0;5;400;100;
1791533920.722	EA:BE:3E:E6:32:90	JBC_NANO	E;835;43;2;0;350;4;48;48;1200;1200;258;0;0;100;0;5;450;100;
1791533920.811	D7:5B:CA:55:9E:68	JBC_Std	E;806;27;9;0;350;4;20;20;1200;1200;252;0;0;100;0;5;400;100;
1791533921.082	EA:BE:3E:E6:32:90	JBC_NANO	E;835;42;2;0;350;4;48;48;1200;1200;258;0;0;100;0;5;450;100;
1791533921.171	D7:5B:CA:55:9E:68	JBC_Std	E;806;27;9;0;350;4;20;20;1200;1200;252;0;0;100;0;5;400;100;
1791533921.502	EA:BE:3E:E6:32:90	JBC_NANO	E;835;41;2;0;350;4;48;48;1200;1200;258;0;0;100;0;5;450;100;
1791533921.591	D7:5B:CA:55:9E:68	JBC_Std	E;806;27;9;0;350;4;20;20;1200;1200;252;0;0;100;0;5;400;100;
1791533921.802	EA:BE:3E:E6:32:90	JBC_NANO	E;835;40;2;0;350;4;48;48;1200;1200;258;0;0;100;0;5;450;100;
1791533921.951	D7:5B:CA:55:9E:68	JBC_Std	E;806;27;9;0;350;4;20;20;1200;1200;252;0;0;100;0;5;400;100;
1791533922.161	EA:BE:3E:E6:32:90	JBC_NANO	E;835;40;2;0;350;4;48;48;1200;1200;258;0;0;100;0;5;450;100;
1791533922.311	D7:5B:CA:55:9E:68	JBC_Std	E;806;27;9;0;350;4;20;20;1200;1200;252;0;0;100;0;5;400;100;
1791533922.551	EA:BE:3E:E6:32:90	JBC_NANO	E;835;40;2;0;350;4;48;48;1200;1200;258;0;0;100;0;5;450;100;
1791533922.642	D7:5B:CA:55:9E:68	JBC_Std	E;806;27;9;0;350;4;20;20;1200;1200;252;0;0;100;0;5;400;100;
1791533922.912	EA:BE:3E:E6:32:90	JBC_NANO	E;835;40;2;0;350;4;48;48;1200;1200;258;0;0;100;0;5;450;100;
1791533923.001	D7:5B:CA:55:9E:68	JBC_Std	E;806;27;9;0;350;4;20;20;1200;1200;252;0;0;100;0;5;400;100;
1791533923.272	EA:BE:3E:E6:32:90	JBC_NANO	E;835;41;2;0;350;4;48;48;1200;1200;258;0;0;100;0;5;450;100;
1791533923.361	D7:5B:CA:55:9E:68	JBC_Std	E;806;27;9;0;350;4;20;20;1200;1200;252;0;0;100;0;5;400;100;
1791533923.631	EA:BE:3E:E6:32:90	JBC_NANO	E;835;40;2;0;350;4;48;48;1200;1200;258;0;0;100;0;5;450;100;
1791533923.721	D7:5B:CA:55:9E:68	JBC_Std	E;806;28;9;0;350;4;20;20;1200;1200;252;0;0;100;0;5;400;100;
1791533923.992	EA:BE:3E:E6:32:90	JBC_NANO	E;835;40;2;0;350;4;48;48;1200;1200;258;0;0;100;0;5;450;100;
1791533924.081	D7:5B:CA:55:9E:68	JBC_Std	E;806;28;9;0;350;4;20;20;1200;1200;252;0;0;100;0;5;400;100;
1791533924.352	EA:BE:3E:E6:32:90	JBC_NANO	E;835;40;2;0;350;4;48;47;1200;1199;258;0;0;100;0;5;450;100;
1791533924.471	D7:5B:CA:55:9E:68	JBC_Std	E;806;27;9;0;350;4;20;20;1200;1200;252;0;0;100;0;5;400;100;
1791533924.682	EA:BE:3E:E6:32:90	JBC_NANO	E;835;40;2;0;350;4;48;48;1200;1200;258;0;0;100;0;5;450;100;
1791533924.832	D7:5B:CA:55:9E:68	JBC_Std	E;806;27;9;0;350;4;20;20;1200;1200;252;0;0;100;0;5;400;100;
1791533925.041	EA:BE:3E:E6:32:90	JBC_NANO	E;835;40;2;0;350;4;48;48;1200;1200;258;0;0;100;0;5;450;100;
1791533925.192	D7:5B:CA:55:9E:68	JBC_Std	E;806;27;9;0;350;4;20;20;1200;1200;252;0;0;100;0;5;400;100;
1791533925.461	EA:BE:3E:E6:32:90	JBC_NANO	E;835;41;2;0;350;4;48;48;1200;1200;258;0;0;100;0;5;450;100;
1791533925.551	D7:5B:CA:55:9E:68	JBC_Std	E;806;26;9;0;350;4;20;20;1200;1200;252;0;0;100;0;5;400;100;
1791533925.822	EA:BE:3E:E6:32:90	JBC_NANO	E;835;40;2;0;350;4;48;48;1200;1200;258;0;0;100;0;5;450;100;
1791533925.911	D7:5B:CA:55:9E:68	JBC_Std	E;806;26;9;0;350;4;20;20;1200;1200;252;0;0;100;0;5;400;100;
1791533926.182	EA:BE:3E:E6:32:90	JBC_NANO	E;835;40;2;0;350;4;48;48;1200;1200;258;0;0;100;0;5;450;100;
1791533926.271	D7:5B:CA:55:9E:68	JBC_Std	E;806;26;9;0;350;4;20;20;1200;1200;252;0;0;100;0;5;400;100;
1791533926.571	EA:BE:3E:E6:32:90	JBC_NANO	E;835;39;2;0;350;4;48;48;1200;1200;258;0;0;100;0;5;450;100;
1791533926.601	D7:5B:CA:55:9E:68	JBC_Std	E;806;26;9;0;350;4;20;20;1200;1200;252;0;0;100;0;5;400;100;
1791533926.932	EA:BE:3E:E6:32:90	JBC_NANO	E;835;39;2;0;350;4;48;48;1200;1200;258;0;0;100;0;5;450;100;
1791533926.961	D7:5B:CA:55:9E:68	JBC_Std	E;806;26;9;0;350;4;20;20;1200;1200;252;0;0;100;0;5;400;100;
1791533927.292	EA:BE:3E:E6:32:90	JBC_NANO	E;835;38;2;0;350;4;48;48;1200;1200;258;0;0;100;0;5;450;100;
1791533927.321	D7:5B:CA:55:9E:68	JBC_Std	E;806;27;9;0;350;4;20;20;1200;1200;252;0;0;100;0;5;400;100;
1791533927.681	D7:5B:CA:55:9E:68	JBC_Std	E;806;27;9;0;350;4;20;20;1200;1200;252;0;0;100;0;5;400;100;
1791533927.771	EA:BE:3E:E6:32:90	JBC_NANO	E;835;38;2;0;350;4;48;48;1200;1200;258;0;0;100;0;5;450;100;
1791533928.012	EA:BE:3E:E6:32:90	JBC_NANO	E;835;39;2;0;350;4;48;48;1200;1200;258;0;0;100;0;5;450;100;
1791533928.041	D7:5B:CA:55:9E:68	JBC_Std	E;806;27;9;0;350;4;20;20;1200;1200;252;0;0;100;0;5;400;100;
1791533928.371	EA:BE:3E:E6:32:90	JBC_NANO	E;835;39;2;0;350;4;48;48;1200;1200;258;0;0;100;0;5;450;100;
1791533928.401	D7:5B:CA:55:9E:68	JBC_Std	E;806;27;9;0;350;4;20;20;1200;1200;252;0;0;100;0;5;400;100;
1791533928.731	D7:5B:CA:55:9E:68	JBC_Std	E;806;26;9;0;350;4;20;20;1200;1200;252;0;0;100;0;5;400;100;
1791533928.761	EA:BE:3E:E6:32:90	JBC_NANO	E;835;39;2;0;350;4;48;48;1200;1200;258;0;0;100;0;5;450;100;
1791533929.062	EA:BE:3E:E6:32:90	JBC_NANO	E;835;40;2;0;350;4;48;48;1200;1200;258;0;0;100;0;5;450;100;
1791533929.090	D7:5B:CA:55:9E:68	JBC_Std	E;806;26;9;0;350;4;20;20;1200;1200;252;0;0;100;0;5;400;100;
1791533929.422	EA:BE:3E:E6:32:90	JBC_NANO	E;835;39;2;0;350;4;48;48;1200;1200;258;0;0;100;0;5;450;100;
1791533929.451	D7:5B:CA:55:9E:68	JBC_Std	E;806;26;9;0;350;4;20;20;1200;1200;252;0;0;100;0;5;400;100;
1791533929.782	EA:BE:3E:E6:32:90	JBC_NANO	E;835;39;2;0;350;4;48;48;1200;1200;258;0;0;100;0;5;450;100;
1791533929.810	D7:5B:CA:55:9E:68	JBC_Std	E;806;26;9;0;350;4;20;20;1200;1200;252;0;0;100;0;5;400;100;
1791533930.141	EA:BE:3E:E6:32:90	JBC_NANO	E;835;39;2;0;350;4;48;48;1200;1200;258;0;0;100;0;5;450;100;
1791533930.171	D7:5B:CA:55:9E:68	JBC_Std	E;806;26;9;0;350;4;20;20;1200;1200;252;0;0;100;0;5;400;100;
1791533930.532	EA:BE:3E:E6:32:90	JBC_NANO	E;835;38;2;0;350;4;48;48;1200;1200;258;0;0;100;0;5;450;100;
1791533930.561	D7:5B:CA:55:9E:68	JBC_Std	E;806;27;9;0;350;4;20;20;1200;1200;252;0;0;100;0;5;400;100;
1791533930.831	EA:BE:3E:E6:32:90	JBC_NANO	E;835;38;2;0;350;4;48;48;1200;1200;258;0;0;100;0;5;450;100;
1791533930.921	D7:5B:CA:55:9E:68	JBC_Std	E;806;27;9;0;350;4;20;20;1200;1200;252;0;0;100;0;5;400;100;
1791533931.193	EA:BE:3E:E6:32:90	JBC_NANO	E;836;38;2;0;350;4;48;48;1200;1200;258;0;0;100;0;5;450;100;
1791533931.281	D7:5B:CA:55:9E:68	JBC_Std	E;806;28;9;0;350;4;20;20;1200;1200;252;0;0;100;0;5;400;100;
1791533931.551	EA:BE:3E:E6:32:90	JBC_NANO	E;836;38;2;0;350;4;48;48;1200;1200;258;0;0;100;0;5;450;100;
1791533931.641	D7:5B:CA:55:9E:68	JBC_Std	E;806;28;9;0;350;4;20;20;1200;1200;252;0;0;100;0;5;400;100;
1791533931.943	EA:BE:3E:E6:32:90	JBC_NANO	E;836;38;2;0;350;4;48;48;1200;1200;258;0;0;100;0;5;450;100;
1791533931.971	D7:5B:CA:55:9E:68	JBC_Std	E;806;27;9;0;350;4;20;20;1200;1200;252;0;0;100;0;5;400;100;
1791533932.302	EA:BE:3E:E6:32:90	JBC_NANO	E;836;38;2;0;350;4;48;48;1200;1200;258;0;0;100;0;5;450;100;
1791533932.330	D7:5B:CA:55:9E:68	JBC_Std	E;806;27;9;0;350;4;20;20;1200;1200;252;0;0;100;0;5;400;100;
1791533932.661	D7:5B:CA:55:9E:68	JBC_Std	E;806;26;9;0;350;4;20;20;1200;1200;252;0;0;100;0;5;400;100;
1791533932.692	EA:BE:3E:E6:32:90	JBC_NANO	E;836;38;2;0;350;4;48;48;1200;1200;258;0;0;100;0;5;450;100;
1791533933.021	D7:5B:CA:55:9E:68	JBC_Std	E;806;26;9;0;350;4;20;20;1200;1200;252;0;0;100;0;5;400;100;
1791533933.051	EA:BE:3E:E6:32:90	JBC_NANO	E;836;38;2;0;350;4;48;48;1200;1200;258;0;0;100;0;5;450;100;
1791533933.382	EA:BE:3E:E6:32:90	JBC_NANO	E;836;38;2;0;350;4;48;48;1200;1200;258;0;0;100;0;5;450;100;
1791533933.411	D7:5B:CA:55:9E:68	JBC_Std	E;806;27;9;0;350;4;20;20;1200;1200;252;0;0;100;0;5;400;100;
1791533933.771	D7:5B:CA:55:9E:68	JBC_Std	E;806;27;9;0;350;4;20;20;1200;1200;252;0;0;100;0;5;400;100;
1791533933.951	EA:BE:3E:E6:32:90	JBC_NANO	E;836;38;2;0;350;4;48;48;1200;1200;258;0;0;100;0;5;450;100;
1791533934.221	D7:5B:CA:55:9E:68	JBC_Std	E;806;27;9;0;350;4;20;20;1200;1200;252;0;0;100;0;5;400;100;
1791533934.312	EA:BE:3E:E6:32:90	JBC_NANO	E;836;37;2;0;350;4;48;48;1200;1200;258;0;0;100;0;5;450;100;
1791533934.581	D7:5B:CA:55:9E:68	JBC_Std	E;806;27;9;0;350;4;20;20;1200;1200;252;0;0;100;0;5;400;100;
1791533934.672	EA:BE:3E:E6:32:90	JBC_NANO	E;836;37;2;0;350;4;48;48;1200;1200;258;0;0;100;0;5;450;100;
1791533934.941	D7:5B:CA:55:9E:68	JBC_Std	E;806;27;9;0;350;4;20;20;1200;1200;252;0;0;100;0;5;400;100;
1791533935.031	EA:BE:3E:E6:32:90	JBC_NANO	E;836;37;2;0;350;4;48;48;1200;1200;258;0;0;100;0;5;450;100;
1791533935.301	D7:5B:CA:55:9E:68	JBC_Std	E;806;27;9;0;350;4;20;20;1200;1200;252;0;0;100;0;5;400;100;
1791533935.392	EA:BE:3E:E6:32:90	JBC_NANO	E;836;37;2;0;350;4;48;48;1200;1200;258;0;0;100;0;5;450;100;
1791533935.662	D7:5B:CA:55:9E:68	JBC_Std	E;806;27;9;0;350;4;20;20;1200;1200;252;0;0;100;0;5;400;100;
1791533935.751	EA:BE:3E:E6:32:90	JBC_NANO	E;836;37;2;0;350;4;48;48;1200;1200;258;0;0;100;0;5;450;100;
1791533935.991	D7:5B:CA:55:9E:68	JBC_Std	E;806;26;9;0;350;4;20;20;1200;1200;252;0;0;100;0;5;400;100;
1791533936.082	EA:BE:3E:E6:32:90	JBC_NANO	E;836;37;2;0;350;4;48;48;1200;1200;258;0;0;100;0;5;450;100;
1791533936.351	D7:5B:CA:55:9E:68	JBC_Std	E;806;27;9;0;350;4;20;20;1200;1200;252;0;0;100;0;5;400;100;
1791533936.442	EA:BE:3E:E6:32:90	JBC_NANO	E;836;36;2;0;350;4;48;48;1200;1200;258;0;0;100;0;5;450;100;
1791533936.711	D7:5B:CA:55:9E:68	JBC_Std	E;806;27;9;0;350;4;20;20;1200;1200;252;0;0;100;0;5;400;100;
1791533936.801	EA:BE:3E:E6:32:90	JBC_NANO	E;836;37;2;0;350;4;48;48;1200;1200;258;0;0;100;0;5;450;100;
1791533937.070	D7:5B:CA:55:9E:68	JBC_Std	E;806;27;9;0;350;4;20;20;1200;1200;252;0;0;100;0;5;400;100;
1791533937.161	EA:BE:3E:E6:32:90	JBC_NANO	E;836;37;2;0;350;4;48;48;1200;1200;258;0;0;100;0;5;450;100;
1791533937.431	D7:5B:CA:55:9E:68	JBC_Std	E;806;28;9;0;350;4;20;20;1200;1200;252;0;0;100;0;5;400;100;
1791533937.521	EA:BE:3E:E6:32:90	JBC_NANO	E;836;37;2;0;350;4;48;48;1200;1200;258;0;0;100;0;5;450;100;
1791533937.791	D7:5B:CA:55:9E:68	JBC_Std	E;806;28;9;0;350;4;20;20;1200;1200;252;0;0;100;0;5;400;100;
1791533937.912	EA:BE:3E:E6:32:90	JBC_NANO	E;836;37;2;0;350;4;48;48;1200;1200;258;0;0;100;0;5;450;100;
1791533938.121	D7:5B:CA:55:9E:68	JBC_Std	E;806;28;9;0;350;4;20;20;1200;1200;252;0;0;100;0;5;400;100;
1791533938.211	EA:BE:3E:E6:32:90	JBC_NANO	E;836;36;2;0;350;4;48;48;1200;1200;258;0;0;100;0;5;450;100;
1791533938.481	D7:5B:CA:55:9E:68	JBC_Std	E;806;28;9;0;350;4;20;20;1200;1200;252;0;0;100;0;5;400;100;
1791533938.572	EA:BE:3E:E6:32:90	JBC_NANO	E;836;35;2;0;350;4;48;48;1200;1200;257;0;0;100;0;5;450;100;
1791533938.840	D7:5B:CA:55:9E:68	JBC_Std	E;806;27;9;0;350;4;20;20;1200;1200;252;0;0;100;0;5;400;100;
1791533938.871	EA:BE:3E:E6:32:90	JBC_NANO	E;836;35;2;0;350;4;48;48;1200;1200;258;0;0;100;0;5;450;100;
1791533939.231	EA:BE:3E:E6:32:90	JBC_NANO	E;836;35;2;0;350;4;48;48;1200;1200;258;0;0;100;0;5;450;100;
1791533939.261	D7:5B:CA:55:9E:68	JBC_Std	E;806;27;9;0;350;4;20;20;1200;1200;252;0;0;100;0;5;400;100;
1791533939.591	EA:BE:3E:E6:32:90	JBC_NANO	E;836;35;2;0;350;4;48;48;1200;1200;258;0;0;100;0;5;450;100;
1791533939.621	D7:5B:CA:55:9E:68	JBC_Std	E;806;27;9;0;350;4;20;20;1200;1200;252;0;0;100;0;5;400;100;
1791533939.981	EA:BE:3E:E6:32:90	JBC_NANO	E;836;35;2;0;350;4;48;48;1200;1200;258;0;0;100;0;5;450;100;
1791533940.011	D7:5B:CA:55:9E:68	JBC_Std	E;806;28;9;0;350;4;20;20;1200;1200;252;0;0;100;0;5;400;100;
1791533940.341	EA:BE:3E:E6:32:90	JBC_NANO	E;836;35;2;0;350;4;48;48;1200;1200;257;0;0;100;0;5;450;100;
1791533940.371	D7:5B:CA:55:9E:68	JBC_Std	E;806;28;9;0;350;4;20;20;1200;1200;252;0;0;100;0;5;400;100;
1791533940.701	EA:BE:3E:E6:32:90	JBC_NANO	E;836;35;2;0;350;4;48;48;1200;1200;258;0;0;100;0;5;450;100;
1791533940.731	D7:5B:CA:55:9E:68	JBC_Std	E;806;27;9;0;350;4;20;20;1200;1200;252;0;0;100;0;5;400;100;
1791533941.062	EA:BE:3E:E6:32:90	JBC_NANO	E;836;35;2;0;350;4;48;48;1200;1200;257;0;0;100;0;5;450;100;
1791533941.151	D7:5B:CA:55:9E:68	JBC_Std	E;806;28;9;0;350;4;20;20;1200;1200;252;0;0;100;0;5;400;100;
1791533941.421	EA:BE:3E:E6:32:90	JBC_NANO	E;836;35;2;0;350;4;48;48;1200;1200;257;0;0;100;0;5;450;100;
1791533941.511	D7:5B:CA:55:9E:68	JBC_Std	E;806;27;9;0;350;4;20;20;1200;1200;252;0;0;100;0;5;400;100;
1791533941.781	EA:BE:3E:E6:32:90	JBC_NANO	E;836;35;2;0;350;4;48;48;1200;1200;257;0;0;100;0;5;450;100;
1791533941.901	D7:5B:CA:55:9E:68	JBC_Std	E;806;27;9;0;350;4;20;20;1200;1200;252;0;0;100;0;5;400;100;
1791533942.111	EA:BE:3E:E6:32:90	JBC_NANO	E;836;35;2;0;350;4;48;48;1200;1200;257;0;0;100;0;5;450;100;
1791533942.260	D7:5B:CA:55:9E:68	JBC_Std	E;806;27;9;0;350;4;20;20;1200;1200;252;0;0;100;0;5;400;100;
1791533942.471	EA:BE:3E:E6:32:90	JBC_NANO	E;837;35;2;0;350;4;48;48;1200;1200;257;0;0;100;0;5;450;100;
1791533942.621	D7:5B:CA:55:9E:68	JBC_Std	E;806;26;9;0;350;4;20;20;1200;1200;252;0;0;100;0;5;400;100;
1791533942.831	EA:BE:3E:E6:32:90	JBC_NANO	E;837;35;2;0;350;4;48;48;1200;1200;257;0;0;100;0;5;450;100;
1791533942.981	D7:5B:CA:55:9E:68	JBC_Std	E;806;26;9;0;350;4;20;20;1200;1200;252;0;0;100;0;5;400;100;
1791533943.191	EA:BE:3E:E6:32:90	JBC_NANO	E;837;35;2;0;350;4;48;48;1200;1200;257;0;0;100;0;5;450;100;
1791533943.340	D7:5B:CA:55:9E:68	JBC_Std	E;806;26;9;0;350;4;20;20;1200;1200;252;0;0;100;0;5;400;100;
1791533943.551	EA:BE:3E:E6:32:90	JBC_NANO	E;837;35;2;0;350;4;48;48;1200;1200;257;0;0;100;0;5;450;100;
1791533943.700	D7:5B:CA:55:9E:68	JBC_Std	E;806;27;9;0;350;4;20;20;1200;1200;252;0;0;100;0;5;400;100;
1791533943.942	EA:BE:3E:E6:32:90	JBC_NANO	E;837;35;2;0;350;4;48;48;1200;1200;257;0;0;100;0;5;450;100;
1791533944.030	D7:5B:CA:55:9E:68	JBC_Std	E;806;27;9;0;350;4;20;20;1200;1200;252;0;0;100;0;5;400;100;
1791533944.301	EA:BE:3E:E6:32:90	JBC_NANO	E;837;35;2;0;350;4;48;48;1200;1200;257;0;0;100;0;5;450;100;
1791533944.391	D7:5B:CA:55:9E:68	JBC_Std	E;806;27;9;0;350;4;20;20;1200;1200;252;0;0;100;0;5;400;100;
1791533944.661	EA:BE:3E:E6:32:90	JBC_NANO	E;837;35;2;0;350;4;48;48;1200;1200;257;0;0;100;0;5;450;100;
1791533944.751	D7:5B:CA:55:9E:68	JBC_Std	E;806;27;9;0;350;4;20;20;1200;1200;252;0;0;100;0;5;400;100;
1791533945.020	EA:BE:3E:E6:32:90	JBC_NANO	E;837;35;2;0;350;4;48;48;1200;1200;257;0;0;100;0;5;450;100;
1791533945.110	D7:5B:CA:55:9E:68	JBC_Std	E;806;27;9;0;350;4;20;20;1200;1200;252;0;0;100;0;5;400;100;
1791533945.381	EA:BE:3E:E6:32:90	JBC_NANO	E;837;35;2;0;350;4;48;48;1200;1200;257;0;0;100;0;5;450;100;
1791533945.471	D7:5B:CA:55:9E:68	JBC_Std	E;806;26;9;0;350;4;20;20;1200;1200;252;0;0;100;0;5;400;100;
1791533945.741	EA:BE:3E:E6:32:90	JBC_NANO	E;837;34;2;0;350;4;48;48;1200;1200;257;0;0;100;0;5;450;100;
1791533945.831	D7:5B:CA:55:9E:68	JBC_Std	E;806;26;9;0;350;4;20;20;1200;1200;252;0;0;100;0;5;400;100;
1791533946.131	EA:BE:3E:E6:32:90	JBC_NANO	E;837;34;2;0;350;4;48;48;1200;1200;257;0;0;100;0;5;450;100;
1791533946.160	D7:5B:CA:55:9E:68	JBC_Std	E;806;27;9;0;350;4;20;20;1200;1200;252;0;0;100;0;5;400;100;
1791533946.491	EA:BE:3E:E6:32:90	JBC_NANO	E;837;34;2;0;350;4;48;48;1200;1200;257;0;0;100;0;5;450;100;
1791533946.520	D7:5B:CA:55:9E:68	JBC_Std	E;806;27;9;0;350;4;20;20;1200;1200;252;0;0;100;0;5;400;100;
1791533946.851	EA:BE:3E:E6:32:90	JBC_NANO	E;837;34;2;0;350;4;48;48;1200;1200;257;0;0;100;0;5;450;100;
1791533946.881	D7:5B:CA:55:9E:68	JBC_Std	E;806;28;9;0;350;4;20;20;1200;1200;252;0;0;100;0;5;400;100;
1791533947.240	D7:5B:CA:55:9E:68	JBC_Std	E;806;28;9;0;350;4;20;20;1200;1200;252;0;0;100;0;5;400;100;
1791533947.271	EA:BE:3E:E6:32:90	JBC_NANO	E;837;35;2;0;350;4;48;48;1200;1200;257;0;0;100;0;5;450;100;
1791533947.571	EA:BE:3E:E6:32:90	JBC_NANO	E;837;35;2;0;350;4;48;48;1200;1200;257;0;0;100;0;5;450;100;
1791533947.601	D7:5B:CA:55:9E:68	JBC_Std	E;806;27;9;0;350;4;20;20;1200;1200;252;0;0;100;0;5;400;100;
1791533947.991	D7:5B:CA:55:9E:68	JBC_Std	E;806;27;9;0;350;4;20;20;1200;1200;252;0;0;100;0;5;400;100;
1791533948.140	EA:BE:3E:E6:32:90	JBC_NANO	E;837;35;2;0;350;4;48;48;1200;1200;257;0;0;100;0;5;450;100;
1791533948.351	D7:5B:CA:55:9E:68	JBC_Std	E;806;27;9;0;350;4;20;20;1200;1200;252;0;0;100;0;5;400;100;
1791533948.380	EA:BE:3E:E6:32:90	JBC_NANO	E;837;35;2;0;350;4;48;48;1200;1200;257;0;0;100;0;5;450;100;
1791533948.710	D7:5B:CA:55:9E:68	JBC_Std	E;806;27;9;0;350;4;20;20;1200;1200;252;0;0;100;0;5;400;100;
1791533948.743	EA:BE:3E:E6:32:90	JBC_NANO	E;837;35;2;0;350;4;48;48;1200;1200;257;0;0;100;0;5;450;100;
1791533949.071	D7:5B:CA:55:9E:68	JBC_Std	E;806;27;9;0;350;4;20;20;1200;1200;252;0;0;100;0;5;400;100;
1791533949.101	EA:BE:3E:E6:32:90	JBC_NANO	E;837;34;2;0;350;4;48;48;1200;1200;257;0;0;100;0;5;450;100;
1791533949.430	D7:5B:CA:55:9E:68	JBC_Std	E;806;27;9;0;350;4;20;20;1200;1200;252;0;0;100;0;5;400;100;
1791533949.461	EA:BE:3E:E6:32:90	JBC_NANO	E;837;34;2;0;350;4;48;48;1200;1200;257;0;0;100;0;5;450;100;
1791533949.791	D7:5B:CA:55:9E:68	JBC_Std	E;806;28;9;0;350;4;20;20;1200;1200;252;0;0;100;0;5;400;100;
1791533949.821	EA:BE:3E:E6:32:90	JBC_NANO	E;837;33;2;0;350;4;48;48;1200;1200;257;0;0;100;0;5;450;100;
1791533950.121	D7:5B:CA:55:9E:68	JBC_Std	E;806;27;9;0;350;4;20;20;1200;1200;252;0;0;100;0;5;400;100;
1791533950.270	EA:BE:3E:E6:32:90	JBC_NANO	E;837;32;2;0;350;4;48;48;1200;1200;257;0;0;100;0;5;450;100;
1791533950.480	D7:5B:CA:55:9E:68	JBC_Std	E;806;27;9;0;350;4;20;20;1200;1200;252;0;0;100;0;5;400;100;
1791533950.631	EA:BE:3E:E6:32:90	JBC_NANO	E;837;32;2;0;350;4;48;48;1200;1200;257;0;0;100;0;5;450;100;
1791533950.900	D7:5B:CA:55:9E:68	JBC_Std	E;806;27;9;0;350;4;20;20;1200;1200;252;0;0;100;0;5;400;100;
1791533950.991	EA:BE:3E:E6:32:90	JBC_NANO	E;837;32;2;0;350;4;48;48;1200;1200;257;0;0;100;0;5;450;100;
1791533951.201	D7:5B:CA:55:9E:68	JBC_Std	E;806;27;9;0;350;4;20;20;1200;1200;252;0;0;100;0;5;400;100;
1791533951.350	EA:BE:3E:E6:32:90	JBC_NANO	E;837;32;2;0;350;4;48;48;1200;1200;257;0;0;100;0;5;450;100;
1791533951.560	D7:5B:CA:55:9E:68	JBC_Std	E;806;27;9;0;350;4;20;20;1200;1200;252;0;0;100;0;5;400;100;
1791533951.711	EA:BE:3E:E6:32:90	JBC_NANO	E;837;32;2;0;350;4;48;48;1200;1200;257;0;0;100;0;5;450;100;
1791533951.951	D7:5B:CA:55:9E:68	JBC_Std	E;806;28;9;0;350;4;20;20;1200;1200;252;0;0;100;0;5;400;100;
1791533952.161	EA:BE:3E:E6:32:90	JBC_NANO	E;837;32;2;0;350;4;48;48;1200;1200;257;0;0;100;0;5;450;100;
1791533952.310	D7:5B:CA:55:9E:68	JBC_Std	E;806;28;9;0;350;4;20;20;1200;1200;252;0;0;100;0;5;400;100;
1791533952.461	EA:BE:3E:E6:32:90	JBC_NANO	E;837;32;2;0;350;4;48;48;1200;1200;257;0;0;100;0;5;450;100;
1791533952.731	D7:5B:CA:55:9E:68	JBC_Std	E;806;28;9;0;350;4;20;20;1200;1200;252;0;0;100;0;5;400;100;
1791533952.821	EA:BE:3E:E6:32:90	JBC_NANO	E;837;32;2;0;350;4;48;48;1200;1200;257;0;0;100;0;5;450;100;
1791533953.090	D7:5B:CA:55:9E:68	JBC_Std	E;806;27;9;0;350;4;20;20;1200;1200;252;0;0;100;0;5;400;100;
1791533953.181	EA:BE:3E:E6:32:90	JBC_NANO	E;837;33;2;0;350;4;48;48;1200;1200;257;0;0;100;0;5;450;100;
1791533953.450	D7:5B:CA:55:9E:68	JBC_Std	E;806;26;9;0;350;4;20;20;1200;1200;252;0;0;100;0;5;400;100;
1791533953.542	EA:BE:3E:E6:32:90	JBC_NANO	E;837;33;2;0;350;4;48;48;1200;1200;257;0;0;100;0;5;450;100;
1791533953.811	D7:5B:CA:55:9E:68	JBC_Std	E;806;27;9;0;350;4;20;20;1200;1200;252;0;0;100;0;5;400;100;
1791533953.901	EA:BE:3E:E6:32:90	JBC_NANO	E;838;33;2;0;350;4;48;48;1200;1200;257;0;0;100;0;5;450;100;
1791533954.140	D7:5B:CA:55:9E:68	JBC_Std	E;806;27;9;0;350;4;20;20;1200;1200;252;0;0;100;0;5;400;100;
1791533954.231	EA:BE:3E:E6:32:90	JBC_NANO	E;838;33;2;0;350;4;48;48;1200;1200;257;0;0;100;0;5;450;100;
1791533954.500	D7:5B:CA:55:9E:68	JBC_Std	E;806;27;9;0;350;4;20;20;1200;1200;252;0;0;100;0;5;400;100;
1791533954.591	EA:BE:3E:E6:32:90	JBC_NANO	E;838;33;2;0;350;4;48;48;1200;1200;257;0;0;100;0;5;450;100;
1791533954.860	D7:5B:CA:55:9E:68	JBC_Std	E;806;27;9;0;350;4;20;20;1200;1200;252;0;0;100;0;5;400;100;
1791533954.950	EA:BE:3E:E6:32:90	JBC_NANO	E;838;33;2;0;350;4;48;48;1200;1200;257;0;0;100;0;5;450;100;
1791533955.220	D7:5B:CA:55:9E:68	JBC_Std	E;806;27;9;0;350;4;20;20;1200;1200;252;0;0;100;0;5;400;100;
1791533955.251	EA:BE:3E:E6:32:90	JBC_NANO	E;838;33;2;0;350;4;48;48;1200;1200;257;0;0;100;0;5;450;100;
1791533955.520	D7:5B:CA:55:9E:68	JBC_Std	E;806;27;9;0;350;4;20;20;1200;1200;252;0;0;100;0;5;400;100;
1791533955.611	EA:BE:3E:E6:32:90	JBC_NANO	E;838;32;2;0;350;4;48;48;1200;1200;257;0;0;100;0;5;450;100;
1791533955.880	D7:5B:CA:55:9E:68	JBC_Std	E;806;26;9;0;350;4;20;20;1200;1200;252;0;0;100;0;5;400;100;
1791533956.001	EA:BE:3E:E6:32:90	JBC_NANO	E;838;32;2;0;350;4;48;48;1200;1200;257;0;0;100;0;5;450;100;
1791533956.271	D7:5B:CA:55:9E:68	JBC_Std	E;806;26;9;0;350;4;20;20;1200;1200;252;0;0;100;0;5;400;100;
1791533956.301	EA:BE:3E:E6:32:90	JBC_NANO	E;838;32;2;0;350;4;48;48;1200;1200;257;0;0;100;0;5;450;100;
1791533956.631	D7:5B:CA:55:9E:68	JBC_Std	E;806;26;9;0;350;4;20;20;1200;1200;252;0;0;100;0;5;400;100;
1791533956.662	EA:BE:3E:E6:32:90	JBC_NANO	E;838;32;2;0;350;4;48;48;1200;1200;257;0;0;100;0;5;450;100;
1791533956.990	D7:5B:CA:55:9E:68	JBC_Std	E;806;26;9;0;350;4;20;20;1200;1200;252;0;0;100;0;5;400;100;
1791533957.021	EA:BE:3E:E6:32:90	JBC_NANO	E;838;32;2;0;350;4;48;48;1200;1200;257;0;0;100;0;5;450;100;
1791533957.354	D7:5B:CA:55:9E:68	JBC_Std	E;806;27;9;0;350;4;20;20;1200;1200;252;0;0;100;0;5;400;100;
1791533957.441	EA:BE:3E:E6:32:90	JBC_NANO	E;838;32;2;0;350;4;48;48;1200;1200;257;0;0;100;0;5;450;100;
1791533957.710	D7:5B:CA:55:9E:68	JBC_Std	E;806;27;9;0;350;4;20;20;1200;1200;252;0;0;100;0;5;400;100;
1791533957.801	EA:BE:3E:E6:32:90	JBC_NANO	E;838;32;2;0;350;4;48;48;1200;1200;257;0;0;100;0;5;450;100;
1791533958.100	D7:5B:CA:55:9E:68	JBC_Std	E;806;28;9;0;350;4;20;20;1200;1200;252;0;0;100;0;5;400;100;
1791533958.251	EA:BE:3E:E6:32:90	JBC_NANO	E;838;32;2;0;350;4;48;48;1200;1200;257;0;0;100;0;5;450;100;
1791533958.460	D7:5B:CA:55:9E:68	JBC_Std	E;806;28;9;0;350;4;20;20;1200;1200;252;0;0;100;0;5;400;100;
1791533958.611	EA:BE:3E:E6:32:90	JBC_NANO	E;838;32;2;0;350;4;48;48;1200;1200;257;0;0;100;0;5;450;100;
1791533958.850	D7:5B:CA:55:9E:68	JBC_Std	E;806;28;9;0;350;4;20;20;1200;1200;252;0;0;100;0;5;400;100;
1791533959.001	EA:BE:3E:E6:32:90	JBC_NANO	E;838;33;2;0;350;4;48;48;1200;1200;257;0;0;100;0;5;450;100;
1791533959.210	D7:5B:CA:55:9E:68	JBC_Std	E;806;28;9;0;350;4;20;20;1200;1200;252;0;0;100;0;5;400;100;
1791533959.361	EA:BE:3E:E6:32:90	JBC_NANO	E;838;32;2;0;350;4;48;48;1200;1200;257;0;0;100;0;5;450;100;
1791533959.571	D7:5B:CA:55:9E:68	JBC_Std	E;806;28;9;0;350;4;20;20;1200;1200;252;0;0;100;0;5;400;100;
1791533959.721	EA:BE:3E:E6:32:90	JBC_NANO	E;838;32;2;0;350;4;48;48;1200;1200;257;0;0;100;0;5;450;100;
1791533959.930	D7:5B:CA:55:9E:68	JBC_Std	E;806;28;9;0;350;4;20;20;1200;1200;252;0;0;100;0;5;400;100;
1791533960.080	EA:BE:3E:E6:32:90	JBC_NANO	E;838;32;2;0;350;4;48;48;1200;1200;257;0;0;100;0;5;450;100;
1791533960.290	D7:5B:CA:55:9E:68	JBC_Std	E;806;28;9;0;350;4;20;20;1200;1200;252;0;0;100;0;5;400;100;
1791533960.440	EA:BE:3E:E6:32:90	JBC_NANO	E;838;32;2;0;350;4;48;48;1200;1200;257;0;0;100;0;5;450;100;
1791533960.650	D7:5B:CA:55:9E:68	JBC_Std	E;806;27;9;0;350;4;20;20;1200;1200;252;0;0;100;0;5;400;100;
1791533960.743	EA:BE:3E:E6:32:90	JBC_NANO	E;838;32;2;0;350;4;48;48;1200;1200;257;0;0;100;0;5;450;100;
1791533960.980	D7:5B:CA:55:9E:68	JBC_Std	E;806;27;9;0;350;4;20;20;1200;1200;252;0;0;100;0;5;400;100;
1791533961.130	EA:BE:3E:E6:32:90	JBC_NANO	E;838;32;2;0;350;4;48;48;1200;1200;257;0;0;100;0;5;450;100;
1791533961.340	D7:5B:CA:55:9E:68	JBC_Std	E;806;27;9;0;350;4;20;20;1200;1200;252;0;0;100;0;5;400;100;
1791533961.432	EA:BE:3E:E6:32:90	JBC_NANO	E;838;31;2;0;350;4;48;48;1200;1200;257;0;0;100;0;5;450;100;
1791533961.670	D7:5B:CA:55:9E:68	JBC_Std	E;806;27;9;0;350;4;20;20;1200;1200;252;0;0;100;0;5;400;100;
1791533961.881	EA:BE:3E:E6:32:90	JBC_NANO	E;838;31;2;0;350;4;48;48;1200;1200;257;0;0;100;0;5;450;100;
1791533962.030	D7:5B:CA:55:9E:68	JBC_Std	E;806;28;9;0;350;4;20;20;1200;1200;252;0;0;100;0;5;400;100;
1791533962.241	EA:BE:3E:E6:32:90	JBC_NANO	E;838;32;2;0;350;4;48;48;1200;1200;257;0;0;100;0;5;450;100;
1791533962.390	D7:5B:CA:55:9E:68	JBC_Std	E;806;28;9;0;350;4;20;20;1200;1200;252;0;0;100;0;5;400;100;
1791533962.601	EA:BE:3E:E6:32:90	JBC_NANO	E;838;32;2;0;350;4;48;48;1200;1200;257;0;0;100;0;5;450;100;
1791533962.900	D7:5B:CA:55:9E:68	JBC_Std	E;806;27;9;0;350;4;20;20;1200;1200;252;0;0;100;0;5;400;100;
1791533962.991	EA:BE:3E:E6:32:90	JBC_NANO	E;838;32;2;0;350;4;48;48;1200;1200;257;0;0;100;0;5;450;100;
1791533963.081	D7:5B:CA:55:9E:68	JBC_Std	E;806;27;9;0;350;4;20;20;1200;1200;252;0;0;100;0;5;400;100;
1791533963.350	EA:BE:3E:E6:32:90	JBC_NANO	E;838;32;2;0;350;4;48;48;1200;1200;257;0;0;100;0;5;450;100;
1791533963.440	D7:5B:CA:55:9E:68	JBC_Std	E;806;26;9;0;350;4;20;20;1200;1200;252;0;0;100;0;5;400;100;
1791533963.681	EA:BE:3E:E6:32:90	JBC_NANO	E;838;32;2;0;350;4;48;48;1200;1200;257;0;0;100;0;5;450;100;
1791533963.770	D7:5B:CA:55:9E:68	JBC_Std	E;806;26;9;0;350;4;20;20;1200;1200;252;0;0;100;0;5;400;100;
1791533964.160	D7:5B:CA:55:9E:68	JBC_Std	E;806;26;9;0;350;4;20;20;1200;1200;252;0;0;100;0;5;400;100;
1791533964.191	EA:BE:3E:E6:32:90	JBC_NANO	E;838;32;2;0;350;4;48;48;1200;1200;257;0;0;100;0;5;450;100;
1791533964.431	EA:BE:3E:E6:32:90	JBC_NANO	E;838;31;2;0;350;4;48;48;1200;1200;257;0;0;100;0;5;450;100;
1791533964.521	D7:5B:CA:55:9E:68	JBC_Std	E;806;27;9;0;350;4;20;20;1200;1200;252;0;0;100;0;5;400;100;
1791533964.791	EA:BE:3E:E6:32:90	JBC_NANO	E;838;31;2;0;350;4;48;48;1200;1200;257;0;0;100;0;5;450;100;
1791533964.880	D7:5B:CA:55:9E:68	JBC_Std	E;806;27;9;0;350;4;20;20;1200;1200;252;0;0;100;0;5;400;100;
1791533965.150	EA:BE:3E:E6:32:90	JBC_NANO	E;839;31;2;0;350;4;48;48;1200;1200;257;0;0;100;0;5;450;100;
1791533965.240	D7:5B:CA:55:9E:68	JBC_Std	E;806;27;9;0;350;4;20;20;1200;1200;252;0;0;100;0;5;400;100;
1791533965.511	EA:BE:3E:E6:32:90	JBC_NANO	E;839;31;2;0;350;4;48;48;1200;1200;257;0;0;100;0;5;450;100;
1791533965.600	D7:5B:CA:55:9E:68	JBC_Std	E;806;28;9;0;350;4;20;20;1200;1200;252;0;0;100;0;5;400;100;
1791533965.871	EA:BE:3E:E6:32:90	JBC_NANO	E;839;31;2;0;350;4;48;48;1200;1200;257;0;0;100;0;5;450;100;
1791533965.960	D7:5B:CA:55:9E:68	JBC_Std	E;806;28;9;0;350;4;20;20;1200;1200;252;0;0;100;0;5;400;100;
1791533966.261	EA:BE:3E:E6:32:90	JBC_NANO	E;839;31;2;0;350;4;48;48;1200;1200;257;0;0;100;0;5;450;100;
1791533966.290	D7:5B:CA:55:9E:68	JBC_Std	E;806;28;9;0;350;4;20;20;1200;1200;252;0;0;100;0;5;400;100;
1791533966.621	EA:BE:3E:E6:32:90	JBC_NANO	E;839;31;2;0;350;4;48;48;1200;1200;257;0;0;100;0;5;450;100;
1791533966.650	D7:5B:CA:55:9E:68	JBC_Std	E;806;28;9;0;350;4;20;20;1200;1200;252;0;0;100;0;5;400;100;
1791533966.980	EA:BE:3E:E6:32:90	JBC_NANO	E;839;31;2;0;350;4;48;48;1200;1200;257;0;0;100;0;5;450;100;
1791533967.010	D7:5B:CA:55:9E:68	JBC_Std	E;806;27;9;0;350;4;20;20;1200;1200;252;0;0;100;0;5;400;100;
1791533967.341	EA:BE:3E:E6:32:90	JBC_NANO	E;839;31;2;0;350;4;48;48;1200;1200;257;0;0;100;0;5;450;100;
1791533967.382	D7:5B:CA:55:9E:68	JBC_Std	E;806;28;9;0;350;4;20;20;1200;1200;252;0;0;100;0;5;400;100;
1791533967.762	EA:BE:3E:E6:32:90	JBC_NANO	E;839;31;2;0;350;4;48;48;1200;1200;257;0;0;100;0;5;450;100;
1791533967.811	D7:5B:CA:55:9E:68	JBC_Std	E;806;28;9;0;350;4;20;20;1200;1200;252;0;0;100;0;5;400;100;
1791533968.120	EA:BE:3E:E6:32:90	JBC_NANO	E;839;31;2;0;350;4;48;48;1200;1200;257;0;0;100;0;5;450;100;
1791533968.181	D7:5B:CA:55:9E:68	JBC_Std	E;806;28;9;0;350;4;20;20;1200;1200;252;0;0;100;0;5;400;100;
1791533968.510	EA:BE:3E:E6:32:90	JBC_NANO	E;839;31;2;0;350;4;48;48;1200;1200;257;0;0;100;0;5;450;100;
1791533968.543	D7:5B:CA:55:9E:68	JBC_Std	E;806;28;9;0;350;4;20;20;1200;1200;252;0;0;100;0;5;400;100;
1791533968.812	EA:BE:3E:E6:32:90	JBC_NANO	E;839;31;2;0;350;4;48;48;1200;1200;257;0;0;100;0;5;450;100;
1791533968.900	D7:5B:CA:55:9E:68	JBC_Std	E;806;27;9;0;350;4;20;20;1200;1200;252;0;0;100;0;5;400;100;
1791533969.170	EA:BE:3E:E6:32:90	JBC_NANO	E;839;30;2;0;350;4;48;48;1200;1200;257;0;0;100;0;5;450;100;
1791533969.260	D7:5B:CA:55:9E:68	JBC_Std	E;806;27;9;0;350;4;20;20;1200;1200;252;0;0;100;0;5;400;100;
1791533969.531	EA:BE:3E:E6:32:90	JBC_NANO	E;839;30;2;0;350;4;48;48;1200;1200;257;0;0;100;0;5;450;100;
1791533969.620	D7:5B:CA:55:9E:68	JBC_Std	E;806;27;9;0;350;4;20;20;1200;1200;252;0;0;100;0;5;400;100;
1791533969.891	EA:BE:3E:E6:32:90	JBC_NANO	E;839;31;2;0;350;4;48;48;1200;1200;257;0;0;100;0;5;450;100;
1791533969.980	D7:5B:CA:55:9E:68	JBC_Std	E;806;27;9;0;350;4;20;20;1200;1200;252;0;0;100;0;5;400;100;
1791533970.281	EA:BE:3E:E6:32:90	JBC_NANO	E;839;30;2;0;350;4;48;48;1200;1200;257;0;0;100;0;5;450;100;
1791533970.370	D7:5B:CA:55:9E:68	JBC_Std	E;806;27;9;0;350;4;20;20;1200;1200;252;0;0;100;0;5;400;100;
1791533970.640	EA:BE:3E:E6:32:90	JBC_NANO	E;839;30;2;0;350;4;48;48;1200;1200;257;0;0;100;0;5;450;100;
1791533970.849	D7:5B:CA:55:9E:68	JBC_Std	E;806;27;9;0;350;4;20;20;1200;1200;252;0;0;100;0;5;400;100;
1791533970.999	EA:BE:3E:E6:32:90	JBC_NANO	E;839;30;2;0;350;4;48;48;1200;1200;257;0;0;100;0;5;450;100;
1791533971.150	D7:5B:CA:55:9E:68	JBC_Std	E;806;27;9;0;350;4;20;20;1200;1200;252;0;0;100;0;5;400;100;
1791533971.360	EA:BE:3E:E6:32:90	JBC_NANO	E;839;30;2;0;350;4;48;48;1200;1200;257;0;0;100;0;5;450;100;
1791533971.510	D7:5B:CA:55:9E:68	JBC_Std	E;806;27;9;0;350;4;20;20;1200;1200;252;0;0;100;0;5;400;100;
1791533971.720	EA:BE:3E:E6:32:90	JBC_NANO	E;839;31;2;0;350;4;48;48;1200;1200;257;0;0;100;0;5;450;100;
1791533971.870	D7:5B:CA:55:9E:68	JBC_Std	E;806;26;9;0;350;4;20;20;1200;1200;252;0;0;100;0;5;400;100;
1791533972.081	EA:BE:3E:E6:32:90	JBC_NANO	E;839;32;2;0;350;4;48;48;1200;1200;257;0;0;100;0;5;450;100;
1791533972.260	D7:5B:CA:55:9E:68	JBC_Std	E;806;26;9;0;350;4;20;20;1200;1200;252;0;0;100;0;5;400;100;
1791533972.411	EA:BE:3E:E6:32:90	JBC_NANO	E;839;32;2;0;350;4;48;48;1200;1200;257;0;0;100;0;5;450;100;
1791533972.620	D7:5B:CA:55:9E:68	JBC_Std	E;806;27;9;0;350;4;20;20;1200;1200;252;0;0;100;0;5;400;100;
1791533972.771	EA:BE:3E:E6:32:90	JBC_NANO	E;839;32;2;0;350;4;48;48;1200;1200;257;0;0;100;0;5;450;100;
1791533972.979	D7:5B:CA:55:9E:68	JBC_Std	E;806;27;9;0;350;4;20;20;1200;1200;252;0;0;100;0;5;400;100;
1791533973.131	EA:BE:3E:E6:32:90	JBC_NANO	E;839;32;2;0;350;4;48;48;1200;1200;257;0;0;100;0;5;450;100;
1791533973.340	D7:5B:CA:55:9E:68	JBC_Std	E;806;27;9;0;350;4;20;20;1200;1200;252;0;0;100;0;5;400;100;
1791533973.490	EA:BE:3E:E6:32:90	JBC_NANO	E;839;31;2;0;350;4;48;48;1200;1200;257;0;0;100;0;5;450;100;
1791533973.760	D7:5B:CA:55:9E:68	JBC_Std	E;806;27;9;0;350;4;20;20;1200;1200;252;0;0;100;0;5;400;100;
1791533973.850	EA:BE:3E:E6:32:90	JBC_NANO	E;839;31;2;0;350;4;48;48;1200;1200;257;0;0;100;0;5;450;100;
1791533974.120	D7:5B:CA:55:9E:68	JBC_Std	E;806;26;9;0;350;4;20;20;1200;1200;252;0;0;100;0;5;400;100;
1791533974.161	EA:BE:3E:E6:32:90	JBC_NANO	E;839;30;2;0;350;4;48;48;1200;1200;257;0;0;100;0;5;450;100;
1791533974.510	D7:5B:CA:55:9E:68	JBC_Std	E;806;27;9;0;350;4;20;20;1200;1200;252;0;0;100;0;5;400;100;
1791533974.541	EA:BE:3E:E6:32:90	JBC_NANO	E;839;30;2;0;350;4;48;48;1200;1200;257;0;0;100;0;5;450;100;
1791533974.841	EA:BE:3E:E6:32:90	JBC_NANO	E;839;30;2;0;350;4;48;48;1200;1200;257;0;0;100;0;5;450;100;
1791533974.870	D7:5B:CA:55:9E:68	JBC_Std	E;806;27;9;0;350;4;20;20;1200;1200;252;0;0;100;0;5;400;100;
1791533975.201	EA:BE:3E:E6:32:90	JBC_NANO	E;839;30;2;0;350;4;48;48;1200;1200;257;0;0;100;0;5;450;100;
1791533975.230	D7:5B:CA:55:9E:68	JBC_Std	E;806;27;9;0;350;4;20;20;1200;1200;252;0;0;100;0;5;400;100;
1791533975.560	EA:BE:3E:E6:32:90	JBC_NANO	E;839;30;2;0;350;4;48;48;1200;1200;257;0;0;100;0;5;450;100;
1791533975.605	D7:5B:CA:55:9E:68	JBC_Std	E;806;27;9;0;350;4;20;20;1200;1200;252;0;0;100;0;5;400;100;
1791533975.921	EA:BE:3E:E6:32:90	JBC_NANO	E;839;30;2;0;350;4;48;48;1200;1200;257;0;0;100;0;5;450;100;
1791533975.950	D7:5B:CA:55:9E:68	JBC_Std	E;806;27;9;0;350;4;20;20;1200;1200;252;0;0;100;0;5;400;100;
1791533976.280	D7:5B:CA:55:9E:68	JBC_Std	E;806;27;9;0;350;4;20;20;1200;1200;252;0;0;100;0;5;400;100;
1791533976.323	EA:BE:3E:E6:32:90	JBC_NANO	E;840;30;2;0;350;4;48;48;1200;1200;257;0;0;100;0;5;450;100;
1791533976.641	D7:5B:CA:55:9E:68	JBC_Std	E;806;27;9;0;350;4;20;20;1200;1200;252;0;0;100;0;5;400;100;
1791533976.681	EA:BE:3E:E6:32:90	JBC_NANO	E;840;30;2;0;350;4;48;48;1200;1200;257;0;0;100;0;5;450;100;
1791533977.000	D7:5B:CA:55:9E:68	JBC_Std	E;806;27;9;0;350;4;20;20;1200;1200;252;0;0;100;0;5;400;100;
1791533977.031	EA:BE:3E:E6:32:90	JBC_NANO	E;840;30;2;0;350;4;48;48;1200;1200;257;0;0;100;0;5;450;100;
1791533977.390	EA:BE:3E:E6:32:90	JBC_NANO	E;840;30;2;0;350;4;48;48;1200;1200;257;0;0;100;0;5;450;100;
1791533977.430	D7:5B:CA:55:9E:68	JBC_Std	E;806;26;9;0;350;4;20;20;1200;1200;252;0;0;100;0;5;400;100;
1791533977.720	D7:5B:CA:55:9E:68	JBC_Std	E;806;26;9;0;350;4;20;20;1200;1200;252;0;0;100;0;5;400;100;
1791533977.750	EA:BE:3E:E6:32:90	JBC_NANO	E;840;30;2;0;350;4;48;48;1200;1200;257;0;0;100;0;5;450;100;
1791533978.080	D7:5B:CA:55:9E:68	JBC_Std	E;806;26;9;0;350;4;20;20;1200;1200;252;0;0;100;0;5;400;100;
1791533978.110	EA:BE:3E:E6:32:90	JBC_NANO	E;840;30;2;0;350;4;48;48;1200;1200;257;0;0;100;0;5;450;100;
1791533978.410	D7:5B:CA:55:9E:68	JBC_Std	E;806;27;9;0;350;4;20;20;1200;1200;252;0;0;100;0;5;400;100;
1791533978.441	EA:BE:3E:E6:32:90	JBC_NANO	E;840;29;2;0;350;4;48;48;1200;1200;257;0;0;100;0;5;450;100;
1791533978.770	D7:5B:CA:55:9E:68	JBC_Std	E;806;28;9;0;350;4;20;20;1200;1200;252;0;0;100;0;5;400;100;
1791533978.801	EA:BE:3E:E6:32:90	JBC_NANO	E;840;29;2;0;350;4;48;48;1200;1200;257;0;0;100;0;5;450;100;
1791533979.130	D7:5B:CA:55:9E:68	JBC_Std	E;806;28;9;0;350;4;20;20;1200;1200;252;0;0;100;0;5;400;100;
1791533979.160	EA:BE:3E:E6:32:90	JBC_NANO	E;840;30;2;0;350;4;48;48;1200;1200;257;0;0;100;0;5;450;100;
1791533979.489	D7:5B:CA:55:9E:68	JBC_Std	E;806;28;9;0;350;4;20;20;1200;1200;252;0;0;100;0;5;400;100;
1791533979.520	EA:BE:3E:E6:32:90	JBC_NANO	E;840;30;2;0;350;4;48;48;1200;1200;257;0;0;100;0;5;450;100;
1791533979.850	D7:5B:CA:55:9E:68	JBC_Std	E;806;28;9;0;350;4;20;20;1200;1200;252;0;0;100;0;5;400;100;
1791533979.880	EA:BE:3E:E6:32:90	JBC_NANO	E;840;31;2;0;350;4;48;48;1200;1200;257;0;0;100;0;5;450;100;
1791533980.240	D7:5B:CA:55:9E:68	JBC_Std	E;806;28;9;0;350;4;20;20;1200;1200;252;0;0;100;0;5;400;100;
1791533980.331	EA:BE:3E:E6:32:90	JBC_NANO	E;840;31;2;0;350;4;48;48;1200;1200;257;0;0;100;0;5;450;100;
1791533980.570	EA:BE:3E:E6:32:90	JBC_NANO	E;840;30;2;0;350;4;48;48;1200;1200;257;0;0;100;0;5;450;100;
1791533980.600	D7:5B:CA:55:9E:68	JBC_Std	E;806;28;9;0;350;4;20;20;1200;1200;252;0;0;100;0;5;400;100;
1791533980.870	EA:BE:3E:E6:32:90	JBC_NANO	E;840;30;2;0;350;4;48;48;1200;1200;257;0;0;100;0;5;450;100;
1791533980.960	D7:5B:CA:55:9E:68	JBC_Std	E;806;28;9;0;350;4;20;20;1200;1200;252;0;0;100;0;5;400;100;
1791533981.230	EA:BE:3E:E6:32:90	JBC_NANO	E;840;29;2;0;350;4;48;48;1200;1200;257;0;0;100;0;5;450;100;
1791533981.320	D7:5B:CA:55:9E:68	JBC_Std	E;806;27;9;0;350;4;20;20;1200;1200;252;0;0;100;0;5;400;100;
1791533981.591	EA:BE:3E:E6:32:90	JBC_NANO	E;840;29;2;0;350;4;48;48;1200;1200;257;0;0;100;0;5;450;100;
1791533981.679	D7:5B:CA:55:9E:68	JBC_Std	E;806;26;9;0;350;4;20;20;1200;1200;252;0;0;100;0;5;400;100;
1791533981.950	EA:BE:3E:E6:32:90	JBC_NANO	E;840;29;2;0;350;4;48;48;1200;1200;257;0;0;100;0;5;450;100;
1791533982.040	D7:5B:CA:55:9E:68	JBC_Std	E;806;26;9;0;350;4;20;20;1200;1200;252;0;0;100;0;5;400;100;
1791533982.340	EA:BE:3E:E6:32:90	JBC_NANO	E;840;29;2;0;350;4;48;48;1200;1200;257;0;0;100;0;5;450;100;
1791533982.369	D7:5B:CA:55:9E:68	JBC_Std	E;806;26;9;0;350;4;20;20;1200;1200;252;0;0;100;0;5;400;100;
1791533982.700	EA:BE:3E:E6:32:90	JBC_NANO	E;840;29;2;0;350;4;48;48;1200;1200;257;0;0;100;0;5;450;100;
1791533982.730	D7:5B:CA:55:9E:68	JBC_Std	E;806;27;9;0;350;4;20;20;1200;1200;252;0;0;100;0;5;400;100;
1791533983.060	EA:BE:3E:E6:32:90	JBC_NANO	E;840;29;2;0;350;4;48;48;1200;1200;257;0;0;100;0;5;450;100;
1791533983.090	D7:5B:CA:55:9E:68	JBC_Std	E;806;27;9;0;350;4;20;20;1200;1200;252;0;0;100;0;5;400;100;
1791533983.420	EA:BE:3E:E6:32:90	JBC_NANO	E;840;29;2;0;350;4;48;48;1200;1200;257;0;0;100;0;5;450;100;
1791533983.460	D7:5B:CA:55:9E:68	JBC_Std	E;806;27;9;0;350;4;20;20;1200;1200;252;0;0;100;0;5;400;100;
1791533983.780	EA:BE:3E:E6:32:90	JBC_NANO	E;840;29;2;0;350;4;48;48;1200;1200;257;0;0;100;0;5;450;100;
1791533983.809	D7:5B:CA:55:9E:68	JBC_Std	E;806;27;9;0;350;4;20;20;1200;1200;252;0;0;100;0;5;400;100;
1791533984.141	EA:BE:3E:E6:32:90	JBC_NANO	E;840;30;2;0;350;4;48;48;1200;1200;257;0;0;100;0;5;450;100;
1791533984.259	D7:5B:CA:55:9E:68	JBC_Std	E;806;27;9;0;350;4;20;20;1200;1200;252;0;0;100;0;5;400;100;
1791533984.472	EA:BE:3E:E6:32:90	JBC_NANO	E;840;30;2;0;350;4;48;48;1200;1200;257;0;0;100;0;5;450;100;
1791533984.499	D7:5B:CA:55:9E:68	JBC_Std	E;806;27;9;0;350;4;20;20;1200;1200;252;0;0;100;0;5;400;100;
1791533984.859	D7:5B:CA:55:9E:68	JBC_Std	E;806;27;9;0;350;4;20;20;1200;1200;252;0;0;100;0;5;400;100;
1791533984.891	EA:BE:3E:E6:32:90	JBC_NANO	E;840;30;2;0;350;4;48;48;1200;1200;257;0;0;100;0;5;450;100;
