1791534560.157	EA:BE:3E:E6:32:90	JBC_NANO	E;845;29;2;0;350;4;48;48;1200;1200;256;0;0;100;0;5;450;100;
1791534560.246	D7:5B:CA:55:9E:68	JBC_Std	E;818;55;2;0;350;4;20;20;1200;1200;253;0;0;100;0;5;400;100;
1791534560.517	EA:BE:3E:E6:32:90	JBC_NANO	E;845;28;2;0;350;4;48;48;1200;1200;256;0;0;100;0;5;450;100;
1791534560.606	D7:5B:CA:55:9E:68	JBC_Std	E;818;54;2;0;350;4;20;20;1200;1200;253;0;0;100;0;5;400;100;
1791534560.877	EA:BE:3E:E6:32:90	JBC_NANO	E;845;28;2;0;350;4;48;48;1200;1200;256;0;0;100;0;5;450;100;
1791534560.966	D7:5B:CA:55:9E:68	JBC_Std	E;818;53;2;0;350;4;20;20;1200;1200;253;0;0;100;0;5;400;100;
1791534561.237	EA:BE:3E:E6:32:90	JBC_NANO	E;845;28;2;0;350;4;48;48;1200;1200;256;0;0;100;0;5;450;100;
1791534561.326	D7:5B:CA:55:9E:68	JBC_Std	E;818;53;2;0;350;4;20;20;1200;1200;253;0;0;100;0;5;400;100;
1791534561.597	EA:BE:3E:E6:32:90	JBC_NANO	E;845;28;2;0;350;4;48;48;1200;1200;256;0;0;100;0;5;450;100;
1791534561.686	D7:5B:CA:55:9E:68	JBC_Std	E;818;53;2;0;350;4;20;20;1200;1200;253;0;0;100;0;5;400;100;
1791534561.956	EA:BE:3E:E6:32:90	JBC_NANO	E;845;28;2;0;350;4;48;48;1200;1200;256;0;0;100;0;5;450;100;
1791534562.047	D7:5B:CA:55:9E:68	JBC_Std	E;818;53;2;0;350;4;20;20;1200;1200;253;0;0;100;0;5;400;100;
1791534562.316	EA:BE:3E:E6:32:90	JBC_NANO	E;845;28;2;0;350;4;48;48;1200;1200;256;0;0;100;0;5;450;100;
1791534562.406	D7:5B:CA:55:9E:68	JBC_Std	E;818;53;2;0;350;4;20;20;1200;1200;253;0;0;100;0;5;400;100;
1791534562.706	EA:BE:3E:E6:32:90	JBC_NANO	E;845;28;2;0;350;4;48;48;1200;1200;256;0;0;100;0;5;450;100;
1791534562.796	D7:5B:CA:55:9E:68	JBC_Std	E;818;53;2;0;350;4;20;20;1200;1200;253;0;0;100;0;5;400;100;
1791534563.066	EA:BE:3E:E6:32:90	JBC_NANO	E;845;27;2;0;350;4;48;48;1200;1200;256;0;0;100;0;5;450;100;
1791534563.096	D7:5B:CA:55:9E:68	JBC_Std	E;818;52;2;0;350;4;20;20;1200;1200;253;0;0;100;0;5;400;100;
1791534563.396	EA:BE:3E:E6:32:90	JBC_NANO	E;845;27;2;0;350;4;48;48;1200;1200;256;0;0;100;0;5;450;100;
1791534563.426	D7:5B:CA:55:9E:68	JBC_Std	E;818;52;2;0;350;4;20;20;1200;1200;253;0;0;100;0;5;400;100;
1791534563.757	EA:BE:3E:E6:32:90	JBC_NANO	E;845;28;2;0;350;4;48;48;1200;1200;256;0;0;100;0;5;450;100;
1791534563.815	D7:5B:CA:55:9E:68	JBC_Std	E;818;52;2;0;350;4;20;20;1200;1200;253;0;0;100;0;5;400;100;
1791534564.087	EA:BE:3E:E6:32:90	JBC_NANO	E;845;27;2;0;350;4;48;48;1200;1200;256;0;0;100;0;5;450;100;
1791534564.176	D7:5B:CA:55:9E:68	JBC_Std	E;818;52;2;0;350;4;20;20;1200;1200;253;0;0;100;0;5;400;100;
1791534564.446	EA:BE:3E:E6:32:90	JBC_NANO	E;845;28;2;0;350;4;48;48;1200;1200;256;0;0;100;0;5;450;100;
1791534564.507	EA:BE:3E:E6:32:90	JBC_NANO	S;
1791534564.535	D7:5B:CA:55:9E:68	JBC_Std	E;818;52;2;0;350;4;20;20;1200;1200;253;0;0;100;0;5;400;100;
1791534564.806	EA:BE:3E:E6:32:90	JBC_NANO	E;844;28;9;0;350;4;48;48;1200;1200;256;0;0;100;0;5;450;100;
1791534564.896	D7:5B:CA:55:9E:68	JBC_Std	E;818;51;2;0;350;4;20;20;1200;1200;253;0;0;100;0;5;400;100;
1791534565.167	EA:BE:3E:E6:32:90	JBC_NANO	E;844;28;9;0;350;4;48;48;1200;1200;256;0;0;100;0;5;450;100;
1791534565.256	D7:5B:CA:55:9E:68	JBC_Std	E;818;51;2;0;350;4;20;20;1200;1200;253;0;0;100;0;5;400;100;
1791534565.586	EA:BE:3E:E6:32:90	JBC_NANO	E;844;28;9;0;350;4;48;48;1200;1200;256;0;0;100;0;5;450;100;
1791534565.616	D7:5B:CA:55:9E:68	JBC_Std	E;818;51;2;0;350;4;20;20;1200;1200;253;0;0;100;0;5;400;100;
1791534565.977	EA:BE:3E:E6:32:90	JBC_NANO	E;844;28;9;0;350;4;48;48;1200;1200;256;0;0;100;0;5;450;100;
1791534566.006	D7:5B:CA:55:9E:68	JBC_Std	E;818;50;2;0;350;4;20;20;1200;1200;253;0;0;100;0;5;400;100;
1791534566.366	EA:BE:3E:E6:32:90	JBC_NANO	E;843;29;9;0;350;4;48;48;1200;1200;256;0;0;100;0;5;450;100;
1791534566.396	D7:5B:CA:55:9E:68	JBC_Std	E;818;51;2;0;350;4;20;20;1200;1200;253;0;0;100;0;5;400;100;
1791534566.727	EA:BE:3E:E6:32:90	JBC_NANO	E;843;29;9;0;350;4;48;48;1200;1200;256;0;0;100;0;5;450;100;
1791534566.756	D7:5B:CA:55:9E:68	JBC_Std	E;818;51;2;0;350;4;20;20;1200;1200;253;0;0;100;0;5;400;100;
1791534567.087	EA:BE:3E:E6:32:90	JBC_NANO	E;843;30;9;0;350;4;48;48;1200;1200;256;0;0;100;0;5;450;100;
1791534567.116	D7:5B:CA:55:9E:68	JBC_Std	E;818;51;2;0;350;4;20;20;1200;1200;253;0;0;100;0;5;400;100;
1791534567.447	EA:BE:3E:E6:32:90	JBC_NANO	E;843;30;9;0;350;4;48;48;1200;1200;256;0;0;100;0;5;450;100;
1791534567.476	D7:5B:CA:55:9E:68	JBC_Std	E;818;51;2;0;350;4;20;20;1200;1200;253;0;0;100;0;5;400;100;
1791534567.806	EA:BE:3E:E6:32:90	JBC_NANO	E;842;29;9;0;350;4;48;48;1200;1200;256;0;0;100;0;5;450;100;
1791534567.866	D7:5B:CA:55:9E:68	JBC_Std	E;818;51;2;0;350;4;20;20;1200;1200;253;0;0;100;0;5;400;100;
1791534568.136	EA:BE:3E:E6:32:90	JBC_NANO	E;842;29;9;0;350;4;48;48;1200;1200;256;0;0;100;0;5;450;100;
1791534568.286	D7:5B:CA:55:9E:68	JBC_Std	E;818;51;2;0;350;4;20;20;1200;1200;253;0;0;100;0;5;400;100;
1791534568.497	EA:BE:3E:E6:32:90	JBC_NANO	E;842;29;9;0;350;4;48;48;1200;1200;256;0;0;100;0;5;450;100;
1791534568.616	D7:5B:CA:55:9E:68	JBC_Std	E;818;50;2;0;350;4;20;20;1200;1200;253;0;0;100;0;5;400;100;
1791534568.827	EA:BE:3E:E6:32:90	JBC_NANO	E;842;29;9;0;350;4;48;48;1200;1200;256;0;0;100;0;5;450;100;
1791534568.976	D7:5B:CA:55:9E:68	JBC_Std	E;819;50;2;0;350;4;20;20;1200;1200;253;0;0;100;0;5;400;100;
1791534569.216	EA:BE:3E:E6:32:90	JBC_NANO	E;842;29;9;0;350;4;48;48;1200;1200;256;0;0;100;0;5;450;100;
1791534569.306	D7:5B:CA:55:9E:68	JBC_Std	E;819;50;2;0;350;4;20;20;1200;1200;253;0;0;100;0;5;400;100;
1791534569.516	EA:BE:3E:E6:32:90	JBC_NANO	E;841;29;9;0;350;4;48;48;1200;1200;256;0;0;100;0;5;450;100;
1791534569.666	D7:5B:CA:55:9E:68	JBC_Std	E;819;49;2;0;350;4;20;20;1200;1200;253;0;0;100;0;5;400;100;
1791534569.877	EA:BE:3E:E6:32:90	JBC_NANO	E;841;28;9;0;350;4;48;48;1200;1200;256;0;0;100;0;5;450;100;
1791534570.026	D7:5B:CA:55:9E:68	JBC_Std	E;819;49;2;0;350;4;20;20;1200;1200;253;0;0;100;0;5;400;100;
1791534570.236	EA:BE:3E:E6:32:90	JBC_NANO	E;841;28;9;0;350;4;48;48;1200;1200;256;0;0;100;0;5;450;100;
1791534570.385	D7:5B:CA:55:9E:68	JBC_Std	E;819;49;2;0;350;4;20;20;1200;1200;253;0;0;100;0;5;400;100;
1791534570.596	EA:BE:3E:E6:32:90	JBC_NANO	E;841;28;9;0;350;4;48;48;1200;1200;256;0;0;100;0;5;450;100;
1791534570.776	D7:5B:CA:55:9E:68	JBC_Std	E;819;49;2;0;350;4;20;20;1200;1200;253;0;0;100;0;5;400;100;
1791534570.927	EA:BE:3E:E6:32:90	JBC_NANO	E;841;28;9;0;350;4;48;48;1200;1200;256;0;0;100;0;5;450;100;
1791534571.136	D7:5B:CA:55:9E:68	JBC_Std	E;819;50;2;0;350;4;20;20;1200;1200;253;0;0;100;0;5;400;100;
1791534571.316	EA:BE:3E:E6:32:90	JBC_NANO	E;841;29;9;0;350;4;48;48;1200;1200;256;0;0;100;0;5;450;100;
1791534571.466	D7:5B:CA:55:9E:68	JBC_Std	E;819;50;2;0;350;4;20;20;1200;1200;253;0;0;100;0;5;400;100;
1791534571.676	EA:BE:3E:E6:32:90	JBC_NANO	E;841;29;9;0;350;4;48;48;1200;1200;256;0;0;100;0;5;450;100;
1791534571.826	D7:5B:CA:55:9E:68	JBC_Std	E;819;49;2;0;350;4;20;20;1200;1200;253;0;0;100;0;5;400;100;
1791534572.066	EA:BE:3E:E6:32:90	JBC_NANO	E;841;29;9;0;350;4;48;48;1200;1200;256;0;0;100;0;5;450;100;
1791534572.156	D7:5B:CA:55:9E:68	JBC_Std	E;819;49;2;0;350;4;20;20;1200;1200;253;0;0;100;0;5;400;100;
1791534572.426	EA:BE:3E:E6:32:90	JBC_NANO	E;841;29;9;0;350;4;48;48;1200;1200;256;0;0;100;0;5;450;100;
1791534572.546	D7:5B:CA:55:9E:68	JBC_Std	E;819;49;2;0;350;4;20;20;1200;1200;253;0;0;100;0;5;400;100;
1791534572.756	EA:BE:3E:E6:32:90	JBC_NANO	E;841;29;9;0;350;4;48;48;1200;1200;256;0;0;100;0;5;450;100;
1791534572.846	D7:5B:CA:55:9E:68	JBC_Std	E;819;49;2;0;350;4;20;20;1200;1200;253;0;0;100;0;5;400;100;
1791534572.876	EA:BE:3E:E6:32:90	JBC_NANO	S;
1791534573.116	EA:BE:3E:E6:32:90	JBC_NANO	E;841;31;0;5;350;4;48;47;1200;1199;256;0;0;100;0;5;450;100;
1791534573.206	D7:5B:CA:55:9E:68	JBC_Std	E;819;49;2;0;350;4;20;20;1200;1200;253;0;0;100;0;5;400;100;
1791534573.477	EA:BE:3E:E6:32:90	JBC_NANO	E;840;41;0;17;350;4;48;45;1200;1197;256;0;0;100;0;5;450;100;
1791534573.566	D7:5B:CA:55:9E:68	JBC_Std	E;819;49;2;0;350;4;20;20;1200;1200;253;0;0;100;0;5;400;100;
1791534573.836	EA:BE:3E:E6:32:90	JBC_NANO	E;840;52;0;32;350;4;48;44;1200;1196;256;0;0;100;0;5;450;100;
1791534573.925	D7:5B:CA:55:9E:68	JBC_Std	E;819;48;2;0;350;4;20;20;1200;1200;253;0;0;100;0;5;400;100;
1791534574.196	EA:BE:3E:E6:32:90	JBC_NANO	E;840;63;0;49;350;4;48;43;1200;1195;256;0;0;100;0;5;450;100;
1791534574.286	D7:5B:CA:55:9E:68	JBC_Std	E;819;48;2;0;350;4;20;20;1200;1200;253;0;0;100;0;5;400;100;
1791534574.586	EA:BE:3E:E6:32:90	JBC_NANO	E;840;102;0;66;350;4;48;41;1200;1193;256;0;0;100;0;5;450;100;
1791534574.706	D7:5B:CA:55:9E:68	JBC_Std	E;819;47;2;0;350;4;20;20;1200;1200;253;0;0;100;0;5;400;100;
1791534574.917	EA:BE:3E:E6:32:90	JBC_NANO	E;839;133;0;84;350;4;48;40;1200;1192;256;0;0;100;0;5;450;100;
1791534575.065	D7:5B:CA:55:9E:68	JBC_Std	E;819;47;2;0;350;4;20;20;1200;1200;253;0;0;100;0;5;400;100;
1791534575.218	EA:BE:3E:E6:32:90	JBC_NANO	E;839;164;0;93;350;4;48;38;1200;1190;256;0;0;100;0;5;450;100;
1791534575.426	D7:5B:CA:55:9E:68	JBC_Std	E;819;47;2;0;350;4;20;20;1200;1200;253;0;0;100;0;5;400;100;
1791534575.636	EA:BE:3E:E6:32:90	JBC_NANO	E;839;225;0;97;350;4;48;37;1200;1189;256;0;0;100;0;5;450;100;
1791534575.815	D7:5B:CA:55:9E:68	JBC_Std	E;819;47;2;0;350;4;20;20;1200;1200;253;0;0;100;0;5;400;100;
1791534575.996	EA:BE:3E:E6:32:90	JBC_NANO	E;839;253;2;56;350;4;48;48;1200;1200;256;0;0;100;0;5;450;100;
1791534576.146	D7:5B:CA:55:9E:68	JBC_Std	E;819;47;2;0;350;4;20;20;1200;1200;253;0;0;100;0;5;400;100;
1791534576.387	EA:BE:3E:E6:32:90	JBC_NANO	E;839;282;2;27;350;4;48;48;1200;1200;256;0;0;100;0;5;450;100;
1791534576.536	D7:5B:CA:55:9E:68	JBC_Std	E;819;47;2;0;350;4;20;20;1200;1200;253;0;0;100;0;5;400;100;
1791534576.746	EA:BE:3E:E6:32:90	JBC_NANO	E;839;308;2;13;350;4;48;48;1200;1200;256;0;0;100;0;5;450;100;
1791534576.836	D7:5B:CA:55:9E:68	JBC_Std	E;819;47;2;0;350;4;20;20;1200;1200;253;0;0;100;0;5;400;100;
1791534577.135	EA:BE:3E:E6:32:90	JBC_NANO	E;839;302;2;6;350;4;48;48;1200;1200;256;0;0;100;0;5;450;100;
1791534577.166	D7:5B:CA:55:9E:68	JBC_Std	E;819;47;2;0;350;4;20;20;1200;1200;253;0;0;100;0;5;400;100;
1791534577.466	EA:BE:3E:E6:32:90	JBC_NANO	E;839;296;2;2;350;4;48;48;1200;1200;256;0;0;100;0;5;450;100;
1791534577.495	D7:5B:CA:55:9E:68	JBC_Std	E;819;47;2;0;350;4;20;20;1200;1200;253;0;0;100;0;5;400;100;
1791534577.826	EA:BE:3E:E6:32:90	JBC_NANO	E;839;289;2;0;350;4;48;48;1200;1200;256;0;0;100;0;5;450;100;
1791534577.856	D7:5B:CA:55:9E:68	JBC_Std	E;819;47;2;0;350;4;20;20;1200;1200;253;0;0;100;0;5;400;100;
1791534578.156	EA:BE:3E:E6:32:90	JBC_NANO	E;839;282;2;0;350;4;48;48;1200;1200;256;0;0;100;0;5;450;100;
1791534578.185	D7:5B:CA:55:9E:68	JBC_Std	E;819;47;2;0;350;4;20;20;1200;1200;253;0;0;100;0;5;400;100;
1791534578.516	EA:BE:3E:E6:32:90	JBC_NANO	E;840;275;2;0;350;4;48;48;1200;1200;256;0;0;100;0;5;450;100;
1791534578.575	D7:5B:CA:55:9E:68	JBC_Std	E;819;46;2;0;350;4;20;20;1200;1200;253;0;0;100;0;5;400;100;
1791534578.846	EA:BE:3E:E6:32:90	JBC_NANO	E;840;270;2;0;350;4;48;48;1200;1200;256;0;0;100;0;5;450;100;
1791534578.935	D7:5B:CA:55:9E:68	JBC_Std	E;819;46;2;0;350;4;20;20;1200;1200;253;0;0;100;0;5;400;100;
1791534579.206	EA:BE:3E:E6:32:90	JBC_NANO	E;840;264;2;0;350;4;48;48;1200;1200;256;0;0;100;0;5;450;100;
1791534579.326	D7:5B:CA:55:9E:68	JBC_Std	E;819;46;2;0;350;4;20;20;1200;1200;253;0;0;100;0;5;400;100;
1791534579.536	EA:BE:3E:E6:32:90	JBC_NANO	E;840;258;2;0;350;4;48;48;1200;1200;256;0;0;100;0;5;450;100;
1791534579.686	D7:5B:CA:55:9E:68	JBC_Std	E;819;46;2;0;350;4;20;20;1200;1200;253;0;0;100;0;5;400;100;
1791534579.868	EA:BE:3E:E6:32:90	JBC_NANO	E;840;252;2;0;350;4;48;48;1200;1200;256;0;0;100;0;5;450;100;
1791534580.195	D7:5B:CA:55:9E:68	JBC_Std	E;819;46;2;0;350;4;20;20;1200;1200;253;0;0;100;0;5;400;100;
1791534580.286	EA:BE:3E:E6:32:90	JBC_NANO	E;840;246;2;0;350;4;48;48;1200;1200;256;0;0;100;0;5;450;100;
1791534580.436	D7:5B:CA:55:9E:68	JBC_Std	E;820;46;2;0;350;4;20;20;1200;1200;253;0;0;100;0;5;400;100;
1791534580.646	EA:BE:3E:E6:32:90	JBC_NANO	E;840;241;2;0;350;4;48;48;1200;1200;256;0;0;100;0;5;450;100;
1791534580.765	D7:5B:CA:55:9E:68	JBC_Std	E;820;46;2;0;350;4;20;20;1200;1200;253;0;0;100;0;5;400;100;
1791534580.976	EA:BE:3E:E6:32:90	JBC_NANO	E;840;236;2;0;350;4;48;48;1200;1200;256;0;0;100;0;5;450;100;
1791534581.126	D7:5B:CA:55:9E:68	JBC_Std	E;820;46;2;0;350;4;20;20;1200;1200;253;0;0;100;0;5;400;100;
1791534581.367	EA:BE:3E:E6:32:90	JBC_NANO	E;840;231;2;0;350;4;48;48;1200;1200;256;0;0;100;0;5;450;100;
1791534581.456	D7:5B:CA:55:9E:68	JBC_Std	E;820;46;2;0;350;4;20;20;1200;1200;253;0;0;100;0;5;400;100;
1791534581.726	EA:BE:3E:E6:32:90	JBC_NANO	E;840;226;2;0;350;4;48;48;1200;1200;256;0;0;100;0;5;450;100;
1791534581.816	D7:5B:CA:55:9E:68	JBC_Std	E;820;46;2;0;350;4;20;20;1200;1200;253;0;0;100;0;5;400;100;
1791534582.115	EA:BE:3E:E6:32:90	JBC_NANO	E;840;221;2;0;350;4;48;48;1200;1200;256;0;0;100;0;5;450;100;
1791534582.146	D7:5B:CA:55:9E:68	JBC_Std	E;820;46;2;0;350;4;20;20;1200;1200;253;0;0;100;0;5;400;100;
1791534582.476	EA:BE:3E:E6:32:90	JBC_NANO	E;840;217;2;0;350;4;48;48;1200;1200;256;0;0;100;0;5;450;100;
1791534582.506	D7:5B:CA:55:9E:68	JBC_Std	E;820;46;2;0;350;4;20;20;1200;1200;253;0;0;100;0;5;400;100;
1791534582.806	EA:BE:3E:E6:32:90	JBC_NANO	E;840;213;2;0;350;4;48;48;1200;1200;256;0;0;100;0;5;450;100;
1791534582.836	D7:5B:CA:55:9E:68	JBC_Std	E;820;46;2;0;350;4;20;20;1200;1200;253;0;0;100;0;5;400;100;
1791534583.166	EA:BE:3E:E6:32:90	JBC_NANO	E;840;209;2;0;350;4;48;48;1200;1200;256;0;0;100;0;5;450;100;
1791534583.195	D7:5B:CA:55:9E:68	JBC_Std	E;820;46;2;0;350;4;20;20;1200;1200;253;0;0;100;0;5;400;100;
1791534583.526	EA:BE:3E:E6:32:90	JBC_NANO	E;840;204;2;0;350;4;48;48;1200;1200;256;0;0;100;0;5;450;100;
1791534583.556	D7:5B:CA:55:9E:68	JBC_Std	E;820;46;2;0;350;4;20;20;1200;1200;253;0;0;100;0;5;400;100;
1791534583.886	EA:BE:3E:E6:32:90	JBC_NANO	E;840;200;2;0;350;4;48;48;1200;1200;256;0;0;100;0;5;450;100;
1791534583.975	D7:5B:CA:55:9E:68	JBC_Std	E;820;46;2;0;350;4;20;20;1200;1200;253;0;0;100;0;5;400;100;
1791534584.247	EA:BE:3E:E6:32:90	JBC_NANO	E;840;196;2;0;350;4;48;48;1200;1200;257;0;0;100;0;5;450;100;
1791534584.276	D7:5B:CA:55:9E:68	JBC_Std	E;820;44;2;0;350;4;20;20;1200;1200;253;0;0;100;0;5;400;100;
1791534584.636	EA:BE:3E:E6:32:90	JBC_NANO	E;840;192;2;0;350;4;48;48;1200;1200;257;0;0;100;0;5;450;100;
1791534584.666	D7:5B:CA:55:9E:68	JBC_Std	E;820;44;2;0;350;4;20;20;1200;1200;253;0;0;100;0;5;400;100;
1791534584.936	EA:BE:3E:E6:32:90	JBC_NANO	E;840;189;2;0;350;4;48;48;1200;1200;257;0;0;100;0;5;450;100;
1791534585.026	D7:5B:CA:55:9E:68	JBC_Std	E;820;44;2;0;350;4;20;20;1200;1200;253;0;0;100;0;5;400;100;
1791534585.296	EA:BE:3E:E6:32:90	JBC_NANO	E;840;186;2;0;350;4;48;48;1200;1200;257;0;0;100;0;5;450;100;
1791534585.385	D7:5B:CA:55:9E:68	JBC_Std	E;820;44;2;0;350;4;20;20;1200;1200;253;0;0;100;0;5;400;100;
1791534585.655	EA:BE:3E:E6:32:90	JBC_NANO	E;840;183;2;0;350;4;48;48;1200;1200;257;0;0;100;0;5;450;100;
1791534585.745	D7:5B:CA:55:9E:68	JBC_Std	E;820;45;2;0;350;4;20;20;1200;1200;253;0;0;100;0;5;400;100;
1791534586.015	EA:BE:3E:E6:32:90	JBC_NANO	E;840;180;2;0;350;4;48;48;1200;1200;257;0;0;100;0;5;450;100;
1791534586.105	D7:5B:CA:55:9E:68	JBC_Std	E;820;44;2;0;350;4;20;20;1200;1200;253;0;0;100;0;5;400;100;
1791534586.376	EA:BE:3E:E6:32:90	JBC_NANO	E;840;178;2;0;350;4;48;48;1200;1200;257;0;0;100;0;5;450;100;
1791534586.465	D7:5B:CA:55:9E:68	JBC_Std	E;820;44;2;0;350;4;20;20;1200;1200;253;0;0;100;0;5;400;100;
1791534586.765	EA:BE:3E:E6:32:90	JBC_NANO	E;840;175;2;0;350;4;48;48;1200;1200;257;0;0;100;0;5;450;100;
1791534586.796	D7:5B:CA:55:9E:68	JBC_Std	E;820;44;2;0;350;4;20;20;1200;1200;253;0;0;100;0;5;400;100;
1791534587.126	EA:BE:3E:E6:32:90	JBC_NANO	E;840;172;2;0;350;4;48;48;1200;1200;257;0;0;100;0;5;450;100;
1791534587.156	D7:5B:CA:55:9E:68	JBC_Std	E;820;44;2;0;350;4;20;20;1200;1200;253;0;0;100;0;5;400;100;
1791534587.486	EA:BE:3E:E6:32:90	JBC_NANO	E;840;169;2;0;350;4;48;48;1200;1200;257;0;0;100;0;5;450;100;
1791534587.516	D7:5B:CA:55:9E:68	JBC_Std	E;820;45;2;0;350;4;20;20;1200;1200;253;0;0;100;0;5;400;100;
1791534587.846	EA:BE:3E:E6:32:90	JBC_NANO	E;840;166;2;0;350;4;48;48;1200;1200;257;0;0;100;0;5;450;100;
1791534587.876	D7:5B:CA:55:9E:68	JBC_Std	E;820;44;2;0;350;4;20;20;1200;1200;253;0;0;100;0;5;400;100;
1791534588.205	EA:BE:3E:E6:32:90	JBC_NANO	E;840;163;2;0;350;4;48;48;1200;1200;257;0;0;100;0;5;450;100;
1791534588.235	D7:5B:CA:55:9E:68	JBC_Std	E;820;44;2;0;350;4;20;20;1200;1200;253;0;0;100;0;5;400;100;
1791534588.565	D7:5B:CA:55:9E:68	JBC_Std	E;820;44;2;0;350;4;20;20;1200;1200;253;0;0;100;0;5;400;100;
1791534588.596	EA:BE:3E:E6:32:90	JBC_NANO	E;840;161;2;0;350;4;48;48;1200;1200;257;0;0;100;0;5;450;100;
1791534588.895	D7:5B:CA:55:9E:68	JBC_Std	E;820;44;2;0;350;4;20;20;1200;1200;253;0;0;100;0;5;400;100;
1791534588.925	EA:BE:3E:E6:32:90	JBC_NANO	E;840;158;2;0;350;4;48;48;1200;1200;257;0;0;100;0;5;450;100;
1791534589.225	D7:5B:CA:55:9E:68	JBC_Std	E;820;44;2;0;350;4;20;20;1200;1200;253;0;0;100;0;5;400;100;
1791534589.256	EA:BE:3E:E6:32:90	JBC_NANO	E;840;156;2;0;350;4;48;48;1200;1200;257;0;0;100;0;5;450;100;
1791534589.615	D7:5B:CA:55:9E:68	JBC_Std	E;820;44;2;0;350;4;20;20;1200;1200;253;0;0;100;0;5;400;100;
1791534589.646	EA:BE:3E:E6:32:90	JBC_NANO	E;840;153;2;0;350;4;48;48;1200;1200;257;0;0;100;0;5;450;100;
1791534589.947	EA:BE:3E:E6:32:90	JBC_NANO	E;841;150;2;0;350;4;48;48;1200;1200;257;0;0;100;0;5;450;100;
1791534590.006	D7:5B:CA:55:9E:68	JBC_Std	E;820;44;2;0;350;4;20;20;1200;1200;253;0;0;100;0;5;400;100;
1791534590.366	EA:BE:3E:E6:32:90	JBC_NANO	E;841;148;2;0;350;4;48;48;1200;1200;257;0;0;100;0;5;450;100;
1791534590.396	D7:5B:CA:55:9E:68	JBC_Std	E;820;44;2;0;350;4;20;20;1200;1200;253;0;0;100;0;5;400;100;
1791534590.785	EA:BE:3E:E6:32:90	JBC_NANO	E;841;145;2;0;350;4;48;48;1200;1200;257;0;0;100;0;5;450;100;
1791534590.816	D7:5B:CA:55:9E:68	JBC_Std	E;820;43;2;0;350;4;20;20;1200;1200;253;0;0;100;0;5;400;100;
1791534591.086	EA:BE:3E:E6:32:90	JBC_NANO	E;841;143;2;0;350;4;48;48;1200;1200;257;0;0;100;0;5;450;100;
1791534591.175	D7:5B:CA:55:9E:68	JBC_Std	E;820;43;2;0;350;4;20;20;1200;1200;253;0;0;100;0;5;400;100;
1791534591.476	EA:BE:3E:E6:32:90	JBC_NANO	E;841;142;2;0;350;4;48;48;1200;1200;257;0;0;100;0;5;450;100;
1791534591.505	D7:5B:CA:55:9E:68	JBC_Std	E;821;43;2;0;350;4;20;20;1200;1200;253;0;0;100;0;5;400;100;
1791534591.836	EA:BE:3E:E6:32:90	JBC_NANO	E;841;140;2;0;350;4;48;48;1200;1200;257;0;0;100;0;5;450;100;
1791534591.865	D7:5B:CA:55:9E:68	JBC_Std	E;821;43;2;0;350;4;20;20;1200;1200;253;0;0;100;0;5;400;100;
1791534592.166	EA:BE:3E:E6:32:90	JBC_NANO	E;841;137;2;0;350;4;48;48;1200;1200;257;0;0;100;0;5;450;100;
1791534592.195	D7:5B:CA:55:9E:68	JBC_Std	E;821;43;2;0;350;4;20;20;1200;1200;253;0;0;100;0;5;400;100;
1791534592.525	EA:BE:3E:E6:32:90	JBC_NANO	E;841;135;2;0;350;4;48;48;1200;1200;257;0;0;100;0;5;450;100;
1791534592.555	D7:5B:CA:55:9E:68	JBC_Std	E;821;43;2;0;350;4;20;20;1200;1200;253;0;0;100;0;5;400;100;
1791534592.887	EA:BE:3E:E6:32:90	JBC_NANO	E;841;133;2;0;350;4;48;48;1200;1200;257;0;0;100;0;5;450;100;
1791534592.915	D7:5B:CA:55:9E:68	JBC_Std	E;821;43;2;0;350;4;20;20;1200;1200;253;0;0;100;0;5;400;100;
1791534593.185	EA:BE:3E:E6:32:90	JBC_NANO	E;841;131;2;0;350;4;48;48;1200;1200;257;0;0;100;0;5;450;100;
1791534593.276	D7:5B:CA:55:9E:68	JBC_Std	E;821;43;2;0;350;4;20;20;1200;1200;253;0;0;100;0;5;400;100;
1791534593.545	EA:BE:3E:E6:32:90	JBC_NANO	E;841;130;2;0;350;4;48;48;1200;1200;257;0;0;100;0;5;450;100;
1791534593.635	D7:5B:CA:55:9E:68	JBC_Std	E;821;43;2;0;350;4;20;20;1200;1200;253;0;0;100;0;5;400;100;
1791534593.966	EA:BE:3E:E6:32:90	JBC_NANO	E;841;129;2;0;350;4;48;48;1200;1200;257;0;0;100;0;5;450;100;
1791534593.996	D7:5B:CA:55:9E:68	JBC_Std	E;821;42;2;0;350;4;20;20;1200;1200;253;0;0;100;0;5;400;100;
1791534594.265	EA:BE:3E:E6:32:90	JBC_NANO	E;841;127;2;0;350;4;48;48;1200;1200;257;0;0;100;0;5;450;100;
1791534594.355	D7:5B:CA:55:9E:68	JBC_Std	E;821;42;2;0;350;4;20;20;1200;1200;253;0;0;100;0;5;400;100;
1791534594.655	EA:BE:3E:E6:32:90	JBC_NANO	E;841;125;2;0;350;4;48;48;1200;1200;257;0;0;100;0;5;450;100;
1791534594.715	D7:5B:CA:55:9E:68	JBC_Std	E;821;41;2;0;350;4;20;20;1200;1200;253;0;0;100;0;5;400;100;
1791534594.986	EA:BE:3E:E6:32:90	JBC_NANO	E;841;124;2;0;350;4;48;48;1200;1200;257;0;0;100;0;5;450;100;
1791534595.075	D7:5B:CA:55:9E:68	JBC_Std	E;821;42;2;0;350;4;20;20;1200;1200;253;0;0;100;0;5;400;100;
1791534595.317	EA:BE:3E:E6:32:90	JBC_NANO	E;841;122;2;0;350;4;48;48;1200;1200;257;0;0;100;0;5;450;100;
1791534595.436	D7:5B:CA:55:9E:68	JBC_Std	E;821;43;2;0;350;4;20;20;1200;1200;253;0;0;100;0;5;400;100;
1791534595.706	EA:BE:3E:E6:32:90	JBC_NANO	E;841;121;2;0;350;4;48;48;1200;1200;257;0;0;100;0;5;450;100;
1791534595.795	D7:5B:CA:55:9E:68	JBC_Std	E;821;43;2;0;350;4;20;20;1200;1200;253;0;0;100;0;5;400;100;
1791534596.008	EA:BE:3E:E6:32:90	JBC_NANO	E;841;119;2;0;350;4;48;48;1200;1200;257;0;0;100;0;5;450;100;
1791534596.126	D7:5B:CA:55:9E:68	JBC_Std	E;821;43;2;0;350;4;20;20;1200;1200;253;0;0;100;0;5;400;100;
1791534596.490	D7:5B:CA:55:9E:68	JBC_Std	E;821;42;2;0;350;4;20;20;1200;1200;253;0;0;100;0;5;400;100;
1791534596.516	EA:BE:3E:E6:32:90	JBC_NANO	E;841;118;2;0;350;4;48;48;1200;1200;257;0;0;100;0;5;450;100;
1791534596.846	EA:BE:3E:E6:32:90	JBC_NANO	E;841;116;2;0;350;4;48;48;1200;1200;257;0;0;100;0;5;450;100;
1791534596.875	D7:5B:CA:55:9E:68	JBC_Std	E;821;41;2;0;350;4;20;20;1200;1200;253;0;0;100;0;5;400;100;
1791534597.206	EA:BE:3E:E6:32:90	JBC_NANO	E;841;114;2;0;350;4;48;48;1200;1200;257;0;0;100;0;5;450;100;
1791534597.235	D7:5B:CA:55:9E:68	JBC_Std	E;821;41;2;0;350;4;20;20;1200;1200;253;0;0;100;0;5;400;100;
1791534597.566	EA:BE:3E:E6:32:90	JBC_NANO	E;841;112;2;0;350;4;48;48;1200;1200;257;0;0;100;0;5;450;100;
1791534597.625	D7:5B:CA:55:9E:68	JBC_Std	E;821;41;2;0;350;4;20;20;1200;1200;253;0;0;100;0;5;400;100;
1791534597.896	EA:BE:3E:E6:32:90	JBC_NANO	E;841;110;2;0;350;4;48;48;1200;1200;257;0;0;100;0;5;450;100;
1791534597.985	D7:5B:CA:55:9E:68	JBC_Std	E;821;40;2;0;350;4;20;20;1200;1200;253;0;0;100;0;5;400;100;
1791534598.255	EA:BE:3E:E6:32:90	JBC_NANO	E;841;109;2;0;350;4;48;48;1200;1200;257;0;0;100;0;5;450;100;
1791534598.375	D7:5B:CA:55:9E:68	JBC_Std	E;821;40;2;0;350;4;20;20;1200;1200;253;0;0;100;0;5;400;100;
1791534598.675	EA:BE:3E:E6:32:90	JBC_NANO	E;841;107;2;0;350;4;48;48;1200;1200;257;0;0;100;0;5;450;100;
1791534598.735	D7:5B:CA:55:9E:68	JBC_Std	E;821;40;2;0;350;4;20;20;1200;1200;253;0;0;100;0;5;400;100;
1791534599.006	EA:BE:3E:E6:32:90	JBC_NANO	E;841;106;2;0;350;4;48;48;1200;1200;257;0;0;100;0;5;450;100;
1791534599.095	D7:5B:CA:55:9E:68	JBC_Std	E;821;40;2;0;350;4;20;20;1200;1200;253;0;0;100;0;5;400;100;
1791534599.366	EA:BE:3E:E6:32:90	JBC_NANO	E;841;105;2;0;350;4;48;48;1200;1200;257;0;0;100;0;5;450;100;
1791534599.486	D7:5B:CA:55:9E:68	JBC_Std	E;821;40;2;0;350;4;20;20;1200;1200;253;0;0;100;0;5;400;100;
1791534599.696	EA:BE:3E:E6:32:90	JBC_NANO	E;841;104;2;0;350;4;48;48;1200;1200;257;0;0;100;0;5;450;100;
1791534599.845	D7:5B:CA:55:9E:68	JBC_Std	E;821;41;2;0;350;4;20;20;1200;1200;253;0;0;100;0;5;400;100;
1791534600.086	EA:BE:3E:E6:32:90	JBC_NANO	E;841;103;2;0;350;4;48;48;1200;1200;257;0;0;100;0;5;450;100;
1791534600.235	D7:5B:CA:55:9E:68	JBC_Std	E;821;41;2;0;350;4;20;20;1200;1200;253;0;0;100;0;5;400;100;
1791534600.385	EA:BE:3E:E6:32:90	JBC_NANO	E;841;102;2;0;350;4;48;48;1200;1200;257;0;0;100;0;5;450;100;
1791534600.535	D7:5B:CA:55:9E:68	JBC_Std	E;821;41;2;0;350;4;20;20;1200;1200;253;0;0;100;0;5;400;100;
1791534600.745	EA:BE:3E:E6:32:90	JBC_NANO	E;841;100;2;0;350;4;48;48;1200;1200;257;0;0;100;0;5;450;100;
1791534600.895	D7:5B:CA:55:9E:68	JBC_Std	E;821;41;2;0;350;4;20;20;1200;1200;253;0;0;100;0;5;400;100;
1791534601.105	EA:BE:3E:E6:32:90	JBC_NANO	E;842;99;2;0;350;4;48;48;1200;1200;257;0;0;100;0;5;450;100;
1791534601.255	D7:5B:CA:55:9E:68	JBC_Std	E;821;41;2;0;350;4;20;20;1200;1200;253;0;0;100;0;5;400;100;
1791534601.525	EA:BE:3E:E6:32:90	JBC_NANO	E;842;99;2;0;350;4;48;48;1200;1200;257;0;0;100;0;5;450;100;
1791534601.615	D7:5B:CA:55:9E:68	JBC_Std	E;821;41;2;0;350;4;20;20;1200;1200;253;0;0;100;0;5;400;100;
1791534601.885	EA:BE:3E:E6:32:90	JBC_NANO	E;842;97;2;0;350;4;48;48;1200;1200;257;0;0;100;0;5;450;100;
1791534602.065	D7:5B:CA:55:9E:68	JBC_Std	E;821;40;2;0;350;4;20;20;1200;1200;253;0;0;100;0;5;400;100;
1791534602.215	EA:BE:3E:E6:32:90	JBC_NANO	E;842;96;2;0;350;4;48;48;1200;1200;257;0;0;100;0;5;450;100;
1791534602.365	D7:5B:CA:55:9E:68	JBC_Std	E;821;40;2;0;350;4;20;20;1200;1200;253;0;0;100;0;5;400;100;
1791534602.576	EA:BE:3E:E6:32:90	JBC_NANO	E;842;95;2;0;350;4;48;48;1200;1200;257;0;0;100;0;5;450;100;
1791534602.725	D7:5B:CA:55:9E:68	JBC_Std	E;822;40;2;0;350;4;20;20;1200;1200;253;0;0;100;0;5;400;100;
1791534602.936	EA:BE:3E:E6:32:90	JBC_NANO	E;842;93;2;0;350;4;48;48;1200;1200;257;0;0;100;0;5;450;100;
1791534603.085	D7:5B:CA:55:9E:68	JBC_Std	E;822;40;2;0;350;4;20;20;1200;1200;253;0;0;100;0;5;400;100;
1791534603.295	EA:BE:3E:E6:32:90	JBC_NANO	E;842;91;2;0;350;4;48;48;1200;1200;257;0;0;100;0;5;450;100;
1791534603.445	D7:5B:CA:55:9E:68	JBC_Std	E;822;40;2;0;350;4;20;20;1200;1200;253;0;0;100;0;5;400;100;
1791534603.656	EA:BE:3E:E6:32:90	JBC_NANO	E;842;90;2;0;350;4;48;48;1200;1200;257;0;0;100;0;5;450;100;
1791534603.805	D7:5B:CA:55:9E:68	JBC_Std	E;822;40;2;0;350;4;20;20;1200;1200;253;0;0;100;0;5;400;100;
1791534604.016	EA:BE:3E:E6:32:90	JBC_NANO	E;842;90;2;0;350;4;48;48;1200;1200;257;0;0;100;0;5;450;100;
1791534604.195	D7:5B:CA:55:9E:68	JBC_Std	E;822;41;2;0;350;4;20;20;1200;1200;253;0;0;100;0;5;400;100;
1791534604.345	EA:BE:3E:E6:32:90	JBC_NANO	E;842;89;2;0;350;4;48;48;1200;1200;257;0;0;100;0;5;450;100;
1791534604.555	D7:5B:CA:55:9E:68	JBC_Std	E;822;40;2;0;350;4;20;20;1200;1200;253;0;0;100;0;5;400;100;
1791534604.706	EA:BE:3E:E6:32:90	JBC_NANO	E;842;89;2;0;350;4;48;48;1200;1200;257;0;0;100;0;5;450;100;
1791534604.915	D7:5B:CA:55:9E:68	JBC_Std	E;822;40;2;0;350;4;20;20;1200;1200;253;0;0;100;0;5;400;100;
1791534605.065	EA:BE:3E:E6:32:90	JBC_NANO	E;842;88;2;0;350;4;48;48;1200;1200;257;0;0;100;0;5;450;100;
1791534605.276	D7:5B:CA:55:9E:68	JBC_Std	E;822;40;2;0;350;4;20;20;1200;1200;253;0;0;100;0;5;400;100;
1791534605.425	EA:BE:3E:E6:32:90	JBC_NANO	E;842;87;2;0;350;4;48;48;1200;1200;257;0;0;100;0;5;450;100;
1791534605.636	D7:5B:CA:55:9E:68	JBC_Std	E;822;40;2;0;350;4;20;20;1200;1200;253;0;0;100;0;5;400;100;
1791534605.785	EA:BE:3E:E6:32:90	JBC_NANO	E;842;86;2;0;350;4;48;48;1200;1200;257;0;0;100;0;5;450;100;
1791534605.995	D7:5B:CA:55:9E:68	JBC_Std	E;822;40;2;0;350;4;20;20;1200;1200;253;0;0;100;0;5;400;100;
1791534606.175	EA:BE:3E:E6:32:90	JBC_NANO	E;842;86;2;0;350;4;48;48;1200;1200;257;0;0;100;0;5;450;100;
1791534606.325	D7:5B:CA:55:9E:68	JBC_Std	E;822;39;2;0;350;4;20;20;1200;1200;253;0;0;100;0;5;400;100;
1791534606.535	EA:BE:3E:E6:32:90	JBC_NANO	E;842;84;2;0;350;4;48;48;1200;1200;257;0;0;100;0;5;450;100;
1791534606.685	D7:5B:CA:55:9E:68	JBC_Std	E;822;39;2;0;350;4;20;20;1200;1200;253;0;0;100;0;5;400;100;
1791534606.896	EA:BE:3E:E6:32:90	JBC_NANO	E;842;83;2;0;350;4;48;48;1200;1200;257;0;0;100;0;5;450;100;
1791534607.045	D7:5B:CA:55:9E:68	JBC_Std	E;822;39;2;0;350;4;20;20;1200;1200;253;0;0;100;0;5;400;100;
1791534607.255	EA:BE:3E:E6:32:90	JBC_NANO	E;842;82;2;0;350;4;48;48;1200;1200;257;0;0;100;0;5;450;100;
1791534607.405	D7:5B:CA:55:9E:68	JBC_Std	E;822;39;2;0;350;4;20;20;1200;1200;253;0;0;100;0;5;400;100;
1791534607.616	EA:BE:3E:E6:32:90	JBC_NANO	E;842;81;2;0;350;4;48;48;1200;1200;257;0;0;100;0;5;450;100;
1791534607.765	D7:5B:CA:55:9E:68	JBC_Std	E;822;40;2;0;350;4;20;20;1200;1200;253;0;0;100;0;5;400;100;
1791534607.975	EA:BE:3E:E6:32:90	JBC_NANO	E;842;81;2;0;350;4;48;48;1200;1200;257;0;0;100;0;5;450;100;
1791534608.155	D7:5B:CA:55:9E:68	JBC_Std	E;822;39;2;0;350;4;20;20;1200;1200;253;0;0;100;0;5;400;100;
1791534608.305	EA:BE:3E:E6:32:90	JBC_NANO	E;842;80;2;0;350;4;48;48;1200;1200;257;0;0;100;0;5;450;100;
1791534608.515	D7:5B:CA:55:9E:68	JBC_Std	E;822;39;2;0;350;4;20;20;1200;1200;253;0;0;100;0;5;400;100;
1791534608.665	EA:BE:3E:E6:32:90	JBC_NANO	E;842;79;2;0;350;4;48;48;1200;1200;257;0;0;100;0;5;450;100;
1791534608.875	D7:5B:CA:55:9E:68	JBC_Std	E;822;40;2;0;350;4;20;20;1200;1200;253;0;0;100;0;5;400;100;
1791534609.026	EA:BE:3E:E6:32:90	JBC_NANO	E;842;78;2;0;350;4;48;48;1200;1200;257;0;0;100;0;5;450;100;
1791534609.294	D7:5B:CA:55:9E:68	JBC_Std	E;822;40;2;0;350;4;20;20;1200;1200;253;0;0;100;0;5;400;100;
1791534609.386	EA:BE:3E:E6:32:90	JBC_NANO	E;842;77;2;0;350;4;48;48;1200;1200;257;0;0;100;0;5;450;100;
1791534609.595	D7:5B:CA:55:9E:68	JBC_Std	E;822;40;2;0;350;4;20;20;1200;1200;253;0;0;100;0;5;400;100;
1791534609.746	EA:BE:3E:E6:32:90	JBC_NANO	E;842;77;2;0;350;4;48;48;1200;1200;257;0;0;100;0;5;450;100;
1791534609.955	D7:5B:CA:55:9E:68	JBC_Std	E;822;41;2;0;350;4;20;19;1200;1199;253;0;0;100;0;5;400;100;
1791534610.136	EA:BE:3E:E6:32:90	JBC_NANO	E;842;76;2;0;350;4;48;48;1200;1200;257;0;0;100;0;5;450;100;
1791534610.345	D7:5B:CA:55:9E:68	JBC_Std	E;822;40;2;0;350;4;20;20;1200;1200;253;0;0;100;0;5;400;100;
1791534610.436	EA:BE:3E:E6:32:90	JBC_NANO	E;842;76;2;0;350;4;48;48;1200;1200;257;0;0;100;0;5;450;100;
1791534610.705	D7:5B:CA:55:9E:68	JBC_Std	E;822;39;2;0;350;4;20;20;1200;1200;253;0;0;100;0;5;400;100;
1791534610.795	EA:BE:3E:E6:32:90	JBC_NANO	E;842;76;2;0;350;4;48;48;1200;1200;257;0;0;100;0;5;450;100;
1791534611.065	D7:5B:CA:55:9E:68	JBC_Std	E;822;39;2;0;350;4;20;20;1200;1200;253;0;0;100;0;5;400;100;
1791534611.155	EA:BE:3E:E6:32:90	JBC_NANO	E;842;74;2;0;350;4;48;48;1200;1200;257;0;0;100;0;5;450;100;
1791534611.425	D7:5B:CA:55:9E:68	JBC_Std	E;822;39;2;0;350;4;20;20;1200;1200;253;0;0;100;0;5;400;100;
1791534611.516	EA:BE:3E:E6:32:90	JBC_NANO	E;842;74;2;0;350;4;48;48;1200;1200;257;0;0;100;0;5;450;100;
1791534611.785	D7:5B:CA:55:9E:68	JBC_Std	E;822;39;2;0;350;4;20;20;1200;1200;253;0;0;100;0;5;400;100;
1791534611.876	EA:BE:3E:E6:32:90	JBC_NANO	E;842;73;2;0;350;4;48;48;1200;1200;257;0;0;100;0;5;450;100;
1791534612.175	D7:5B:CA:55:9E:68	JBC_Std	E;822;39;2;0;350;4;20;20;1200;1200;253;0;0;100;0;5;400;100;
1791534612.265	EA:BE:3E:E6:32:90	JBC_NANO	E;843;72;2;0;350;4;48;48;1200;1200;257;0;0;100;0;5;450;100;
1791534612.594	D7:5B:CA:55:9E:68	JBC_Std	E;822;40;2;0;350;4;20;20;1200;1200;253;0;0;100;0;5;400;100;
1791534612.625	EA:BE:3E:E6:32:90	JBC_NANO	E;843;71;2;0;350;4;48;48;1200;1200;257;0;0;100;0;5;450;100;
1791534612.895	D7:5B:CA:55:9E:68	JBC_Std	E;822;39;2;0;350;4;20;20;1200;1200;253;0;0;100;0;5;400;100;
1791534612.986	EA:BE:3E:E6:32:90	JBC_NANO	E;843;71;2;0;350;4;48;48;1200;1200;257;0;0;100;0;5;450;100;
1791534613.255	D7:5B:CA:55:9E:68	JBC_Std	E;822;39;2;0;350;4;20;20;1200;1200;253;0;0;100;0;5;400;100;
1791534613.346	EA:BE:3E:E6:32:90	JBC_NANO	E;843;70;2;0;350;4;48;48;1200;1200;257;0;0;100;0;5;450;100;
1791534613.614	D7:5B:CA:55:9E:68	JBC_Std	E;822;39;2;0;350;4;20;20;1200;1200;253;0;0;100;0;5;400;100;
1791534613.706	EA:BE:3E:E6:32:90	JBC_NANO	E;843;69;2;0;350;4;48;48;1200;1200;257;0;0;100;0;5;450;100;
1791534613.975	D7:5B:CA:55:9E:68	JBC_Std	E;823;38;2;0;350;4;20;20;1200;1200;253;0;0;100;0;5;400;100;
1791534614.065	EA:BE:3E:E6:32:90	JBC_NANO	E;843;69;2;0;350;4;48;48;1200;1200;257;0;0;100;0;5;450;100;
1791534614.305	D7:5B:CA:55:9E:68	JBC_Std	E;823;39;2;0;350;4;20;20;1200;1200;253;0;0;100;0;5;400;100;
1791534614.395	EA:BE:3E:E6:32:90	JBC_NANO	E;843;68;2;0;350;4;48;48;1200;1200;257;0;0;100;0;5;450;100;
1791534614.665	D7:5B:CA:55:9E:68	JBC_Std	E;823;39;2;0;350;4;20;20;1200;1200;253;0;0;100;0;5;400;100;
1791534614.755	EA:BE:3E:E6:32:90	JBC_NANO	E;843;68;2;0;350;4;48;48;1200;1200;257;0;0;100;0;5;450;100;
1791534615.025	D7:5B:CA:55:9E:68	JBC_Std	E;823;39;2;0;350;4;20;20;1200;1200;253;0;0;100;0;5;400;100;
1791534615.056	EA:BE:3E:E6:32:90	JBC_NANO	E;843;67;2;0;350;4;48;48;1200;1200;257;0;0;100;0;5;450;100;
1791534615.385	D7:5B:CA:55:9E:68	JBC_Std	E;823;39;2;0;350;4;20;20;1200;1200;253;0;0;100;0;5;400;100;
1791534615.416	EA:BE:3E:E6:32:90	JBC_NANO	E;843;67;2;0;350;4;48;48;1200;1200;257;0;0;100;0;5;450;100;
1791534615.745	D7:5B:CA:55:9E:68	JBC_Std	E;823;38;2;0;350;4;20;20;1200;1200;253;0;0;100;0;5;400;100;
1791534615.776	EA:BE:3E:E6:32:90	JBC_NANO	E;843;66;2;0;350;4;48;48;1200;1200;257;0;0;100;0;5;450;100;
1791534616.135	D7:5B:CA:55:9E:68	JBC_Std	E;823;38;2;0;350;4;20;20;1200;1200;253;0;0;100;0;5;400;100;
1791534616.165	EA:BE:3E:E6:32:90	JBC_NANO	E;843;65;2;0;350;4;48;48;1200;1200;257;0;0;100;0;5;450;100;
1791534616.466	EA:BE:3E:E6:32:90	JBC_NANO	E;843;65;2;0;350;4;48;48;1200;1200;257;0;0;100;0;5;450;100;
1791534616.495	D7:5B:CA:55:9E:68	JBC_Std	E;823;38;2;0;350;4;20;20;1200;1200;253;0;0;100;0;5;400;100;
1791534616.825	EA:BE:3E:E6:32:90	JBC_NANO	E;843;65;2;0;350;4;48;48;1200;1200;257;0;0;100;0;5;450;100;
1791534616.914	D7:5B:CA:55:9E:68	JBC_Std	E;823;38;2;0;350;4;20;20;1200;1200;253;0;0;100;0;5;400;100;
1791534617.186	EA:BE:3E:E6:32:90	JBC_NANO	E;843;64;2;0;350;4;48;48;1200;1200;257;0;0;100;0;5;450;100;
1791534617.215	D7:5B:CA:55:9E:68	JBC_Std	E;823;38;2;0;350;4;20;20;1200;1200;253;0;0;100;0;5;400;100;
1791534617.545	EA:BE:3E:E6:32:90	JBC_NANO	E;843;64;2;0;350;4;48;48;1200;1200;257;0;0;100;0;5;450;100;
1791534617.574	D7:5B:CA:55:9E:68	JBC_Std	E;823;38;2;0;350;4;20;20;1200;1200;253;0;0;100;0;5;400;100;
1791534617.935	EA:BE:3E:E6:32:90	JBC_NANO	E;843;63;2;0;350;4;48;48;1200;1200;257;0;0;100;0;5;450;100;
1791534617.965	D7:5B:CA:55:9E:68	JBC_Std	E;823;38;2;0;350;4;20;20;1200;1200;253;0;0;100;0;5;400;100;
1791534618.265	EA:BE:3E:E6:32:90	JBC_NANO	E;843;62;2;0;350;4;48;48;1200;1200;257;0;0;100;0;5;450;100;
1791534618.295	D7:5B:CA:55:9E:68	JBC_Std	E;823;38;2;0;350;4;20;20;1200;1200;253;0;0;100;0;5;400;100;
1791534618.655	EA:BE:3E:E6:32:90	JBC_NANO	E;843;62;2;0;350;4;48;48;1200;1200;257;0;0;100;0;5;450;100;
1791534618.685	D7:5B:CA:55:9E:68	JBC_Std	E;823;38;2;0;350;4;20;20;1200;1200;253;0;0;100;0;5;400;100;
1791534618.985	EA:BE:3E:E6:32:90	JBC_NANO	E;843;62;2;0;350;4;48;48;1200;1200;257;0;0;100;0;5;450;100;
1791534619.074	D7:5B:CA:55:9E:68	JBC_Std	E;823;38;2;0;350;4;20;20;1200;1200;253;0;0;100;0;5;400;100;
1791534619.345	EA:BE:3E:E6:32:90	JBC_NANO	E;843;61;2;0;350;4;48;48;1200;1200;257;0;0;100;0;5;450;100;
1791534619.435	D7:5B:CA:55:9E:68	JBC_Std	E;823;38;2;0;350;4;20;20;1200;1200;253;0;0;100;0;5;400;100;
1791534619.735	EA:BE:3E:E6:32:90	JBC_NANO	E;843;61;2;0;350;4;48;48;1200;1200;257;0;0;100;0;5;450;100;
1791534619.824	D7:5B:CA:55:9E:68	JBC_Std	E;823;38;2;0;350;4;20;20;1200;1200;253;0;0;100;0;5;400;100;
1791534620.095	EA:BE:3E:E6:32:90	JBC_NANO	E;843;61;2;0;350;4;48;48;1200;1200;257;0;0;100;0;5;450;100;
1791534620.214	D7:5B:CA:55:9E:68	JBC_Std	E;823;37;2;0;350;4;20;20;1200;1200;253;0;0;100;0;5;400;100;
1791534620.485	EA:BE:3E:E6:32:90	JBC_NANO	E;843;59;2;0;350;4;48;48;1200;1200;257;0;0;100;0;5;450;100;
1791534620.575	D7:5B:CA:55:9E:68	JBC_Std	E;823;37;2;0;350;4;20;20;1200;1200;253;0;0;100;0;5;400;100;
1791534620.845	EA:BE:3E:E6:32:90	JBC_NANO	E;843;59;2;0;350;4;48;48;1200;1200;257;0;0;100;0;5;450;100;
1791534620.994	D7:5B:CA:55:9E:68	JBC_Std	E;823;37;2;0;350;4;20;20;1200;1200;253;0;0;100;0;5;400;100;
1791534621.205	EA:BE:3E:E6:32:90	JBC_NANO	E;843;58;2;0;350;4;48;48;1200;1200;257;0;0;100;0;5;450;100;
1791534621.355	D7:5B:CA:55:9E:68	JBC_Std	E;823;37;2;0;350;4;20;20;1200;1200;253;0;0;100;0;5;400;100;
1791534621.565	EA:BE:3E:E6:32:90	JBC_NANO	E;843;58;2;0;350;4;48;48;1200;1200;257;0;0;100;0;5;450;100;
1791534621.714	D7:5B:CA:55:9E:68	JBC_Std	E;823;38;2;0;350;4;20;20;1200;1200;253;0;0;100;0;5;400;100;
1791534621.925	EA:BE:3E:E6:32:90	JBC_NANO	E;843;58;2;0;350;4;48;48;1200;1200;257;0;0;100;0;5;450;100;
1791534622.074	D7:5B:CA:55:9E:68	JBC_Std	E;823;38;2;0;350;4;20;20;1200;1200;253;0;0;100;0;5;400;100;
1791534622.315	EA:BE:3E:E6:32:90	JBC_NANO	E;843;57;2;0;350;4;48;48;1200;1200;257;0;0;100;0;5;450;100;
1791534622.464	D7:5B:CA:55:9E:68	JBC_Std	E;823;38;2;0;350;4;20;20;1200;1200;253;0;0;100;0;5;400;100;
1791534622.675	EA:BE:3E:E6:32:90	JBC_NANO	E;843;57;2;0;350;4;48;48;1200;1200;257;0;0;100;0;5;450;100;
1791534622.824	D7:5B:CA:55:9E:68	JBC_Std	E;823;38;2;0;350;4;20;20;1200;1200;253;0;0;100;0;5;400;100;
1791534623.035	EA:BE:3E:E6:32:90	JBC_NANO	E;843;56;2;0;350;4;48;48;1200;1200;257;0;0;100;0;5;450;100;
1791534623.185	D7:5B:CA:55:9E:68	JBC_Std	E;823;38;2;0;350;4;20;20;1200;1200;253;0;0;100;0;5;400;100;
1791534623.396	EA:BE:3E:E6:32:90	JBC_NANO	E;843;56;2;0;350;4;48;48;1200;1200;257;0;0;100;0;5;450;100;
1791534623.544	D7:5B:CA:55:9E:68	JBC_Std	E;823;38;2;0;350;4;20;20;1200;1200;253;0;0;100;0;5;400;100;
1791534623.815	EA:BE:3E:E6:32:90	JBC_NANO	E;843;56;2;0;350;4;48;48;1200;1200;257;0;0;100;0;5;450;100;
1791534623.904	D7:5B:CA:55:9E:68	JBC_Std	E;823;37;2;0;350;4;20;20;1200;1200;253;0;0;100;0;5;400;100;
1791534624.115	EA:BE:3E:E6:32:90	JBC_NANO	E;843;55;2;0;350;4;48;48;1200;1200;257;0;0;100;0;5;450;100;
1791534624.235	D7:5B:CA:55:9E:68	JBC_Std	E;823;37;2;0;350;4;20;20;1200;1200;253;0;0;100;0;5;400;100;
1791534624.446	EA:BE:3E:E6:32:90	JBC_NANO	E;843;55;2;0;350;4;48;48;1200;1200;257;0;0;100;0;5;450;100;
1791534624.595	D7:5B:CA:55:9E:68	JBC_Std	E;823;37;2;0;350;4;20;20;1200;1200;253;0;0;100;0;5;400;100;
1791534624.806	EA:BE:3E:E6:32:90	JBC_NANO	E;843;55;2;0;350;4;48;48;1200;1200;257;0;0;100;0;5;450;100;
1791534624.955	D7:5B:CA:55:9E:68	JBC_Std	E;823;37;2;0;350;4;20;20;1200;1200;253;0;0;100;0;5;400;100;
1791534625.165	EA:BE:3E:E6:32:90	JBC_NANO	E;843;54;2;0;350;4;48;48;1200;1200;257;0;0;100;0;5;450;100;
1791534625.315	D7:5B:CA:55:9E:68	JBC_Std	E;824;36;2;0;350;4;20;20;1200;1200;253;0;0;100;0;5;400;100;
1791534625.525	EA:BE:3E:E6:32:90	JBC_NANO	E;843;54;2;0;350;4;48;48;1200;1200;257;0;0;100;0;5;450;100;
1791534625.674	D7:5B:CA:55:9E:68	JBC_Std	E;824;36;2;0;350;4;20;20;1200;1200;253;0;0;100;0;5;400;100;
1791534625.885	EA:BE:3E:E6:32:90	JBC_NANO	E;843;53;2;0;350;4;48;48;1200;1200;257;0;0;100;0;5;450;100;
1791534626.035	D7:5B:CA:55:9E:68	JBC_Std	E;824;36;2;0;350;4;20;20;1200;1200;253;0;0;100;0;5;400;100;
1791534626.275	EA:BE:3E:E6:32:90	JBC_NANO	E;843;53;2;0;350;4;48;48;1200;1200;257;0;0;100;0;5;450;100;
1791534626.364	D7:5B:CA:55:9E:68	JBC_Std	E;824;36;2;0;350;4;20;20;1200;1200;253;0;0;100;0;5;400;100;
1791534626.635	EA:BE:3E:E6:32:90	JBC_NANO	E;843;53;2;0;350;4;48;48;1200;1200;257;0;0;100;0;5;450;100;
1791534626.785	D7:5B:CA:55:9E:68	JBC_Std	E;824;37;2;0;350;4;20;20;1200;1200;253;0;0;100;0;5;400;100;
1791534626.995	EA:BE:3E:E6:32:90	JBC_NANO	E;843;52;2;0;350;4;48;48;1200;1200;257;0;0;100;0;5;450;100;
1791534627.084	D7:5B:CA:55:9E:68	JBC_Std	E;824;36;2;0;350;4;20;20;1200;1200;253;0;0;100;0;5;400;100;
1791534627.354	EA:BE:3E:E6:32:90	JBC_NANO	E;844;52;2;0;350;4;48;48;1200;1200;257;0;0;100;0;5;450;100;
1791534627.445	D7:5B:CA:55:9E:68	JBC_Std	E;824;35;2;0;350;4;20;20;1200;1200;253;0;0;100;0;5;400;100;
1791534627.714	EA:BE:3E:E6:32:90	JBC_NANO	E;844;52;2;0;350;4;48;48;1200;1200;257;0;0;100;0;5;450;100;
1791534627.805	D7:5B:CA:55:9E:68	JBC_Std	E;824;35;2;0;350;4;20;20;1200;1200;253;0;0;100;0;5;400;100;
1791534628.074	EA:BE:3E:E6:32:90	JBC_NANO	E;844;51;2;0;350;4;48;48;1200;1200;257;0;0;100;0;5;450;100;
1791534628.194	D7:5B:CA:55:9E:68	JBC_Std	E;824;35;2;0;350;4;20;20;1200;1200;253;0;0;100;0;5;400;100;
1791534628.404	EA:BE:3E:E6:32:90	JBC_NANO	E;844;51;2;0;350;4;48;48;1200;1200;257;0;0;100;0;5;450;100;
1791534628.555	D7:5B:CA:55:9E:68	JBC_Std	E;824;35;2;0;350;4;20;20;1200;1200;253;0;0;100;0;5;400;100;
1791534628.764	EA:BE:3E:E6:32:90	JBC_NANO	E;844;51;2;0;350;4;48;48;1200;1200;257;0;0;100;0;5;450;100;
1791534628.915	D7:5B:CA:55:9E:68	JBC_Std	E;824;36;2;0;350;4;20;20;1200;1200;253;0;0;100;0;5;400;100;
1791534629.125	EA:BE:3E:E6:32:90	JBC_NANO	E;844;50;2;0;350;4;48;48;1200;1200;257;0;0;100;0;5;450;100;
1791534629.275	D7:5B:CA:55:9E:68	JBC_Std	E;824;36;2;0;350;4;20;20;1200;1200;253;0;0;100;0;5;400;100;
1791534629.485	EA:BE:3E:E6:32:90	JBC_NANO	E;844;50;2;0;350;4;48;48;1200;1200;257;0;0;100;0;5;450;100;
1791534629.635	D7:5B:CA:55:9E:68	JBC_Std	E;824;36;2;0;350;4;20;20;1200;1200;253;0;0;100;0;5;400;100;
1791534629.845	EA:BE:3E:E6:32:90	JBC_NANO	E;844;50;2;0;350;4;48;48;1200;1200;257;0;0;100;0;5;450;100;
1791534629.994	D7:5B:CA:55:9E:68	JBC_Std	E;824;36;2;0;350;4;20;20;1200;1200;253;0;0;100;0;5;400;100;
1791534630.235	EA:BE:3E:E6:32:90	JBC_NANO	E;844;50;2;0;350;4;48;48;1200;1200;257;0;0;100;0;5;450;100;
1791534630.325	D7:5B:CA:55:9E:68	JBC_Std	E;824;36;2;0;350;4;20;20;1200;1200;253;0;0;100;0;5;400;100;
1791534630.535	EA:BE:3E:E6:32:90	JBC_NANO	E;844;50;2;0;350;4;48;48;1200;1200;257;0;0;100;0;5;450;100;
1791534630.685	D7:5B:CA:55:9E:68	JBC_Std	E;824;36;2;0;350;4;20;20;1200;1200;253;0;0;100;0;5;400;100;
1791534630.895	EA:BE:3E:E6:32:90	JBC_NANO	E;844;49;2;0;350;4;48;48;1200;1200;257;0;0;100;0;5;450;100;
1791534631.045	D7:5B:CA:55:9E:68	JBC_Std	E;824;36;2;0;350;4;20;20;1200;1200;253;0;0;100;0;5;400;100;
1791534631.255	EA:BE:3E:E6:32:90	JBC_NANO	E;844;49;2;0;350;4;48;48;1200;1200;257;0;0;100;0;5;450;100;
1791534631.404	D7:5B:CA:55:9E:68	JBC_Std	E;824;36;2;0;350;4;20;20;1200;1200;253;0;0;100;0;5;400;100;
1791534631.615	EA:BE:3E:E6:32:90	JBC_NANO	E;844;48;2;0;350;4;48;48;1200;1200;257;0;0;100;0;5;450;100;
1791534631.764	D7:5B:CA:55:9E:68	JBC_Std	E;824;36;2;0;350;4;20;20;1200;1200;253;0;0;100;0;5;400;100;
1791534631.975	EA:BE:3E:E6:32:90	JBC_NANO	E;844;47;2;0;350;4;48;48;1200;1200;257;0;0;100;0;5;450;100;
1791534632.124	D7:5B:CA:55:9E:68	JBC_Std	E;824;35;2;0;350;4;20;20;1200;1200;253;0;0;100;0;5;400;100;
1791534632.365	EA:BE:3E:E6:32:90	JBC_NANO	E;844;47;2;0;350;4;48;48;1200;1200;257;0;0;100;0;5;450;100;
1791534632.455	D7:5B:CA:55:9E:68	JBC_Std	E;824;35;2;0;350;4;20;20;1200;1200;253;0;0;100;0;5;400;100;
1791534632.725	EA:BE:3E:E6:32:90	JBC_NANO	E;844;47;2;0;350;4;48;48;1200;1200;257;0;0;100;0;5;450;100;
1791534632.814	D7:5B:CA:55:9E:68	JBC_Std	E;824;35;2;0;350;4;20;20;1200;1200;253;0;0;100;0;5;400;100;
1791534633.084	EA:BE:3E:E6:32:90	JBC_NANO	E;844;47;2;0;350;4;48;48;1200;1200;257;0;0;100;0;5;450;100;
1791534633.294	D7:5B:CA:55:9E:68	JBC_Std	E;824;36;2;0;350;4;20;20;1200;1200;253;0;0;100;0;5;400;100;
1791534633.445	EA:BE:3E:E6:32:90	JBC_NANO	E;844;47;2;0;350;4;48;48;1200;1200;257;0;0;100;0;5;450;100;
1791534633.595	D7:5B:CA:55:9E:68	JBC_Std	E;824;36;2;0;350;4;20;20;1200;1200;253;0;0;100;0;5;400;100;
1791534633.805	EA:BE:3E:E6:32:90	JBC_NANO	E;844;47;2;0;350;4;48;48;1200;1200;257;0;0;100;0;5;450;100;
1791534633.894	D7:5B:CA:55:9E:68	JBC_Std	E;824;36;2;0;350;4;20;20;1200;1200;253;0;0;100;0;5;400;100;
1791534634.165	EA:BE:3E:E6:32:90	JBC_NANO	E;844;47;2;0;350;4;48;48;1200;1200;257;0;0;100;0;5;450;100;
1791534634.285	D7:5B:CA:55:9E:68	JBC_Std	E;824;36;2;0;350;4;20;20;1200;1200;253;0;0;100;0;5;400;100;
1791534634.494	EA:BE:3E:E6:32:90	JBC_NANO	E;844;47;2;0;350;4;48;48;1200;1200;257;0;0;100;0;5;450;100;
1791534634.644	D7:5B:CA:55:9E:68	JBC_Std	E;824;35;2;0;350;4;20;20;1200;1200;253;0;0;100;0;5;400;100;
1791534634.855	EA:BE:3E:E6:32:90	JBC_NANO	E;844;46;2;0;350;4;48;48;1200;1200;257;0;0;100;0;5;450;100;
1791534635.004	D7:5B:CA:55:9E:68	JBC_Std	E;824;35;2;0;350;4;20;20;1200;1200;253;0;0;100;0;5;400;100;
1791534635.215	EA:BE:3E:E6:32:90	JBC_NANO	E;844;45;2;0;350;4;48;48;1200;1200;257;0;0;100;0;5;450;100;
1791534635.364	D7:5B:CA:55:9E:68	JBC_Std	E;824;35;2;0;350;4;20;20;1200;1200;253;0;0;100;0;5;400;100;
1791534635.575	EA:BE:3E:E6:32:90	JBC_NANO	E;844;45;2;0;350;4;48;48;1200;1200;257;0;0;100;0;5;450;100;
1791534635.724	D7:5B:CA:55:9E:68	JBC_Std	E;824;35;2;0;350;4;20;20;1200;1200;253;0;0;100;0;5;400;100;
1791534635.936	EA:BE:3E:E6:32:90	JBC_NANO	E;844;44;2;0;350;4;48;48;1200;1200;257;0;0;100;0;5;450;100;
1791534636.085	D7:5B:CA:55:9E:68	JBC_Std	E;824;35;2;0;350;4;20;20;1200;1200;253;0;0;100;0;5;400;100;
1791534636.325	EA:BE:3E:E6:32:90	JBC_NANO	E;844;45;2;0;350;4;48;48;1200;1200;257;0;0;100;0;5;450;100;
1791534636.414	D7:5B:CA:55:9E:68	JBC_Std	E;825;35;2;0;350;4;20;20;1200;1200;253;0;0;100;0;5;400;100;
1791534636.685	EA:BE:3E:E6:32:90	JBC_NANO	E;844;45;2;0;350;4;48;48;1200;1200;257;0;0;100;0;5;450;100;
1791534636.774	D7:5B:CA:55:9E:68	JBC_Std	E;825;35;2;0;350;4;20;20;1200;1200;253;0;0;100;0;5;400;100;
1791534637.044	EA:BE:3E:E6:32:90	JBC_NANO	E;844;45;2;0;350;4;48;48;1200;1200;257;0;0;100;0;5;450;100;
1791534637.135	D7:5B:CA:55:9E:68	JBC_Std	E;825;36;2;0;350;4;20;20;1200;1200;253;0;0;100;0;5;400;100;
1791534637.404	EA:BE:3E:E6:32:90	JBC_NANO	E;844;44;2;0;350;4;48;48;1200;1200;257;0;0;100;0;5;450;100;
1791534637.494	D7:5B:CA:55:9E:68	JBC_Std	E;825;36;2;0;350;4;20;20;1200;1200;253;0;0;100;0;5;400;100;
1791534637.765	EA:BE:3E:E6:32:90	JBC_NANO	E;844;44;2;0;350;4;48;48;1200;1200;257;0;0;100;0;5;450;100;
1791534637.855	D7:5B:CA:55:9E:68	JBC_Std	E;825;36;2;0;350;4;20;20;1200;1200;253;0;0;100;0;5;400;100;
1791534638.125	EA:BE:3E:E6:32:90	JBC_NANO	E;844;44;2;0;350;4;48;48;1200;1200;257;0;0;100;0;5;450;100;
1791534638.245	D7:5B:CA:55:9E:68	JBC_Std	E;825;36;2;0;350;4;20;20;1200;1200;253;0;0;100;0;5;400;100;
1791534638.454	EA:BE:3E:E6:32:90	JBC_NANO	E;844;44;2;0;350;4;48;48;1200;1200;257;0;0;100;0;5;450;100;
1791534638.604	D7:5B:CA:55:9E:68	JBC_Std	E;825;35;2;0;350;4;20;20;1200;1200;253;0;0;100;0;5;400;100;
1791534638.814	EA:BE:3E:E6:32:90	JBC_NANO	E;844;44;2;0;350;4;48;48;1200;1200;257;0;0;100;0;5;450;100;
1791534638.964	D7:5B:CA:55:9E:68	JBC_Std	E;825;35;2;0;350;4;20;20;1200;1200;253;0;0;100;0;5;400;100;
1791534639.175	EA:BE:3E:E6:32:90	JBC_NANO	E;845;44;2;0;350;4;48;48;1200;1200;257;0;0;100;0;5;450;100;
1791534639.324	D7:5B:CA:55:9E:68	JBC_Std	E;825;35;2;0;350;4;20;20;1200;1200;253;0;0;100;0;5;400;100;
1791534639.595	EA:BE:3E:E6:32:90	JBC_NANO	E;845;44;2;0;350;4;48;48;1200;1200;257;0;0;100;0;5;450;100;
1791534639.685	D7:5B:CA:55:9E:68	JBC_Std	E;825;35;2;0;350;4;20;20;1200;1200;253;0;0;100;0;5;400;100;
1791534639.954	EA:BE:3E:E6:32:90	JBC_NANO	E;845;44;2;0;350;4;48;48;1200;1200;257;0;0;100;0;5;450;100;
1791534640.044	D7:5B:CA:55:9E:68	JBC_Std	E;825;35;2;0;350;4;20;20;1200;1200;253;0;0;100;0;5;400;100;
1791534640.345	EA:BE:3E:E6:32:90	JBC_NANO	E;845;43;2;0;350;4;48;48;1200;1200;257;0;0;100;0;5;450;100;
1791534640.374	D7:5B:CA:55:9E:68	JBC_Std	E;825;34;2;0;350;4;20;20;1200;1200;253;0;0;100;0;5;400;100;
1791534640.704	EA:BE:3E:E6:32:90	JBC_NANO	E;845;43;2;0;350;4;48;48;1200;1200;257;0;0;100;0;5;450;100;
1791534640.734	D7:5B:CA:55:9E:68	JBC_Std	E;825;35;2;0;350;4;20;20;1200;1200;253;0;0;100;0;5;400;100;
1791534641.064	EA:BE:3E:E6:32:90	JBC_NANO	E;845;42;2;0;350;4;48;48;1200;1200;257;0;0;100;0;5;450;100;
1791534641.094	D7:5B:CA:55:9E:68	JBC_Std	E;825;35;2;0;350;4;20;20;1200;1200;253;0;0;100;0;5;400;100;
1791534641.425	EA:BE:3E:E6:32:90	JBC_NANO	E;845;42;2;0;350;4;48;48;1200;1200;257;0;0;100;0;5;450;100;
1791534641.454	D7:5B:CA:55:9E:68	JBC_Std	E;825;35;2;0;350;4;20;20;1200;1200;253;0;0;100;0;5;400;100;
1791534641.785	EA:BE:3E:E6:32:90	JBC_NANO	E;845;42;2;0;350;4;48;48;1200;1200;257;0;0;100;0;5;450;100;
1791534641.815	D7:5B:CA:55:9E:68	JBC_Std	E;825;35;2;0;350;4;20;20;1200;1200;253;0;0;100;0;5;400;100;
1791534642.145	EA:BE:3E:E6:32:90	JBC_NANO	E;845;42;2;0;350;4;48;48;1200;1200;257;0;0;100;0;5;450;100;
1791534642.174	D7:5B:CA:55:9E:68	JBC_Std	E;825;35;2;0;350;4;20;20;1200;1200;253;0;0;100;0;5;400;100;
1791534642.475	EA:BE:3E:E6:32:90	JBC_NANO	E;845;42;2;0;350;4;48;48;1200;1200;257;0;0;100;0;5;450;100;
1791534642.564	D7:5B:CA:55:9E:68	JBC_Std	E;825;35;2;0;350;4;20;20;1200;1200;253;0;0;100;0;5;400;100;
1791534642.835	EA:BE:3E:E6:32:90	JBC_NANO	E;845;42;2;0;350;4;48;48;1200;1200;257;0;0;100;0;5;450;100;
1791534642.924	D7:5B:CA:55:9E:68	JBC_Std	E;825;35;2;0;350;4;20;20;1200;1200;253;0;0;100;0;5;400;100;
1791534643.195	EA:BE:3E:E6:32:90	JBC_NANO	E;845;41;2;0;350;4;48;48;1200;1200;257;0;0;100;0;5;450;100;
1791534643.286	D7:5B:CA:55:9E:68	JBC_Std	E;825;35;2;0;350;4;20;20;1200;1200;253;0;0;100;0;5;400;100;
1791534643.554	EA:BE:3E:E6:32:90	JBC_NANO	E;845;41;2;0;350;4;48;48;1200;1200;257;0;0;100;0;5;450;100;
1791534643.644	D7:5B:CA:55:9E:68	JBC_Std	E;825;34;2;0;350;4;20;20;1200;1200;253;0;0;100;0;5;400;100;
1791534643.915	EA:BE:3E:E6:32:90	JBC_NANO	E;845;41;2;0;350;4;48;48;1200;1200;257;0;0;100;0;5;450;100;
1791534644.064	D7:5B:CA:55:9E:68	JBC_Std	E;825;34;2;0;350;4;20;20;1200;1200;253;0;0;100;0;5;400;100;
1791534644.275	EA:BE:3E:E6:32:90	JBC_NANO	E;845;41;2;0;350;4;48;48;1200;1200;257;0;0;100;0;5;450;100;
1791534644.454	D7:5B:CA:55:9E:68	JBC_Std	E;825;34;2;0;350;4;20;20;1200;1200;253;0;0;100;0;5;400;100;
1791534644.605	EA:BE:3E:E6:32:90	JBC_NANO	E;845;41;2;0;350;4;48;48;1200;1200;257;0;0;100;0;5;450;100;
1791534644.814	D7:5B:CA:55:9E:68	JBC_Std	E;825;34;2;0;350;4;20;20;1200;1200;253;0;0;100;0;5;400;100;
1791534644.964	EA:BE:3E:E6:32:90	JBC_NANO	E;845;41;2;0;350;4;48;48;1200;1200;257;0;0;100;0;5;450;100;
1791534645.144	D7:5B:CA:55:9E:68	JBC_Std	E;825;35;2;0;350;4;20;20;1200;1200;253;0;0;100;0;5;400;100;
1791534645.295	EA:BE:3E:E6:32:90	JBC_NANO	E;845;41;2;0;350;4;48;48;1200;1200;257;0;0;100;0;5;450;100;
1791534645.504	D7:5B:CA:55:9E:68	JBC_Std	E;825;35;2;0;350;4;20;20;1200;1200;253;0;0;100;0;5;400;100;
1791534645.684	EA:BE:3E:E6:32:90	JBC_NANO	E;845;41;2;0;350;4;48;48;1200;1200;257;0;0;100;0;5;450;100;
1791534645.834	D7:5B:CA:55:9E:68	JBC_Std	E;825;35;2;0;350;4;20;20;1200;1200;253;0;0;100;0;5;400;100;
1791534645.984	EA:BE:3E:E6:32:90	JBC_NANO	E;845;41;2;0;350;4;48;48;1200;1200;257;0;0;100;0;5;450;100;
1791534646.194	D7:5B:CA:55:9E:68	JBC_Std	E;825;35;2;0;350;4;20;20;1200;1200;253;0;0;100;0;5;400;100;
1791534646.285	EA:BE:3E:E6:32:90	JBC_NANO	E;845;41;2;0;350;4;48;48;1200;1200;257;0;0;100;0;5;450;100;
1791534646.554	D7:5B:CA:55:9E:68	JBC_Std	E;825;35;2;0;350;4;20;20;1200;1200;253;0;0;100;0;5;400;100;
1791534646.764	EA:BE:3E:E6:32:90	JBC_NANO	E;845;41;2;0;350;4;48;48;1200;1200;257;0;0;100;0;5;450;100;
1791534646.914	D7:5B:CA:55:9E:68	JBC_Std	E;825;34;2;0;350;4;20;20;1200;1200;253;0;0;100;0;5;400;100;
1791534647.065	EA:BE:3E:E6:32:90	JBC_NANO	E;845;40;2;0;350;4;48;48;1200;1200;257;0;0;100;0;5;450;100;
1791534647.274	D7:5B:CA:55:9E:68	JBC_Std	E;825;34;2;0;350;4;20;20;1200;1200;253;0;0;100;0;5;400;100;
1791534647.424	EA:BE:3E:E6:32:90	JBC_NANO	E;845;39;2;0;350;4;48;48;1200;1200;257;0;0;100;0;5;450;100;
1791534647.664	D7:5B:CA:55:9E:68	JBC_Std	E;825;34;2;0;350;4;20;20;1200;1200;253;0;0;100;0;5;400;100;
1791534647.814	EA:BE:3E:E6:32:90	JBC_NANO	E;845;39;2;0;350;4;48;48;1200;1200;257;0;0;100;0;5;450;100;
1791534648.024	D7:5B:CA:55:9E:68	JBC_Std	E;825;34;2;0;350;4;20;20;1200;1200;253;0;0;100;0;5;400;100;
1791534648.174	EA:BE:3E:E6:32:90	JBC_NANO	E;845;38;2;0;350;4;48;48;1200;1200;257;0;0;100;0;5;450;100;
1791534648.384	D7:5B:CA:55:9E:68	JBC_Std	E;825;34;2;0;350;4;20;20;1200;1200;253;0;0;100;0;5;400;100;
1791534648.535	EA:BE:3E:E6:32:90	JBC_NANO	E;845;38;2;0;350;4;48;48;1200;1200;257;0;0;100;0;5;450;100;
1791534648.864	D7:5B:CA:55:9E:68	JBC_Std	E;825;34;2;0;350;4;20;20;1200;1200;253;0;0;100;0;5;400;100;
1791534648.955	EA:BE:3E:E6:32:90	JBC_NANO	E;845;39;2;0;350;4;48;48;1200;1200;257;0;0;100;0;5;450;100;
1791534649.164	D7:5B:CA:55:9E:68	JBC_Std	E;825;34;2;0;350;4;20;20;1200;1200;253;0;0;100;0;5;400;100;
1791534649.315	EA:BE:3E:E6:32:90	JBC_NANO	E;845;39;2;0;350;4;48;48;1200;1200;257;0;0;100;0;5;450;100;
1791534649.524	D7:5B:CA:55:9E:68	JBC_Std	E;825;34;2;0;350;4;20;20;1200;1200;253;0;0;100;0;5;400;100;
1791534649.705	EA:BE:3E:E6:32:90	JBC_NANO	E;845;39;2;0;350;4;48;48;1200;1200;257;0;0;100;0;5;450;100;
1791534649.854	D7:5B:CA:55:9E:68	JBC_Std	E;825;34;2;0;350;4;20;20;1200;1200;253;0;0;100;0;5;400;100;
1791534650.005	EA:BE:3E:E6:32:90	JBC_NANO	E;845;39;2;0;350;4;48;48;1200;1200;257;0;0;100;0;5;450;100;
1791534650.274	D7:5B:CA:55:9E:68	JBC_Std	E;825;33;2;0;350;4;20;20;1200;1200;253;0;0;100;0;5;400;100;
1791534650.364	EA:BE:3E:E6:32:90	JBC_NANO	E;845;39;2;0;350;4;48;48;1200;1200;257;0;0;100;0;5;450;100;
1791534650.574	D7:5B:CA:55:9E:68	JBC_Std	E;825;33;2;0;350;4;20;20;1200;1200;253;0;0;100;0;5;400;100;
1791534650.724	EA:BE:3E:E6:32:90	JBC_NANO	E;845;39;2;0;350;4;48;48;1200;1200;257;0;0;100;0;5;450;100;
1791534650.934	D7:5B:CA:55:9E:68	JBC_Std	E;825;33;2;0;350;4;20;20;1200;1200;253;0;0;100;0;5;400;100;
1791534651.085	EA:BE:3E:E6:32:90	JBC_NANO	E;845;39;2;0;350;4;48;48;1200;1200;257;0;0;100;0;5;450;100;
1791534651.294	D7:5B:CA:55:9E:68	JBC_Std	E;825;33;2;0;350;4;20;20;1200;1200;253;0;0;100;0;5;400;100;
1791534651.444	EA:BE:3E:E6:32:90	JBC_NANO	E;845;38;2;0;350;4;48;48;1200;1200;257;0;0;100;0;5;450;100;
1791534651.684	D7:5B:CA:55:9E:68	JBC_Std	E;825;33;2;0;350;4;20;20;1200;1200;253;0;0;100;0;5;400;100;
1791534651.834	EA:BE:3E:E6:32:90	JBC_NANO	E;845;39;2;0;350;4;48;48;1200;1200;257;0;0;100;0;5;450;100;
1791534652.104	D7:5B:CA:55:9E:68	JBC_Std	E;825;34;2;0;350;4;20;20;1200;1200;253;0;0;100;0;5;400;100;
1791534652.194	EA:BE:3E:E6:32:90	JBC_NANO	E;845;39;2;0;350;4;48;48;1200;1200;257;0;0;100;0;5;450;100;
1791534652.523	D7:5B:CA:55:9E:68	JBC_Std	E;825;34;2;0;350;4;20;20;1200;1200;253;0;0;100;0;5;400;100;
1791534652.555	EA:BE:3E:E6:32:90	JBC_NANO	E;845;38;2;0;350;4;48;48;1200;1200;257;0;0;100;0;5;450;100;
1791534652.763	D7:5B:CA:55:9E:68	JBC_Std	E;825;34;2;0;350;4;20;20;1200;1200;253;0;0;100;0;5;400;100;
1791534652.914	EA:BE:3E:E6:32:90	JBC_NANO	E;845;38;2;0;350;4;48;48;1200;1200;257;0;0;100;0;5;450;100;
1791534653.124	D7:5B:CA:55:9E:68	JBC_Std	E;825;34;2;0;350;4;20;20;1200;1200;253;0;0;100;0;5;400;100;
1791534653.275	EA:BE:3E:E6:32:90	JBC_NANO	E;845;38;2;0;350;4;48;48;1200;1200;257;0;0;100;0;5;450;100;
1791534653.484	D7:5B:CA:55:9E:68	JBC_Std	E;825;34;2;0;350;4;20;20;1200;1200;253;0;0;100;0;5;400;100;
1791534653.634	EA:BE:3E:E6:32:90	JBC_NANO	E;845;38;2;0;350;4;48;48;1200;1200;257;0;0;100;0;5;450;100;
1791534653.814	D7:5B:CA:55:9E:68	JBC_Std	E;825;34;2;0;350;4;20;20;1200;1200;253;0;0;100;0;5;400;100;
1791534653.964	EA:BE:3E:E6:32:90	JBC_NANO	E;845;38;2;0;350;4;48;48;1200;1200;257;0;0;100;0;5;450;100;
1791534654.174	D7:5B:CA:55:9E:68	JBC_Std	E;825;33;2;0;350;4;20;20;1200;1200;253;0;0;100;0;5;400;100;
1791534654.325	EA:BE:3E:E6:32:90	JBC_NANO	E;845;38;2;0;350;4;48;48;1200;1200;257;0;0;100;0;5;450;100;
1791534654.534	D7:5B:CA:55:9E:68	JBC_Std	E;825;33;2;0;350;4;20;20;1200;1200;253;0;0;100;0;5;400;100;
1791534654.685	EA:BE:3E:E6:32:90	JBC_NANO	E;845;37;2;0;350;4;48;48;1200;1200;257;0;0;100;0;5;450;100;
1791534655.013	D7:5B:CA:55:9E:68	JBC_Std	E;825;33;2;0;350;4;20;20;1200;1200;253;0;0;100;0;5;400;100;
1791534655.044	EA:BE:3E:E6:32:90	JBC_NANO	E;845;37;2;0;350;4;48;48;1200;1200;257;0;0;100;0;5;450;100;
1791534655.254	D7:5B:CA:55:9E:68	JBC_Std	E;825;33;2;0;350;4;20;20;1200;1200;253;0;0;100;0;5;400;100;
1791534655.405	EA:BE:3E:E6:32:90	JBC_NANO	E;845;37;2;0;350;4;48;48;1200;1200;257;0;0;100;0;5;450;100;
1791534655.615	D7:5B:CA:55:9E:68	JBC_Std	E;825;33;2;0;350;4;20;20;1200;1200;253;0;0;100;0;5;400;100;
1791534655.794	EA:BE:3E:E6:32:90	JBC_NANO	E;845;37;2;0;350;4;48;48;1200;1200;257;0;0;100;0;5;450;100;
1791534656.003	D7:5B:CA:55:9E:68	JBC_Std	E;825;33;2;0;350;4;20;20;1200;1200;253;0;0;100;0;5;400;100;
1791534656.154	EA:BE:3E:E6:32:90	JBC_NANO	E;845;36;2;0;350;4;48;48;1200;1200;257;0;0;100;0;5;450;100;
1791534656.364	D7:5B:CA:55:9E:68	JBC_Std	E;825;33;2;0;350;4;20;20;1200;1200;253;0;0;100;0;5;400;100;
1791534656.515	EA:BE:3E:E6:32:90	JBC_NANO	E;845;36;2;0;350;4;48;48;1200;1200;256;0;0;100;0;5;450;100;
1791534656.724	D7:5B:CA:55:9E:68	JBC_Std	E;825;33;2;0;350;4;20;19;1200;1199;253;0;0;100;0;5;400;100;
1791534656.874	EA:BE:3E:E6:32:90	JBC_NANO	E;845;36;2;0;350;4;48;48;1200;1200;256;0;0;100;0;5;450;100;
1791534657.084	D7:5B:CA:55:9E:68	JBC_Std	E;825;33;2;0;350;4;20;20;1200;1200;253;0;0;100;0;5;400;100;
1791534657.234	EA:BE:3E:E6:32:90	JBC_NANO	E;845;35;2;0;350;4;48;48;1200;1200;256;0;0;100;0;5;450;100;
1791534657.444	D7:5B:CA:55:9E:68	JBC_Std	E;825;33;2;0;350;4;20;20;1200;1200;253;0;0;100;0;5;400;100;
1791534657.594	EA:BE:3E:E6:32:90	JBC_NANO	E;845;35;2;0;350;4;48;48;1200;1200;257;0;0;100;0;5;450;100;
1791534657.833	D7:5B:CA:55:9E:68	JBC_Std	E;825;33;2;0;350;4;20;20;1200;1200;253;0;0;100;0;5;400;100;
1791534657.925	EA:BE:3E:E6:32:90	JBC_NANO	E;845;35;2;0;350;4;48;48;1200;1200;256;0;0;100;0;5;450;100;
1791534658.253	D7:5B:CA:55:9E:68	JBC_Std	E;825;32;2;0;350;4;20;20;1200;1200;253;0;0;100;0;5;400;100;
1791534658.285	EA:BE:3E:E6:32:90	JBC_NANO	E;845;35;2;0;350;4;48;48;1200;1200;256;0;0;100;0;5;450;100;
1791534658.554	D7:5B:CA:55:9E:68	JBC_Std	E;825;32;2;0;350;4;20;20;1200;1200;253;0;0;100;0;5;400;100;
1791534658.644	EA:BE:3E:E6:32:90	JBC_NANO	E;845;35;2;0;350;4;48;48;1200;1200;256;0;0;100;0;5;450;100;
1791534659.004	EA:BE:3E:E6:32:90	JBC_NANO	E;845;35;2;0;350;4;48;48;1200;1200;256;0;0;100;0;5;450;100;
1791534659.093	D7:5B:CA:55:9E:68	JBC_Std	E;825;32;2;0;350;4;20;20;1200;1200;253;0;0;100;0;5;400;100;
1791534659.364	EA:BE:3E:E6:32:90	JBC_NANO	E;845;35;2;0;350;4;48;48;1200;1200;256;0;0;100;0;5;450;100;
1791534659.393	D7:5B:CA:55:9E:68	JBC_Std	E;825;32;2;0;350;4;20;20;1200;1200;253;0;0;100;0;5;400;100;
1791534659.633	D7:5B:CA:55:9E:68	JBC_Std	E;825;33;2;0;350;4;20;20;1200;1200;253;0;0;100;0;5;400;100;
1791534659.724	EA:BE:3E:E6:32:90	JBC_NANO	E;845;35;2;0;350;4;48;48;1200;1200;256;0;0;100;0;5;450;100;
1791534660.024	D7:5B:CA:55:9E:68	JBC_Std	E;825;33;2;0;350;4;20;20;1200;1200;253;0;0;100;0;5;400;100;
1791534660.054	EA:BE:3E:E6:32:90	JBC_NANO	E;845;35;2;0;350;4;48;48;1200;1200;256;0;0;100;0;5;450;100;
1791534660.324	D7:5B:CA:55:9E:68	JBC_Std	E;825;33;2;0;350;4;20;20;1200;1200;253;0;0;100;0;5;400;100;
1791534660.504	EA:BE:3E:E6:32:90	JBC_NANO	E;845;35;2;0;350;4;48;48;1200;1200;256;0;0;100;0;5;450;100;
1791534660.713	D7:5B:CA:55:9E:68	JBC_Std	E;825;34;2;0;350;4;20;20;1200;1200;253;0;0;100;0;5;400;100;
1791534660.804	EA:BE:3E:E6:32:90	JBC_NANO	E;845;35;2;0;350;4;48;48;1200;1200;256;0;0;100;0;5;450;100;
1791534661.195	EA:BE:3E:E6:32:90	JBC_NANO	E;845;35;2;0;350;4;48;48;1200;1200;256;0;0;100;0;5;450;100;
1791534661.223	D7:5B:CA:55:9E:68	JBC_Std	E;825;34;2;0;350;4;20;20;1200;1200;253;0;0;100;0;5;400;100;
1791534661.404	D7:5B:CA:55:9E:68	JBC_Std	E;825;34;2;0;350;4;20;20;1200;1200;253;0;0;100;0;5;400;100;
1791534661.554	EA:BE:3E:E6:32:90	JBC_NANO	E;845;35;2;0;350;4;48;48;1200;1200;256;0;0;100;0;5;450;100;
1791534661.823	D7:5B:CA:55:9E:68	JBC_Std	E;825;34;2;0;350;4;20;20;1200;1200;253;0;0;100;0;5;400;100;
1791534661.913	EA:BE:3E:E6:32:90	JBC_NANO	E;845;35;2;0;350;4;48;48;1200;1200;256;0;0;100;0;5;450;100;
1791534662.123	D7:5B:CA:55:9E:68	JBC_Std	E;825;34;2;0;350;4;20;20;1200;1200;253;0;0;100;0;5;400;100;
1791534662.274	EA:BE:3E:E6:32:90	JBC_NANO	E;845;35;2;0;350;4;48;48;1200;1200;256;0;0;100;0;5;450;100;
1791534662.484	D7:5B:CA:55:9E:68	JBC_Std	E;825;33;2;0;350;4;20;20;1200;1200;253;0;0;100;0;5;400;100;
1791534662.634	EA:BE:3E:E6:32:90	JBC_NANO	E;845;35;2;0;350;4;48;48;1200;1200;256;0;0;100;0;5;450;100;
1791534662.844	D7:5B:CA:55:9E:68	JBC_Std	E;825;33;2;0;350;4;20;20;1200;1200;253;0;0;100;0;5;400;100;
1791534662.994	EA:BE:3E:E6:32:90	JBC_NANO	E;845;35;2;0;350;4;48;48;1200;1200;256;0;0;100;0;5;450;100;
1791534663.173	D7:5B:CA:55:9E:68	JBC_Std	E;825;32;2;0;350;4;20;20;1200;1200;253;0;0;100;0;5;400;100;
1791534663.325	EA:BE:3E:E6:32:90	JBC_NANO	E;845;35;2;0;350;4;48;47;1200;1199;256;0;0;100;0;5;450;100;
1791534663.533	D7:5B:CA:55:9E:68	JBC_Std	E;825;33;2;0;350;4;20;20;1200;1200;253;0;0;100;0;5;400;100;
1791534663.684	EA:BE:3E:E6:32:90	JBC_NANO	E;845;35;2;0;350;4;48;48;1200;1200;256;0;0;100;0;5;450;100;
1791534663.894	D7:5B:CA:55:9E:68	JBC_Std	E;825;34;2;0;350;4;20;20;1200;1200;253;0;0;100;0;5;400;100;
1791534664.104	EA:BE:3E:E6:32:90	JBC_NANO	E;845;35;2;0;350;4;48;48;1200;1200;256;0;0;100;0;5;450;100;
1791534664.254	D7:5B:CA:55:9E:68	JBC_Std	E;825;34;2;0;350;4;20;20;1200;1200;253;0;0;100;0;5;400;100;
1791534664.464	EA:BE:3E:E6:32:90	JBC_NANO	E;845;34;2;0;350;4;48;48;1200;1200;256;0;0;100;0;5;450;100;
1791534664.614	D7:5B:CA:55:9E:68	JBC_Std	E;825;34;2;0;350;4;20;20;1200;1200;253;0;0;100;0;5;400;100;
1791534664.824	EA:BE:3E:E6:32:90	JBC_NANO	E;845;34;2;0;350;4;48;48;1200;1200;256;0;0;100;0;5;450;100;
1791534664.974	D7:5B:CA:55:9E:68	JBC_Std	E;825;33;2;0;350;4;20;20;1200;1200;253;0;0;100;0;5;400;100;
1791534665.214	EA:BE:3E:E6:32:90	JBC_NANO	E;845;34;2;0;350;4;48;48;1200;1200;256;0;0;100;0;5;450;100;
1791534665.363	D7:5B:CA:55:9E:68	JBC_Std	E;825;32;2;0;350;4;20;20;1200;1200;253;0;0;100;0;5;400;100;
1791534665.574	EA:BE:3E:E6:32:90	JBC_NANO	E;845;34;2;0;350;4;48;48;1200;1200;256;0;0;100;0;5;450;100;
1791534665.723	D7:5B:CA:55:9E:68	JBC_Std	E;825;32;2;0;350;4;20;20;1200;1200;253;0;0;100;0;5;400;100;
1791534665.934	EA:BE:3E:E6:32:90	JBC_NANO	E;845;34;2;0;350;4;48;48;1200;1200;256;0;0;100;0;5;450;100;
1791534666.143	D7:5B:CA:55:9E:68	JBC_Std	E;825;32;2;0;350;4;20;20;1200;1200;253;0;0;100;0;5;400;100;
1791534666.294	EA:BE:3E:E6:32:90	JBC_NANO	E;845;34;2;0;350;4;48;48;1200;1200;256;0;0;100;0;5;450;100;
1791534666.383	D7:5B:CA:55:9E:68	JBC_Std	E;825;32;2;0;350;4;20;20;1200;1200;253;0;0;100;0;5;400;100;
1791534666.654	EA:BE:3E:E6:32:90	JBC_NANO	E;845;34;2;0;350;4;48;48;1200;1200;256;0;0;100;0;5;450;100;
1791534666.743	D7:5B:CA:55:9E:68	JBC_Std	E;825;32;2;0;350;4;20;20;1200;1200;253;0;0;100;0;5;400;100;
1791534667.014	EA:BE:3E:E6:32:90	JBC_NANO	E;845;33;2;0;350;4;48;48;1200;1200;256;0;0;100;0;5;450;100;
1791534667.133	D7:5B:CA:55:9E:68	JBC_Std	E;825;32;2;0;350;4;20;20;1200;1200;253;0;0;100;0;5;400;100;
1791534667.344	EA:BE:3E:E6:32:90	JBC_NANO	E;845;34;2;0;350;4;48;48;1200;1200;256;0;0;100;0;5;450;100;
1791534667.554	D7:5B:CA:55:9E:68	JBC_Std	E;825;32;2;0;350;4;20;20;1200;1200;253;0;0;100;0;5;400;100;
1791534667.704	EA:BE:3E:E6:32:90	JBC_NANO	E;845;33;2;0;350;4;48;48;1200;1200;256;0;0;100;0;5;450;100;
1791534667.853	D7:5B:CA:55:9E:68	JBC_Std	E;825;32;2;0;350;4;20;20;1200;1200;253;0;0;100;0;5;400;100;
1791534668.064	EA:BE:3E:E6:32:90	JBC_NANO	E;845;34;2;0;350;4;48;48;1200;1200;256;0;0;100;0;5;450;100;
1791534668.214	D7:5B:CA:55:9E:68	JBC_Std	E;825;33;2;0;350;4;20;20;1200;1200;253;0;0;100;0;5;400;100;
1791534668.484	EA:BE:3E:E6:32:90	JBC_NANO	E;845;34;2;0;350;4;48;48;1200;1200;256;0;0;100;0;5;450;100;
1791534668.693	D7:5B:CA:55:9E:68	JBC_Std	E;825;33;2;0;350;4;20;20;1200;1200;253;0;0;100;0;5;400;100;
1791534668.783	EA:BE:3E:E6:32:90	JBC_NANO	E;845;33;2;0;350;4;48;48;1200;1200;256;0;0;100;0;5;450;100;
1791534668.934	D7:5B:CA:55:9E:68	JBC_Std	E;825;33;2;0;350;4;20;20;1200;1200;253;0;0;100;0;5;400;100;
1791534669.234	EA:BE:3E:E6:32:90	JBC_NANO	E;845;34;2;0;350;4;48;48;1200;1200;256;0;0;100;0;5;450;100;
1791534669.263	D7:5B:CA:55:9E:68	JBC_Std	E;825;33;2;0;350;4;20;20;1200;1200;253;0;0;100;0;5;400;100;
1791534669.474	EA:BE:3E:E6:32:90	JBC_NANO	E;845;34;2;0;350;4;48;48;1200;1200;256;0;0;100;0;5;450;100;
1791534669.623	D7:5B:CA:55:9E:68	JBC_Std	E;826;32;2;0;350;4;20;20;1200;1200;253;0;0;100;0;5;400;100;
1791534669.834	EA:BE:3E:E6:32:90	JBC_NANO	E;845;35;2;0;350;4;48;48;1200;1200;256;0;0;100;0;5;450;100;
1791534669.984	D7:5B:CA:55:9E:68	JBC_Std	E;826;32;2;0;350;4;20;20;1200;1200;253;0;0;100;0;5;400;100;
1791534670.194	EA:BE:3E:E6:32:90	JBC_NANO	E;845;37;2;0;350;4;48;48;1200;1200;256;0;0;100;0;5;450;100;
1791534670.403	D7:5B:CA:55:9E:68	JBC_Std	E;826;32;2;0;350;4;20;20;1200;1200;253;0;0;100;0;5;400;100;
1791534670.614	EA:BE:3E:E6:32:90	JBC_NANO	E;845;37;2;0;350;4;48;48;1200;1200;256;0;0;100;0;5;450;100;
1791534670.823	D7:5B:CA:55:9E:68	JBC_Std	E;826;32;2;0;350;4;20;20;1200;1200;253;0;0;100;0;5;400;100;
1791534670.973	EA:BE:3E:E6:32:90	JBC_NANO	E;845;38;2;0;350;4;48;48;1200;1200;256;0;0;100;0;5;450;100;
1791534671.064	D7:5B:CA:55:9E:68	JBC_Std	E;826;32;2;0;350;4;20;20;1200;1200;253;0;0;100;0;5;400;100;
1791534671.364	EA:BE:3E:E6:32:90	JBC_NANO	E;845;37;2;0;350;4;48;48;1200;1200;256;0;0;100;0;5;450;100;
1791534671.453	D7:5B:CA:55:9E:68	JBC_Std	E;826;32;2;0;350;4;20;20;1200;1200;253;0;0;100;0;5;400;100;
1791534671.784	EA:BE:3E:E6:32:90	JBC_NANO	E;845;37;2;0;350;4;48;48;1200;1200;256;0;0;100;0;5;450;100;
1791534671.814	D7:5B:CA:55:9E:68	JBC_Std	E;826;33;2;0;350;4;20;20;1200;1200;253;0;0;100;0;5;400;100;
1791534672.144	EA:BE:3E:E6:32:90	JBC_NANO	E;845;36;2;0;350;4;48;48;1200;1200;256;0;0;100;0;5;450;100;
1791534672.174	D7:5B:CA:55:9E:68	JBC_Std	E;826;32;2;0;350;4;20;20;1200;1200;253;0;0;100;0;5;400;100;
1791534672.503	EA:BE:3E:E6:32:90	JBC_NANO	E;845;36;2;0;350;4;48;48;1200;1200;256;0;0;100;0;5;450;100;
1791534672.564	D7:5B:CA:55:9E:68	JBC_Std	E;826;32;2;0;350;4;20;20;1200;1200;253;0;0;100;0;5;400;100;
1791534672.834	EA:BE:3E:E6:32:90	JBC_NANO	E;845;36;2;0;350;4;48;48;1200;1200;256;0;0;100;0;5;450;100;
1791534672.923	D7:5B:CA:55:9E:68	JBC_Std	E;826;32;2;0;350;4;20;20;1200;1200;253;0;0;100;0;5;400;100;
1791534673.135	EA:BE:3E:E6:32:90	JBC_NANO	E;845;36;2;0;350;4;48;48;1200;1200;256;0;0;100;0;5;450;100;
1791534673.373	D7:5B:CA:55:9E:68	JBC_Std	E;826;32;2;0;350;4;20;20;1200;1200;253;0;0;100;0;5;400;100;
1791534673.524	EA:BE:3E:E6:32:90	JBC_NANO	E;845;36;2;0;350;4;48;48;1200;1200;256;0;0;100;0;5;450;100;
1791534673.673	D7:5B:CA:55:9E:68	JBC_Std	E;826;32;2;0;350;4;20;20;1200;1200;253;0;0;100;0;5;400;100;
1791534673.825	EA:BE:3E:E6:32:90	JBC_NANO	E;845;35;2;0;350;4;48;48;1200;1200;256;0;0;100;0;5;450;100;
1791534673.943	D7:5B:CA:55:9E:68	JBC_Std	E;826;33;2;0;350;4;20;20;1200;1200;253;0;0;100;0;5;400;100;
1791534674.214	EA:BE:3E:E6:32:90	JBC_NANO	E;845;35;2;0;350;4;48;48;1200;1200;256;0;0;100;0;5;450;100;
1791534674.304	D7:5B:CA:55:9E:68	JBC_Std	E;826;33;2;0;350;4;20;20;1200;1200;253;0;0;100;0;5;400;100;
1791534674.603	EA:BE:3E:E6:32:90	JBC_NANO	E;845;35;2;0;350;4;48;48;1200;1200;256;0;0;100;0;5;450;100;
1791534674.634	D7:5B:CA:55:9E:68	JBC_Std	E;826;32;2;0;350;4;20;20;1200;1200;253;0;0;100;0;5;400;100;
1791534674.964	EA:BE:3E:E6:32:90	JBC_NANO	E;845;35;2;0;350;4;48;48;1200;1200;256;0;0;100;0;5;450;100;
1791534675.053	D7:5B:CA:55:9E:68	JBC_Std	E;826;32;2;0;350;4;20;20;1200;1200;253;0;0;100;0;5;400;100;
1791534675.323	EA:BE:3E:E6:32:90	JBC_NANO	E;845;35;2;0;350;4;48;48;1200;1200;256;0;0;100;0;5;450;100;
1791534675.354	D7:5B:CA:55:9E:68	JBC_Std	E;826;32;2;0;350;4;20;20;1200;1200;253;0;0;100;0;5;400;100;
1791534675.684	EA:BE:3E:E6:32:90	JBC_NANO	E;845;35;2;0;350;4;48;48;1200;1200;256;0;0;100;0;5;450;100;
1791534675.714	D7:5B:CA:55:9E:68	JBC_Std	E;826;32;2;0;350;4;20;20;1200;1200;253;0;0;100;0;5;400;100;
1791534676.044	EA:BE:3E:E6:32:90	JBC_NANO	E;845;35;2;0;350;4;48;48;1200;1200;256;0;0;100;0;5;450;100;
1791534676.074	D7:5B:CA:55:9E:68	JBC_Std	E;826;32;2;0;350;4;20;20;1200;1200;253;0;0;100;0;5;400;100;
1791534676.433	D7:5B:CA:55:9E:68	JBC_Std	E;826;32;2;0;350;4;20;20;1200;1200;253;0;0;100;0;5;400;100;
1791534676.465	EA:BE:3E:E6:32:90	JBC_NANO	E;845;34;2;0;350;4;48;48;1200;1200;256;0;0;100;0;5;450;100;
1791534676.794	EA:BE:3E:E6:32:90	JBC_NANO	E;845;35;2;0;350;4;48;48;1200;1200;256;0;0;100;0;5;450;100;
1791534676.824	D7:5B:CA:55:9E:68	JBC_Std	E;826;32;2;0;350;4;20;20;1200;1200;253;0;0;100;0;5;400;100;
1791534677.184	EA:BE:3E:E6:32:90	JBC_NANO	E;845;34;2;0;350;4;48;48;1200;1200;256;0;0;100;0;5;450;100;
1791534677.244	D7:5B:CA:55:9E:68	JBC_Std	E;826;32;2;0;350;4;20;20;1200;1200;253;0;0;100;0;5;400;100;
1791534677.543	EA:BE:3E:E6:32:90	JBC_NANO	E;845;34;2;0;350;4;48;48;1200;1200;256;0;0;100;0;5;450;100;
1791534677.573	D7:5B:CA:55:9E:68	JBC_Std	E;826;31;2;0;350;4;20;20;1200;1200;253;0;0;100;0;5;400;100;
1791534677.903	D7:5B:CA:55:9E:68	JBC_Std	E;826;31;2;0;350;4;20;20;1200;1200;253;0;0;100;0;5;400;100;
1791534677.933	EA:BE:3E:E6:32:90	JBC_NANO	E;845;35;2;0;350;4;48;48;1200;1200;256;0;0;100;0;5;450;100;
1791534678.233	D7:5B:CA:55:9E:68	JBC_Std	E;826;31;2;0;350;4;20;20;1200;1200;253;0;0;100;0;5;400;100;
1791534678.264	EA:BE:3E:E6:32:90	JBC_NANO	E;845;35;2;0;350;4;48;48;1200;1200;256;0;0;100;0;5;450;100;
1791534678.623	D7:5B:CA:55:9E:68	JBC_Std	E;826;30;2;0;350;4;20;20;1200;1200;253;0;0;100;0;5;400;100;
1791534678.654	EA:BE:3E:E6:32:90	JBC_NANO	E;845;35;2;0;350;4;48;48;1200;1200;256;0;0;100;0;5;450;100;
1791534678.984	D7:5B:CA:55:9E:68	JBC_Std	E;826;30;2;0;350;4;20;20;1200;1200;253;0;0;100;0;5;400;100;
1791534679.014	EA:BE:3E:E6:32:90	JBC_NANO	E;845;35;2;0;350;4;48;48;1200;1200;256;0;0;100;0;5;450;100;
1791534679.313	D7:5B:CA:55:9E:68	JBC_Std	E;826;31;2;0;350;4;20;20;1200;1200;253;0;0;100;0;5;400;100;
1791534679.404	EA:BE:3E:E6:32:90	JBC_NANO	E;845;35;2;0;350;4;48;48;1200;1200;256;0;0;100;0;5;450;100;
1791534679.673	D7:5B:CA:55:9E:68	JBC_Std	E;826;31;2;0;350;4;20;20;1200;1200;253;0;0;100;0;5;400;100;
1791534679.764	EA:BE:3E:E6:32:90	JBC_NANO	E;845;35;2;0;350;4;48;48;1200;1200;256;0;0;100;0;5;450;100;
1791534680.063	D7:5B:CA:55:9E:68	JBC_Std	E;826;32;2;0;350;4;20;20;1200;1200;253;0;0;100;0;5;400;100;
1791534680.093	EA:BE:3E:E6:32:90	JBC_NANO	E;845;34;2;0;350;4;48;48;1200;1200;256;0;0;100;0;5;450;100;
1791534680.363	D7:5B:CA:55:9E:68	JBC_Std	E;826;33;2;0;350;4;20;20;1200;1200;253;0;0;100;0;5;400;100;
1791534680.454	EA:BE:3E:E6:32:90	JBC_NANO	E;845;34;2;0;350;4;48;48;1200;1200;256;0;0;100;0;5;450;100;
1791534680.723	D7:5B:CA:55:9E:68	JBC_Std	E;826;32;2;0;350;4;20;20;1200;1200;253;0;0;100;0;5;400;100;
1791534680.754	EA:BE:3E:E6:32:90	JBC_NANO	E;845;34;2;0;350;4;48;48;1200;1200;256;0;0;100;0;5;450;100;
1791534681.083	D7:5B:CA:55:9E:68	JBC_Std	E;826;32;2;0;350;4;20;20;1200;1200;253;0;0;100;0;5;400;100;
1791534681.114	EA:BE:3E:E6:32:90	JBC_NANO	E;845;33;2;0;350;4;48;48;1200;1200;256;0;0;100;0;5;450;100;
1791534681.383	D7:5B:CA:55:9E:68	JBC_Std	E;826;31;2;0;350;4;20;20;1200;1200;253;0;0;100;0;5;400;100;
1791534681.474	EA:BE:3E:E6:32:90	JBC_NANO	E;845;34;2;0;350;4;48;48;1200;1200;256;0;0;100;0;5;450;100;
1791534681.744	D7:5B:CA:55:9E:68	JBC_Std	E;826;32;2;0;350;4;20;20;1200;1200;253;0;0;100;0;5;400;100;
1791534681.834	EA:BE:3E:E6:32:90	JBC_NANO	E;845;34;2;0;350;4;48;48;1200;1200;256;0;0;100;0;5;450;100;
1791534682.073	D7:5B:CA:55:9E:68	JBC_Std	E;826;32;2;0;350;4;20;20;1200;1200;253;0;0;100;0;5;400;100;
1791534682.164	EA:BE:3E:E6:32:90	JBC_NANO	E;845;34;2;0;350;4;48;48;1200;1200;256;0;0;100;0;5;450;100;
1791534682.433	D7:5B:CA:55:9E:68	JBC_Std	E;826;32;2;0;350;4;20;20;1200;1200;253;0;0;100;0;5;400;100;
1791534682.524	EA:BE:3E:E6:32:90	JBC_NANO	E;845;34;2;0;350;4;48;48;1200;1200;256;0;0;100;0;5;450;100;
1791534682.793	D7:5B:CA:55:9E:68	JBC_Std	E;826;32;2;0;350;4;20;20;1200;1200;253;0;0;100;0;5;400;100;
1791534682.823	EA:BE:3E:E6:32:90	JBC_NANO	E;845;33;2;0;350;4;48;48;1200;1200;256;0;0;100;0;5;450;100;
1791534683.153	D7:5B:CA:55:9E:68	JBC_Std	E;826;32;2;0;350;4;20;20;1200;1200;253;0;0;100;0;5;400;100;
1791534683.183	EA:BE:3E:E6:32:90	JBC_NANO	E;845;33;2;0;350;4;48;48;1200;1200;256;0;0;100;0;5;450;100;
1791534683.514	D7:5B:CA:55:9E:68	JBC_Std	E;826;32;2;0;350;4;20;20;1200;1200;253;0;0;100;0;5;400;100;
1791534683.544	EA:BE:3E:E6:32:90	JBC_NANO	E;845;33;2;0;350;4;48;48;1200;1200;256;0;0;100;0;5;450;100;
1791534683.813	D7:5B:CA:55:9E:68	JBC_Std	E;826;32;2;0;350;4;20;20;1200;1200;253;0;0;100;0;5;400;100;
1791534683.934	EA:BE:3E:E6:32:90	JBC_NANO	E;845;33;2;0;350;4;48;48;1200;1200;256;0;0;100;0;5;450;100;
1791534684.143	D7:5B:CA:55:9E:68	JBC_Std	E;826;32;2;0;350;4;20;20;1200;1200;253;0;0;100;0;5;400;100;
1791534684.234	EA:BE:3E:E6:32:90	JBC_NANO	E;845;34;2;0;350;4;48;48;1200;1200;256;0;0;100;0;5;450;100;
1791534684.503	D7:5B:CA:55:9E:68	JBC_Std	E;826;32;2;0;350;4;20;20;1200;1200;253;0;0;100;0;5;400;100;
1791534684.534	EA:BE:3E:E6:32:90	JBC_NANO	E;845;34;2;0;350;4;48;48;1200;1200;256;0;0;100;0;5;450;100;
1791534684.803	D7:5B:CA:55:9E:68	JBC_Std	E;826;32;2;0;350;4;20;20;1200;1200;253;0;0;100;0;5;400;100;
1791534684.894	EA:BE:3E:E6:32:90	JBC_NANO	E;845;34;2;0;350;4;48;48;1200;1200;256;0;0;100;0;5;450;100;
1791534685.163	D7:5B:CA:55:9E:68	JBC_Std	E;826;32;2;0;350;4;20;20;1200;1200;253;0;0;100;0;5;400;100;
1791534685.254	EA:BE:3E:E6:32:90	JBC_NANO	E;845;34;2;0;350;4;48;48;1200;1200;256;0;0;100;0;5;450;100;
1791534685.523	D7:5B:CA:55:9E:68	JBC_Std	E;826;32;2;0;350;4;20;20;1200;1200;253;0;0;100;0;5;400;100;
1791534685.613	EA:BE:3E:E6:32:90	JBC_NANO	E;845;34;2;0;350;4;48;48;1200;1200;256;0;0;100;0;5;450;100;
1791534685.913	D7:5B:CA:55:9E:68	JBC_Std	E;827;31;2;0;350;4;20;20;1200;1200;253;0;0;100;0;5;400;100;
1791534686.003	EA:BE:3E:E6:32:90	JBC_NANO	E;845;34;2;0;350;4;48;48;1200;1200;256;0;0;100;0;5;450;100;
1791534686.273	D7:5B:CA:55:9E:68	JBC_Std	E;827;31;2;0;350;4;20;20;1200;1200;253;0;0;100;0;5;400;100;
1791534686.363	EA:BE:3E:E6:32:90	JBC_NANO	E;845;33;2;0;350;4;48;48;1200;1200;256;0;0;100;0;5;450;100;
1791534686.693	D7:5B:CA:55:9E:68	JBC_Std	E;827;31;2;0;350;4;20;20;1200;1200;253;0;0;100;0;5;400;100;
1791534686.723	EA:BE:3E:E6:32:90	JBC_NANO	E;845;33;2;0;350;4;48;48;1200;1200;256;0;0;100;0;5;450;100;
1791534686.993	D7:5B:CA:55:9E:68	JBC_Std	E;827;30;2;0;350;4;20;20;1200;1200;253;0;0;100;0;5;400;100;
1791534687.024	EA:BE:3E:E6:32:90	JBC_NANO	E;845;33;2;0;350;4;48;48;1200;1200;256;0;0;100;0;5;450;100;
1791534687.384	EA:BE:3E:E6:32:90	JBC_NANO	E;845;33;2;0;350;4;48;48;1200;1200;256;0;0;100;0;5;450;100;
1791534687.413	D7:5B:CA:55:9E:68	JBC_Std	E;827;31;2;0;350;4;20;20;1200;1200;253;0;0;100;0;5;400;100;
1791534687.743	EA:BE:3E:E6:32:90	JBC_NANO	E;845;33;2;0;350;4;48;48;1200;1200;256;0;0;100;0;5;450;100;
1791534687.833	D7:5B:CA:55:9E:68	JBC_Std	E;827;31;2;0;350;4;20;20;1200;1200;253;0;0;100;0;5;400;100;
1791534688.073	EA:BE:3E:E6:32:90	JBC_NANO	E;845;33;2;0;350;4;48;48;1200;1200;256;0;0;100;0;5;450;100;
1791534688.163	D7:5B:CA:55:9E:68	JBC_Std	E;827;31;2;0;350;4;20;20;1200;1200;253;0;0;100;0;5;400;100;
1791534688.432	EA:BE:3E:E6:32:90	JBC_NANO	E;845;33;2;0;350;4;48;48;1200;1200;256;0;0;100;0;5;450;100;
1791534688.523	D7:5B:CA:55:9E:68	JBC_Std	E;827;31;2;0;350;4;20;20;1200;1200;253;0;0;100;0;5;400;100;
1791534688.793	EA:BE:3E:E6:32:90	JBC_NANO	E;845;32;2;0;350;4;48;48;1200;1200;256;0;0;100;0;5;450;100;
1791534688.883	D7:5B:CA:55:9E:68	JBC_Std	E;827;31;2;0;350;4;20;20;1200;1200;253;0;0;100;0;5;400;100;
1791534689.154	EA:BE:3E:E6:32:90	JBC_NANO	E;845;32;2;0;350;4;48;48;1200;1200;256;0;0;100;0;5;450;100;
1791534689.243	D7:5B:CA:55:9E:68	JBC_Std	E;827;31;2;0;350;4;20;20;1200;1200;253;0;0;100;0;5;400;100;
1791534689.514	EA:BE:3E:E6:32:90	JBC_NANO	E;845;33;2;0;350;4;48;48;1200;1200;256;0;0;100;0;5;450;100;
1791534689.602	D7:5B:CA:55:9E:68	JBC_Std	E;827;31;2;0;350;4;20;20;1200;1200;253;0;0;100;0;5;400;100;
1791534689.873	EA:BE:3E:E6:32:90	JBC_NANO	E;845;33;2;0;350;4;48;48;1200;1200;256;0;0;100;0;5;450;100;
1791534690.053	D7:5B:CA:55:9E:68	JBC_Std	E;827;31;2;0;350;4;20;20;1200;1200;253;0;0;100;0;5;400;100;
1791534690.204	EA:BE:3E:E6:32:90	JBC_NANO	E;845;33;2;0;350;4;48;48;1200;1200;256;0;0;100;0;5;450;100;
1791534690.412	D7:5B:CA:55:9E:68	JBC_Std	E;827;31;2;0;350;4;20;20;1200;1200;253;0;0;100;0;5;400;100;
1791534690.503	EA:BE:3E:E6:32:90	JBC_NANO	E;845;33;2;0;350;4;48;48;1200;1200;256;0;0;100;0;5;450;100;
1791534690.773	D7:5B:CA:55:9E:68	JBC_Std	E;827;31;2;0;350;4;20;20;1200;1200;253;0;0;100;0;5;400;100;
1791534690.863	EA:BE:3E:E6:32:90	JBC_NANO	E;845;32;2;0;350;4;48;48;1200;1200;256;0;0;100;0;5;450;100;
1791534691.133	D7:5B:CA:55:9E:68	JBC_Std	E;827;32;2;0;350;4;20;20;1200;1200;253;0;0;100;0;5;400;100;
1791534691.224	EA:BE:3E:E6:32:90	JBC_NANO	E;845;32;2;0;350;4;48;48;1200;1200;256;0;0;100;0;5;450;100;
1791534691.493	D7:5B:CA:55:9E:68	JBC_Std	E;827;31;2;0;350;4;20;20;1200;1200;253;0;0;100;0;5;400;100;
1791534691.583	EA:BE:3E:E6:32:90	JBC_NANO	E;845;32;2;0;350;4;48;48;1200;1200;256;0;0;100;0;5;450;100;
1791534691.853	D7:5B:CA:55:9E:68	JBC_Std	E;827;31;2;0;350;4;20;20;1200;1200;253;0;0;100;0;5;400;100;
1791534691.974	EA:BE:3E:E6:32:90	JBC_NANO	E;845;33;2;0;350;4;48;48;1200;1200;256;0;0;100;0;5;450;100;
1791534692.183	D7:5B:CA:55:9E:68	JBC_Std	E;827;31;2;0;350;4;20;20;1200;1200;253;0;0;100;0;5;400;100;
1791534692.273	EA:BE:3E:E6:32:90	JBC_NANO	E;845;33;2;0;350;4;48;48;1200;1200;256;0;0;100;0;5;450;100;
1791534692.543	D7:5B:CA:55:9E:68	JBC_Std	E;827;30;2;0;350;4;20;20;1200;1200;253;0;0;100;0;5;400;100;
1791534692.573	EA:BE:3E:E6:32:90	JBC_NANO	E;845;33;2;0;350;4;48;48;1200;1200;256;0;0;100;0;5;450;100;
1791534692.903	D7:5B:CA:55:9E:68	JBC_Std	E;827;30;2;0;350;4;20;20;1200;1200;253;0;0;100;0;5;400;100;
1791534692.934	EA:BE:3E:E6:32:90	JBC_NANO	E;845;33;2;0;350;4;48;48;1200;1200;256;0;0;100;0;5;450;100;
1791534693.263	D7:5B:CA:55:9E:68	JBC_Std	E;827;31;2;0;350;4;20;20;1200;1200;253;0;0;100;0;5;400;100;
1791534693.294	EA:BE:3E:E6:32:90	JBC_NANO	E;845;33;2;0;350;4;48;48;1200;1200;256;0;0;100;0;5;450;100;
1791534693.563	D7:5B:CA:55:9E:68	JBC_Std	E;827;31;2;0;350;4;20;20;1200;1200;253;0;0;100;0;5;400;100;
1791534693.653	EA:BE:3E:E6:32:90	JBC_NANO	E;845;32;2;0;350;4;48;48;1200;1200;256;0;0;100;0;5;450;100;
1791534693.953	D7:5B:CA:55:9E:68	JBC_Std	E;827;30;2;0;350;4;20;20;1200;1200;253;0;0;100;0;5;400;100;
1791534693.983	EA:BE:3E:E6:32:90	JBC_NANO	E;845;32;2;0;350;4;48;48;1200;1200;256;0;0;100;0;5;450;100;
1791534694.283	EA:BE:3E:E6:32:90	JBC_NANO	E;845;33;2;0;350;4;48;48;1200;1200;256;0;0;100;0;5;450;100;
1791534694.313	D7:5B:CA:55:9E:68	JBC_Std	E;827;30;2;0;350;4;20;20;1200;1200;253;0;0;100;0;5;400;100;
1791534694.643	EA:BE:3E:E6:32:90	JBC_NANO	E;845;33;2;0;350;4;48;48;1200;1200;256;0;0;100;0;5;450;100;
1791534694.673	D7:5B:CA:55:9E:68	JBC_Std	E;827;30;2;0;350;4;20;20;1200;1200;253;0;0;100;0;5;400;100;
1791534695.004	EA:BE:3E:E6:32:90	JBC_NANO	E;845;33;2;0;350;4;48;48;1200;1200;256;0;0;100;0;5;450;100;
1791534695.033	D7:5B:CA:55:9E:68	JBC_Std	E;827;30;2;0;350;4;20;20;1200;1200;253;0;0;100;0;5;400;100;
1791534695.363	EA:BE:3E:E6:32:90	JBC_NANO	E;845;33;2;0;350;4;48;48;1200;1200;256;0;0;100;0;5;450;100;
1791534695.393	D7:5B:CA:55:9E:68	JBC_Std	E;827;31;2;0;350;4;20;20;1200;1200;253;0;0;100;0;5;400;100;
1791534695.723	EA:BE:3E:E6:32:90	JBC_NANO	E;845;33;2;0;350;4;48;48;1200;1200;256;0;0;100;0;5;450;100;
1791534695.813	D7:5B:CA:55:9E:68	JBC_Std	E;827;30;2;0;350;4;20;20;1200;1200;253;0;0;100;0;5;400;100;
1791534696.113	EA:BE:3E:E6:32:90	JBC_NANO	E;845;33;2;0;350;4;48;48;1200;1200;256;0;0;100;0;5;450;100;
1791534696.143	D7:5B:CA:55:9E:68	JBC_Std	E;827;30;2;0;350;4;20;20;1200;1200;253;0;0;100;0;5;400;100;
1791534696.474	EA:BE:3E:E6:32:90	JBC_NANO	E;845;32;2;0;350;4;48;48;1200;1200;256;0;0;100;0;5;450;100;
1791534696.562	D7:5B:CA:55:9E:68	JBC_Std	E;827;30;2;0;350;4;20;20;1200;1200;253;0;0;100;0;5;400;100;
1791534696.834	EA:BE:3E:E6:32:90	JBC_NANO	E;845;32;2;0;350;4;48;48;1200;1200;256;0;0;100;0;5;450;100;
1791534696.863	D7:5B:CA:55:9E:68	JBC_Std	E;827;31;2;0;350;4;20;20;1200;1200;253;0;0;100;0;5;400;100;
1791534697.193	EA:BE:3E:E6:32:90	JBC_NANO	E;845;32;2;0;350;4;48;48;1200;1200;256;0;0;100;0;5;450;100;
1791534697.223	D7:5B:CA:55:9E:68	JBC_Std	E;827;31;2;0;350;4;20;20;1200;1200;253;0;0;100;0;5;400;100;
1791534697.553	EA:BE:3E:E6:32:90	JBC_NANO	E;845;32;2;0;350;4;48;48;1200;1200;256;0;0;100;0;5;450;100;
1791534697.583	D7:5B:CA:55:9E:68	JBC_Std	E;827;31;2;0;350;4;20;20;1200;1200;253;0;0;100;0;5;400;100;
1791534697.913	EA:BE:3E:E6:32:90	JBC_NANO	E;845;32;2;0;350;4;48;48;1200;1200;256;0;0;100;0;5;450;100;
1791534698.032	D7:5B:CA:55:9E:68	JBC_Std	E;827;31;2;0;350;4;20;20;1200;1200;253;0;0;100;0;5;400;100;
1791534698.243	EA:BE:3E:E6:32:90	JBC_NANO	E;845;32;2;0;350;4;48;48;1200;1200;256;0;0;100;0;5;450;100;
1791534698.333	D7:5B:CA:55:9E:68	JBC_Std	E;827;30;2;0;350;4;20;20;1200;1200;253;0;0;100;0;5;400;100;
1791534698.603	EA:BE:3E:E6:32:90	JBC_NANO	E;845;32;2;0;350;4;48;48;1200;1200;256;0;0;100;0;5;450;100;
1791534698.752	D7:5B:CA:55:9E:68	JBC_Std	E;827;30;2;0;350;4;20;20;1200;1200;253;0;0;100;0;5;400;100;
1791534698.964	EA:BE:3E:E6:32:90	JBC_NANO	E;845;32;2;0;350;4;48;48;1200;1200;256;0;0;100;0;5;450;100;
1791534699.052	D7:5B:CA:55:9E:68	JBC_Std	E;827;30;2;0;350;4;20;20;1200;1200;253;0;0;100;0;5;400;100;
1791534699.323	EA:BE:3E:E6:32:90	JBC_NANO	E;845;32;2;0;350;4;48;48;1200;1200;256;0;0;100;0;5;450;100;
1791534699.413	D7:5B:CA:55:9E:68	JBC_Std	E;827;30;2;0;350;4;20;20;1200;1200;253;0;0;100;0;5;400;100;
1791534699.683	EA:BE:3E:E6:32:90	JBC_NANO	E;845;32;2;0;350;4;48;48;1200;1200;256;0;0;100;0;5;450;100;
1791534699.773	D7:5B:CA:55:9E:68	JBC_Std	E;827;30;2;0;350;4;20;20;1200;1200;253;0;0;100;0;5;400;100;
1791534700.133	EA:BE:3E:E6:32:90	JBC_NANO	E;845;32;2;0;350;4;48;48;1200;1200;256;0;0;100;0;5;450;100;
1791534700.163	D7:5B:CA:55:9E:68	JBC_Std	E;827;30;2;0;350;4;20;20;1200;1200;253;0;0;100;0;5;400;100;
1791534700.493	EA:BE:3E:E6:32:90	JBC_NANO	E;845;31;2;0;350;4;48;48;1200;1200;256;0;0;100;0;5;450;100;
1791534700.523	D7:5B:CA:55:9E:68	JBC_Std	E;827;30;2;0;350;4;20;20;1200;1200;253;0;0;100;0;5;400;100;
1791534700.854	EA:BE:3E:E6:32:90	JBC_NANO	E;845;31;2;0;350;4;48;48;1200;1200;256;0;0;100;0;5;450;100;
1791534700.942	D7:5B:CA:55:9E:68	JBC_Std	E;827;31;2;0;350;4;20;20;1200;1200;253;0;0;100;0;5;400;100;
1791534701.214	EA:BE:3E:E6:32:90	JBC_NANO	E;845;31;2;0;350;4;48;48;1200;1200;256;0;0;100;0;5;450;100;
1791534701.243	D7:5B:CA:55:9E:68	JBC_Std	E;827;31;2;0;350;4;20;20;1200;1200;253;0;0;100;0;5;400;100;
1791534701.573	EA:BE:3E:E6:32:90	JBC_NANO	E;845;31;2;0;350;4;48;48;1200;1200;256;0;0;100;0;5;450;100;
1791534701.603	D7:5B:CA:55:9E:68	JBC_Std	E;827;31;2;0;350;4;20;20;1200;1200;253;0;0;100;0;5;400;100;
1791534701.933	EA:BE:3E:E6:32:90	JBC_NANO	E;845;31;2;0;350;4;48;48;1200;1200;256;0;0;100;0;5;450;100;
1791534701.993	D7:5B:CA:55:9E:68	JBC_Std	E;827;31;2;0;350;4;20;20;1200;1200;253;0;0;100;0;5;400;100;
1791534702.263	EA:BE:3E:E6:32:90	JBC_NANO	E;845;31;2;0;350;4;48;48;1200;1200;256;0;0;100;0;5;450;100;
1791534702.353	D7:5B:CA:55:9E:68	JBC_Std	E;827;30;2;0;350;4;20;20;1200;1200;253;0;0;100;0;5;400;100;
1791534702.622	EA:BE:3E:E6:32:90	JBC_NANO	E;845;31;2;0;350;4;48;48;1200;1200;256;0;0;100;0;5;450;100;
1791534702.713	D7:5B:CA:55:9E:68	JBC_Std	E;827;30;2;0;350;4;20;20;1200;1200;253;0;0;100;0;5;400;100;
1791534702.983	EA:BE:3E:E6:32:90	JBC_NANO	E;845;31;2;0;350;4;48;48;1200;1200;256;0;0;100;0;5;450;100;
1791534703.073	D7:5B:CA:55:9E:68	JBC_Std	E;827;30;2;0;350;4;20;20;1200;1200;253;0;0;100;0;5;400;100;
1791534703.283	EA:BE:3E:E6:32:90	JBC_NANO	E;845;31;2;0;350;4;48;48;1200;1200;256;0;0;100;0;5;450;100;
1791534703.433	D7:5B:CA:55:9E:68	JBC_Std	E;827;30;2;0;350;4;20;20;1200;1200;253;0;0;100;0;5;400;100;
1791534703.643	EA:BE:3E:E6:32:90	JBC_NANO	E;845;31;2;0;350;4;48;48;1200;1200;256;0;0;100;0;5;450;100;
1791534703.792	D7:5B:CA:55:9E:68	JBC_Std	E;827;32;2;0;350;4;20;20;1200;1200;253;0;0;100;0;5;400;100;
1791534704.033	EA:BE:3E:E6:32:90	JBC_NANO	E;845;32;2;0;350;4;48;48;1200;1200;256;0;0;100;0;5;450;100;
1791534704.242	D7:5B:CA:55:9E:68	JBC_Std	E;827;31;2;0;350;4;20;20;1200;1200;253;0;0;100;0;5;400;100;
1791534704.333	EA:BE:3E:E6:32:90	JBC_NANO	E;845;32;2;0;350;4;48;48;1200;1200;256;0;0;100;0;5;450;100;
1791534704.482	D7:5B:CA:55:9E:68	JBC_Std	E;827;30;2;0;350;4;20;20;1200;1199;253;0;0;100;0;5;400;100;
1791534704.693	EA:BE:3E:E6:32:90	JBC_NANO	E;845;32;2;0;350;4;48;48;1200;1200;256;0;0;100;0;5;450;100;
1791534704.842	D7:5B:CA:55:9E:68	JBC_Std	E;827;30;2;0;350;4;20;20;1200;1200;253;0;0;100;0;5;400;100;
1791534705.053	EA:BE:3E:E6:32:90	JBC_NANO	E;845;32;2;0;350;4;48;48;1200;1200;256;0;0;100;0;5;450;100;
1791534705.203	D7:5B:CA:55:9E:68	JBC_Std	E;827;30;2;0;350;4;20;20;1200;1200;253;0;0;100;0;5;400;100;
1791534705.413	EA:BE:3E:E6:32:90	JBC_NANO	E;845;32;2;0;350;4;48;48;1200;1200;256;0;0;100;0;5;450;100;
1791534705.563	D7:5B:CA:55:9E:68	JBC_Std	E;827;30;2;0;350;4;20;20;1200;1200;253;0;0;100;0;5;400;100;
1791534705.773	EA:BE:3E:E6:32:90	JBC_NANO	E;845;32;2;0;350;4;48;48;1200;1200;256;0;0;100;0;5;450;100;
1791534705.922	D7:5B:CA:55:9E:68	JBC_Std	E;827;30;2;0;350;4;20;20;1200;1200;253;0;0;100;0;5;400;100;
1791534706.163	EA:BE:3E:E6:32:90	JBC_NANO	E;845;32;2;0;350;4;48;48;1200;1200;256;0;0;100;0;5;450;100;
1791534706.312	D7:5B:CA:55:9E:68	JBC_Std	E;827;30;2;0;350;4;20;20;1200;1200;253;0;0;100;0;5;400;100;
1791534706.523	EA:BE:3E:E6:32:90	JBC_NANO	E;845;32;2;0;350;4;48;48;1200;1200;256;0;0;100;0;5;450;100;
1791534706.612	D7:5B:CA:55:9E:68	JBC_Std	E;827;30;2;0;350;4;20;20;1200;1200;253;0;0;100;0;5;400;100;
1791534706.883	EA:BE:3E:E6:32:90	JBC_NANO	E;845;31;2;0;350;4;48;48;1200;1200;256;0;0;100;0;5;450;100;
1791534706.973	D7:5B:CA:55:9E:68	JBC_Std	E;827;30;2;0;350;4;20;20;1200;1200;253;0;0;100;0;5;400;100;
1791534707.243	EA:BE:3E:E6:32:90	JBC_NANO	E;845;31;2;0;350;4;48;48;1200;1200;256;0;0;100;0;5;450;100;
1791534707.333	D7:5B:CA:55:9E:68	JBC_Std	E;827;29;2;0;350;4;20;20;1200;1200;253;0;0;100;0;5;400;100;
1791534707.663	EA:BE:3E:E6:32:90	JBC_NANO	E;845;31;2;0;350;4;48;48;1200;1200;256;0;0;100;0;5;450;100;
1791534707.693	D7:5B:CA:55:9E:68	JBC_Std	E;827;29;2;0;350;4;20;20;1200;1200;253;0;0;100;0;5;400;100;
1791534708.053	EA:BE:3E:E6:32:90	JBC_NANO	E;845;31;2;0;350;4;48;48;1200;1200;256;0;0;100;0;5;450;100;
1791534708.083	D7:5B:CA:55:9E:68	JBC_Std	E;828;30;2;0;350;4;20;20;1200;1200;253;0;0;100;0;5;400;100;
1791534708.352	EA:BE:3E:E6:32:90	JBC_NANO	E;845;32;2;0;350;4;48;48;1200;1200;256;0;0;100;0;5;450;100;
1791534708.442	D7:5B:CA:55:9E:68	JBC_Std	E;828;30;2;0;350;4;20;20;1200;1200;253;0;0;100;0;5;400;100;
1791534708.714	EA:BE:3E:E6:32:90	JBC_NANO	E;845;31;2;0;350;4;48;48;1200;1200;256;0;0;100;0;5;450;100;
1791534708.803	D7:5B:CA:55:9E:68	JBC_Std	E;828;30;2;0;350;4;20;20;1200;1200;253;0;0;100;0;5;400;100;
1791534709.073	EA:BE:3E:E6:32:90	JBC_NANO	E;845;31;2;0;350;4;48;48;1200;1200;256;0;0;100;0;5;450;100;
1791534709.222	D7:5B:CA:55:9E:68	JBC_Std	E;828;30;2;0;350;4;20;20;1200;1200;253;0;0;100;0;5;400;100;
1791534709.433	EA:BE:3E:E6:32:90	JBC_NANO	E;845;31;2;0;350;4;48;48;1200;1200;256;0;0;100;0;5;450;100;
1791534709.582	D7:5B:CA:55:9E:68	JBC_Std	E;828;30;2;0;350;4;20;20;1200;1200;253;0;0;100;0;5;400;100;
1791534709.793	EA:BE:3E:E6:32:90	JBC_NANO	E;845;31;2;0;350;4;48;48;1200;1200;256;0;0;100;0;5;450;100;
1791534710.032	D7:5B:CA:55:9E:68	JBC_Std	E;828;29;2;0;350;4;20;20;1200;1200;253;0;0;100;0;5;400;100;
1791534710.183	EA:BE:3E:E6:32:90	JBC_NANO	E;845;31;2;0;350;4;48;48;1200;1200;256;0;0;100;0;5;450;100;
1791534710.213	D7:5B:CA:55:9E:68	JBC_Std	E;828;29;2;0;350;4;20;20;1200;1200;253;0;0;100;0;5;400;100;
1791534710.543	EA:BE:3E:E6:32:90	JBC_NANO	E;845;31;2;0;350;4;48;48;1200;1200;256;0;0;100;0;5;450;100;
1791534710.573	D7:5B:CA:55:9E:68	JBC_Std	E;828;30;2;0;350;4;20;20;1200;1200;253;0;0;100;0;5;400;100;
1791534710.903	EA:BE:3E:E6:32:90	JBC_NANO	E;845;32;2;0;350;4;48;48;1200;1200;256;0;0;100;0;5;450;100;
1791534710.932	D7:5B:CA:55:9E:68	JBC_Std	E;828;30;2;0;350;4;20;20;1200;1200;253;0;0;100;0;5;400;100;
1791534711.262	EA:BE:3E:E6:32:90	JBC_NANO	E;845;31;2;0;350;4;48;48;1200;1200;256;0;0;100;0;5;450;100;
1791534711.293	D7:5B:CA:55:9E:68	JBC_Std	E;828;30;2;0;350;4;20;20;1200;1200;253;0;0;100;0;5;400;100;
1791534711.623	EA:BE:3E:E6:32:90	JBC_NANO	E;845;31;2;0;350;4;48;48;1200;1200;256;0;0;100;0;5;450;100;
1791534711.712	D7:5B:CA:55:9E:68	JBC_Std	E;828;31;2;0;350;4;20;20;1200;1200;253;0;0;100;0;5;400;100;
1791534711.983	EA:BE:3E:E6:32:90	JBC_NANO	E;845;31;2;0;350;4;48;48;1200;1200;256;0;0;100;0;5;450;100;
1791534712.043	D7:5B:CA:55:9E:68	JBC_Std	E;828;30;2;0;350;4;20;20;1200;1200;253;0;0;100;0;5;400;100;
1791534712.313	EA:BE:3E:E6:32:90	JBC_NANO	E;845;31;2;0;350;4;48;48;1200;1200;256;0;0;100;0;5;450;100;
1791534712.402	D7:5B:CA:55:9E:68	JBC_Std	E;828;30;2;0;350;4;20;20;1200;1200;253;0;0;100;0;5;400;100;
1791534712.673	EA:BE:3E:E6:32:90	JBC_NANO	E;845;31;2;0;350;4;48;48;1200;1200;256;0;0;100;0;5;450;100;
1791534712.762	D7:5B:CA:55:9E:68	JBC_Std	E;828;31;2;0;350;4;20;20;1200;1200;253;0;0;100;0;5;400;100;
1791534713.033	EA:BE:3E:E6:32:90	JBC_NANO	E;845;31;2;0;350;4;48;48;1200;1200;256;0;0;100;0;5;450;100;
1791534713.182	D7:5B:CA:55:9E:68	JBC_Std	E;828;31;2;0;350;4;20;20;1200;1200;253;0;0;100;0;5;400;100;
1791534713.393	EA:BE:3E:E6:32:90	JBC_NANO	E;845;30;2;0;350;4;48;48;1200;1200;256;0;0;100;0;5;450;100;
1791534713.543	D7:5B:CA:55:9E:68	JBC_Std	E;828;31;2;0;350;4;20;20;1200;1200;253;0;0;100;0;5;400;100;
1791534713.753	EA:BE:3E:E6:32:90	JBC_NANO	E;845;30;2;0;350;4;48;48;1200;1200;256;0;0;100;0;5;450;100;
1791534713.903	D7:5B:CA:55:9E:68	JBC_Std	E;828;31;2;0;350;4;20;20;1200;1200;253;0;0;100;0;5;400;100;
1791534714.143	EA:BE:3E:E6:32:90	JBC_NANO	E;845;30;2;0;350;4;48;48;1200;1200;256;0;0;100;0;5;450;100;
1791534714.292	D7:5B:CA:55:9E:68	JBC_Std	E;828;31;2;0;350;4;20;20;1200;1200;253;0;0;100;0;5;400;100;
1791534714.503	EA:BE:3E:E6:32:90	JBC_NANO	E;845;30;2;0;350;4;48;48;1200;1200;256;0;0;100;0;5;450;100;
1791534714.653	D7:5B:CA:55:9E:68	JBC_Std	E;828;30;2;0;350;4;20;20;1200;1200;253;0;0;100;0;5;400;100;
1791534714.863	EA:BE:3E:E6:32:90	JBC_NANO	E;845;30;2;0;350;4;48;48;1200;1200;256;0;0;100;0;5;450;100;
1791534715.012	D7:5B:CA:55:9E:68	JBC_Std	E;828;30;2;0;350;4;20;20;1200;1200;253;0;0;100;0;5;400;100;
1791534715.223	EA:BE:3E:E6:32:90	JBC_NANO	E;845;30;2;0;350;4;48;48;1200;1200;256;0;0;100;0;5;450;100;
1791534715.372	D7:5B:CA:55:9E:68	JBC_Std	E;828;30;2;0;350;4;20;20;1200;1200;253;0;0;100;0;5;400;100;
1791534715.583	EA:BE:3E:E6:32:90	JBC_NANO	E;845;31;2;0;350;4;48;48;1200;1200;256;0;0;100;0;5;450;100;
1791534715.791	D7:5B:CA:55:9E:68	JBC_Std	E;828;30;2;0;350;4;20;20;1200;1200;253;0;0;100;0;5;400;100;
1791534715.943	EA:BE:3E:E6:32:90	JBC_NANO	E;845;31;2;0;350;4;48;48;1200;1200;256;0;0;100;0;5;450;100;
1791534716.122	D7:5B:CA:55:9E:68	JBC_Std	E;828;30;2;0;350;4;20;20;1200;1200;253;0;0;100;0;5;400;100;
1791534716.273	EA:BE:3E:E6:32:90	JBC_NANO	E;845;31;2;0;350;4;48;48;1200;1200;256;0;0;100;0;5;450;100;
1791534716.483	D7:5B:CA:55:9E:68	JBC_Std	E;828;30;2;0;350;4;20;20;1200;1200;253;0;0;100;0;5;400;100;
1791534716.633	EA:BE:3E:E6:32:90	JBC_NANO	E;845;31;2;0;350;4;48;48;1200;1200;256;0;0;100;0;5;450;100;
1791534716.843	D7:5B:CA:55:9E:68	JBC_Std	E;828;30;2;0;350;4;20;20;1200;1200;253;0;0;100;0;5;400;100;
1791534716.993	EA:BE:3E:E6:32:90	JBC_NANO	E;845;31;2;0;350;4;48;48;1200;1200;256;0;0;100;0;5;450;100;
1791534717.262	D7:5B:CA:55:9E:68	JBC_Std	E;828;29;2;0;350;4;20;20;1200;1200;253;0;0;100;0;5;400;100;
1791534717.352	EA:BE:3E:E6:32:90	JBC_NANO	E;845;31;2;0;350;4;48;48;1200;1200;256;0;0;100;0;5;450;100;
1791534717.562	D7:5B:CA:55:9E:68	JBC_Std	E;828;29;2;0;350;4;20;20;1200;1200;253;0;0;100;0;5;400;100;
1791534717.713	EA:BE:3E:E6:32:90	JBC_NANO	E;845;32;2;0;350;4;48;48;1200;1200;256;0;0;100;0;5;450;100;
1791534717.922	D7:5B:CA:55:9E:68	JBC_Std	E;828;29;2;0;350;4;20;20;1200;1200;253;0;0;100;0;5;400;100;
1791534718.103	EA:BE:3E:E6:32:90	JBC_NANO	E;845;31;2;0;350;4;48;48;1200;1200;256;0;0;100;0;5;450;100;
1791534718.253	D7:5B:CA:55:9E:68	JBC_Std	E;828;29;2;0;350;4;20;20;1200;1200;253;0;0;100;0;5;400;100;
1791534718.403	EA:BE:3E:E6:32:90	JBC_NANO	E;845;31;2;0;350;4;48;48;1200;1200;256;0;0;100;0;5;450;100;
1791534718.672	D7:5B:CA:55:9E:68	JBC_Std	E;828;30;2;0;350;4;20;20;1200;1200;253;0;0;100;0;5;400;100;
1791534718.763	EA:BE:3E:E6:32:90	JBC_NANO	E;845;31;2;0;350;4;48;48;1200;1200;256;0;0;100;0;5;450;100;
1791534718.972	D7:5B:CA:55:9E:68	JBC_Std	E;828;30;2;0;350;4;20;20;1200;1200;253;0;0;100;0;5;400;100;
1791534719.122	EA:BE:3E:E6:32:90	JBC_NANO	E;845;31;2;0;350;4;48;48;1200;1200;256;0;0;100;0;5;450;100;
1791534719.332	D7:5B:CA:55:9E:68	JBC_Std	E;828;30;2;0;350;4;20;20;1200;1200;253;0;0;100;0;5;400;100;
1791534719.483	EA:BE:3E:E6:32:90	JBC_NANO	E;845;31;2;0;350;4;48;48;1200;1200;256;0;0;100;0;5;450;100;
1791534719.692	D7:5B:CA:55:9E:68	JBC_Std	E;828;30;2;0;350;4;20;20;1200;1200;253;0;0;100;0;5;400;100;
1791534719.843	EA:BE:3E:E6:32:90	JBC_NANO	E;845;31;2;0;350;4;48;48;1200;1200;256;0;0;100;0;5;450;100;
1791534720.082	D7:5B:CA:55:9E:68	JBC_Std	E;828;30;2;0;350;4;20;20;1200;1200;253;0;0;100;0;5;400;100;
1791534720.232	EA:BE:3E:E6:32:90	JBC_NANO	E;845;31;2;0;350;4;48;48;1200;1200;256;0;0;100;0;5;450;100;
1791534720.442	D7:5B:CA:55:9E:68	JBC_Std	E;828;30;2;0;350;4;20;20;1200;1200;253;0;0;100;0;5;400;100;
1791534720.593	EA:BE:3E:E6:32:90	JBC_NANO	E;845;31;2;0;350;4;48;48;1200;1200;256;0;0;100;0;5;450;100;
1791534720.803	D7:5B:CA:55:9E:68	JBC_Std	E;828;30;2;0;350;4;20;20;1200;1200;253;0;0;100;0;5;400;100;
1791534720.953	EA:BE:3E:E6:32:90	JBC_NANO	E;845;31;2;0;350;4;48;48;1200;1200;256;0;0;100;0;5;450;100;
1791534721.163	D7:5B:CA:55:9E:68	JBC_Std	E;828;31;2;0;350;4;20;20;1200;1200;253;0;0;100;0;5;400;100;
1791534721.312	EA:BE:3E:E6:32:90	JBC_NANO	E;845;30;2;0;350;4;48;48;1200;1200;256;0;0;100;0;5;450;100;
1791534721.582	D7:5B:CA:55:9E:68	JBC_Std	E;828;31;2;0;350;4;20;20;1200;1200;253;0;0;100;0;5;400;100;
1791534721.673	EA:BE:3E:E6:32:90	JBC_NANO	E;845;31;2;0;350;4;48;48;1200;1200;256;0;0;100;0;5;450;100;
1791534721.882	D7:5B:CA:55:9E:68	JBC_Std	E;828;30;2;0;350;4;20;20;1200;1200;253;0;0;100;0;5;400;100;
1791534722.033	EA:BE:3E:E6:32:90	JBC_NANO	E;845;31;2;0;350;4;48;48;1200;1200;256;0;0;100;0;5;450;100;
1791534722.272	D7:5B:CA:55:9E:68	JBC_Std	E;828;30;2;0;350;4;20;20;1200;1200;253;0;0;100;0;5;400;100;
1791534722.363	EA:BE:3E:E6:32:90	JBC_NANO	E;845;30;2;0;350;4;48;48;1200;1200;256;0;0;100;0;5;450;100;
1791534722.632	D7:5B:CA:55:9E:68	JBC_Std	E;828;30;2;0;350;4;20;20;1200;1200;253;0;0;100;0;5;400;100;
1791534722.722	EA:BE:3E:E6:32:90	JBC_NANO	E;845;30;2;0;350;4;48;48;1200;1200;256;0;0;100;0;5;450;100;
1791534723.052	D7:5B:CA:55:9E:68	JBC_Std	E;828;30;2;0;350;4;20;20;1200;1200;253;0;0;100;0;5;400;100;
1791534723.083	EA:BE:3E:E6:32:90	JBC_NANO	E;845;30;2;0;350;4;48;48;1200;1200;256;0;0;100;0;5;450;100;
1791534723.352	D7:5B:CA:55:9E:68	JBC_Std	E;828;30;2;0;350;4;20;20;1200;1200;253;0;0;100;0;5;400;100;
1791534723.443	EA:BE:3E:E6:32:90	JBC_NANO	E;845;30;2;0;350;4;48;48;1200;1200;256;0;0;100;0;5;450;100;
1791534723.713	D7:5B:CA:55:9E:68	JBC_Std	E;828;30;2;0;350;4;20;20;1200;1200;253;0;0;100;0;5;400;100;
1791534723.802	EA:BE:3E:E6:32:90	JBC_NANO	E;845;30;2;0;350;4;48;48;1200;1200;256;0;0;100;0;5;450;100;
1791534724.162	D7:5B:CA:55:9E:68	JBC_Std	E;828;30;2;0;350;4;20;20;1200;1200;253;0;0;100;0;5;400;100;
1791534724.192	EA:BE:3E:E6:32:90	JBC_NANO	E;845;31;2;0;350;4;48;48;1200;1200;256;0;0;100;0;5;450;100;
1791534724.462	D7:5B:CA:55:9E:68	JBC_Std	E;828;30;2;0;350;4;20;20;1200;1200;253;0;0;100;0;5;400;100;
1791534724.553	EA:BE:3E:E6:32:90	JBC_NANO	E;845;31;2;0;350;4;48;48;1200;1200;256;0;0;100;0;5;450;100;
1791534724.822	D7:5B:CA:55:9E:68	JBC_Std	E;828;30;2;0;350;4;20;20;1200;1200;253;0;0;100;0;5;400;100;
1791534724.912	EA:BE:3E:E6:32:90	JBC_NANO	E;845;30;2;0;350;4;48;48;1200;1200;256;0;0;100;0;5;450;100;
1791534725.183	D7:5B:CA:55:9E:68	JBC_Std	E;828;30;2;0;350;4;20;20;1200;1200;253;0;0;100;0;5;400;100;
1791534725.272	EA:BE:3E:E6:32:90	JBC_NANO	E;845;31;2;0;350;4;48;48;1200;1200;256;0;0;100;0;5;450;100;
1791534725.633	EA:BE:3E:E6:32:90	JBC_NANO	E;845;30;2;0;350;4;48;48;1200;1200;256;0;0;100;0;5;450;100;
1791534725.662	D7:5B:CA:55:9E:68	JBC_Std	E;828;29;2;0;350;4;20;20;1200;1200;253;0;0;100;0;5;400;100;
1791534725.902	D7:5B:CA:55:9E:68	JBC_Std	E;828;29;2;0;350;4;20;20;1200;1200;253;0;0;100;0;5;400;100;
1791534725.993	EA:BE:3E:E6:32:90	JBC_NANO	E;845;30;2;0;350;4;48;48;1200;1200;256;0;0;100;0;5;450;100;
1791534726.233	D7:5B:CA:55:9E:68	JBC_Std	E;828;29;2;0;350;4;20;20;1200;1200;253;0;0;100;0;5;400;100;
1791534726.322	EA:BE:3E:E6:32:90	JBC_NANO	E;845;30;2;0;350;4;48;48;1200;1200;256;0;0;100;0;5;450;100;
1791534726.592	D7:5B:CA:55:9E:68	JBC_Std	E;828;29;2;0;350;4;20;20;1200;1200;253;0;0;100;0;5;400;100;
1791534726.622	EA:BE:3E:E6:32:90	JBC_NANO	E;845;30;2;0;350;4;48;48;1200;1200;256;0;0;100;0;5;450;100;
1791534726.983	EA:BE:3E:E6:32:90	JBC_NANO	E;845;30;2;0;350;4;48;48;1200;1200;256;0;0;100;0;5;450;100;
1791534727.012	D7:5B:CA:55:9E:68	JBC_Std	E;828;29;2;0;350;4;20;20;1200;1200;253;0;0;100;0;5;400;100;
1791534727.283	EA:BE:3E:E6:32:90	JBC_NANO	E;845;30;2;0;350;4;48;48;1200;1200;256;0;0;100;0;5;450;100;
1791534727.372	D7:5B:CA:55:9E:68	JBC_Std	E;828;29;2;0;350;4;20;20;1200;1200;253;0;0;100;0;5;400;100;
1791534727.704	EA:BE:3E:E6:32:90	JBC_NANO	E;845;30;2;0;350;4;48;48;1200;1200;256;0;0;100;0;5;450;100;
1791534727.732	D7:5B:CA:55:9E:68	JBC_Std	E;828;29;2;0;350;4;20;20;1200;1200;253;0;0;100;0;5;400;100;
1791534728.093	EA:BE:3E:E6:32:90	JBC_NANO	E;845;30;2;0;350;4;48;48;1200;1200;256;0;0;100;0;5;450;100;
1791534728.152	D7:5B:CA:55:9E:68	JBC_Std	E;828;29;2;0;350;4;20;20;1200;1200;253;0;0;100;0;5;400;100;
1791534728.423	EA:BE:3E:E6:32:90	JBC_NANO	E;845;31;2;0;350;4;48;48;1200;1200;256;0;0;100;0;5;450;100;
1791534728.513	D7:5B:CA:55:9E:68	JBC_Std	E;828;29;2;0;350;4;20;20;1200;1200;253;0;0;100;0;5;400;100;
1791534728.812	EA:BE:3E:E6:32:90	JBC_NANO	E;845;30;2;0;350;4;48;48;1200;1200;256;0;0;100;0;5;450;100;
1791534728.842	D7:5B:CA:55:9E:68	JBC_Std	E;828;29;2;0;350;4;20;20;1200;1200;253;0;0;100;0;5;400;100;
1791534729.172	EA:BE:3E:E6:32:90	JBC_NANO	E;845;31;2;0;350;4;48;48;1200;1200;256;0;0;100;0;5;450;100;
1791534729.203	D7:5B:CA:55:9E:68	JBC_Std	E;828;30;2;0;350;4;20;20;1200;1200;253;0;0;100;0;5;400;100;
1791534729.533	EA:BE:3E:E6:32:90	JBC_NANO	E;845;30;2;0;350;4;48;48;1200;1200;256;0;0;100;0;5;450;100;
1791534729.562	D7:5B:CA:55:9E:68	JBC_Std	E;828;30;2;0;350;4;20;20;1200;1200;253;0;0;100;0;5;400;100;
1791534729.893	EA:BE:3E:E6:32:90	JBC_NANO	E;845;30;2;0;350;4;48;48;1200;1200;256;0;0;100;0;5;450;100;
1791534729.982	D7:5B:CA:55:9E:68	JBC_Std	E;828;30;2;0;350;4;20;20;1200;1200;253;0;0;100;0;5;400;100;
1791534730.252	EA:BE:3E:E6:32:90	JBC_NANO	E;845;29;2;0;350;4;48;48;1200;1200;256;0;0;100;0;5;450;100;
1791534730.342	D7:5B:CA:55:9E:68	JBC_Std	E;828;30;2;0;350;4;20;20;1200;1200;253;0;0;100;0;5;400;100;
1791534730.613	EA:BE:3E:E6:32:90	JBC_NANO	E;845;29;2;0;350;4;48;48;1200;1200;256;0;0;100;0;5;450;100;
1791534730.702	D7:5B:CA:55:9E:68	JBC_Std	E;828;30;2;0;350;4;20;20;1200;1200;253;0;0;100;0;5;400;100;
1791534730.942	EA:BE:3E:E6:32:90	JBC_NANO	E;845;29;2;0;350;4;48;48;1200;1200;256;0;0;100;0;5;450;100;
1791534731.032	D7:5B:CA:55:9E:68	JBC_Std	E;828;29;2;0;350;4;20;20;1200;1200;253;0;0;100;0;5;400;100;
1791534731.332	EA:BE:3E:E6:32:90	JBC_NANO	E;845;30;2;0;350;4;48;48;1200;1200;256;0;0;100;0;5;450;100;
1791534731.362	D7:5B:CA:55:9E:68	JBC_Std	E;828;29;2;0;350;4;20;20;1200;1200;253;0;0;100;0;5;400;100;
1791534731.693	EA:BE:3E:E6:32:90	JBC_NANO	E;845;30;2;0;350;4;48;48;1200;1200;256;0;0;100;0;5;450;100;
1791534731.753	D7:5B:CA:55:9E:68	JBC_Std	E;828;30;2;0;350;4;20;20;1200;1200;253;0;0;100;0;5;400;100;
1791534732.083	EA:BE:3E:E6:32:90	JBC_NANO	E;845;30;2;0;350;4;48;48;1200;1200;256;0;0;100;0;5;450;100;
1791534732.112	D7:5B:CA:55:9E:68	JBC_Std	E;828;29;2;0;350;4;20;20;1200;1200;253;0;0;100;0;5;400;100;
1791534732.442	EA:BE:3E:E6:32:90	JBC_NANO	E;845;30;2;0;350;4;48;48;1200;1200;256;0;0;100;0;5;450;100;
1791534732.472	D7:5B:CA:55:9E:68	JBC_Std	E;828;29;2;0;350;4;20;20;1200;1200;253;0;0;100;0;5;400;100;
1791534732.833	EA:BE:3E:E6:32:90	JBC_NANO	E;845;29;2;0;350;4;48;48;1200;1200;256;0;0;100;0;5;450;100;
1791534732.862	D7:5B:CA:55:9E:68	JBC_Std	E;828;29;2;0;350;4;20;20;1200;1200;253;0;0;100;0;5;400;100;
1791534733.193	EA:BE:3E:E6:32:90	JBC_NANO	E;845;29;2;0;350;4;48;48;1200;1200;255;0;0;100;0;5;450;100;
1791534733.282	D7:5B:CA:55:9E:68	JBC_Std	E;828;29;2;0;350;4;20;20;1200;1200;253;0;0;100;0;5;400;100;
1791534733.552	D7:5B:CA:55:9E:68	JBC_Std	E;828;29;2;0;350;4;20;20;1200;1200;253;0;0;100;0;5;400;100;
1791534733.583	EA:BE:3E:E6:32:90	JBC_NANO	E;845;30;2;0;350;4;48;48;1200;1200;255;0;0;100;0;5;450;100;
1791534733.943	EA:BE:3E:E6:32:90	JBC_NANO	E;845;30;2;0;350;4;48;48;1200;1200;255;0;0;100;0;5;450;100;
1791534733.971	D7:5B:CA:55:9E:68	JBC_Std	E;828;29;2;0;350;4;20;20;1200;1200;253;0;0;100;0;5;400;100;
1791534734.212	D7:5B:CA:55:9E:68	JBC_Std	E;828;30;2;0;350;4;20;20;1200;1200;253;0;0;100;0;5;400;100;
1791534734.303	EA:BE:3E:E6:32:90	JBC_NANO	E;845;30;2;0;350;4;48;48;1200;1200;255;0;0;100;0;5;450;100;
1791534734.572	D7:5B:CA:55:9E:68	JBC_Std	E;828;30;2;0;350;4;20;20;1200;1200;253;0;0;100;0;5;400;100;
1791534734.663	EA:BE:3E:E6:32:90	JBC_NANO	E;845;30;2;0;350;4;48;48;1200;1200;255;0;0;100;0;5;450;100;
1791534734.902	D7:5B:CA:55:9E:68	JBC_Std	E;828;29;2;0;350;4;20;20;1200;1200;253;0;0;100;0;5;400;100;
1791534734.992	EA:BE:3E:E6:32:90	JBC_NANO	E;845;30;2;0;350;4;48;48;1200;1200;256;0;0;100;0;5;450;100;
1791534735.322	D7:5B:CA:55:9E:68	JBC_Std	E;828;29;2;0;350;4;20;20;1200;1200;253;0;0;100;0;5;400;100;
1791534735.352	EA:BE:3E:E6:32:90	JBC_NANO	E;845;31;2;0;350;4;48;48;1200;1200;255;0;0;100;0;5;450;100;
1791534735.652	D7:5B:CA:55:9E:68	JBC_Std	E;828;28;2;0;350;4;20;20;1200;1200;253;0;0;100;0;5;400;100;
1791534735.682	EA:BE:3E:E6:32:90	JBC_NANO	E;845;31;2;0;350;4;48;48;1200;1200;256;0;0;100;0;5;450;100;
1791534736.041	D7:5B:CA:55:9E:68	JBC_Std	E;828;28;2;0;350;4;20;20;1200;1200;253;0;0;100;0;5;400;100;
1791534736.072	EA:BE:3E:E6:32:90	JBC_NANO	E;845;29;2;0;350;4;48;48;1200;1200;255;0;0;100;0;5;450;100;
1791534736.402	EA:BE:3E:E6:32:90	JBC_NANO	E;845;29;2;0;350;4;48;48;1200;1200;255;0;0;100;0;5;450;100;
1791534736.432	D7:5B:CA:55:9E:68	JBC_Std	E;828;29;2;0;350;4;20;20;1200;1200;253;0;0;100;0;5;400;100;
1791534736.763	EA:BE:3E:E6:32:90	JBC_NANO	E;845;29;2;0;350;4;48;48;1200;1200;255;0;0;100;0;5;450;100;
1791534736.792	D7:5B:CA:55:9E:68	JBC_Std	E;828;29;2;0;350;4;20;20;1200;1200;253;0;0;100;0;5;400;100;
1791534737.092	EA:BE:3E:E6:32:90	JBC_NANO	E;845;29;2;0;350;4;48;48;1200;1200;255;0;0;100;0;5;450;100;
1791534737.122	D7:5B:CA:55:9E:68	JBC_Std	E;828;29;2;0;350;4;20;20;1200;1200;253;0;0;100;0;5;400;100;
1791534737.452	EA:BE:3E:E6:32:90	JBC_NANO	E;845;30;2;0;350;4;48;48;1200;1200;255;0;0;100;0;5;450;100;
1791534737.512	D7:5B:CA:55:9E:68	JBC_Std	E;828;30;2;0;350;4;20;20;1200;1200;253;0;0;100;0;5;400;100;
1791534737.783	EA:BE:3E:E6:32:90	JBC_NANO	E;845;29;2;0;350;4;48;48;1200;1200;255;0;0;100;0;5;450;100;
1791534737.902	D7:5B:CA:55:9E:68	JBC_Std	E;828;30;2;0;350;4;20;20;1200;1200;253;0;0;100;0;5;400;100;
1791534738.112	EA:BE:3E:E6:32:90	JBC_NANO	E;845;29;2;0;350;4;48;48;1200;1200;255;0;0;100;0;5;450;100;
1791534738.321	D7:5B:CA:55:9E:68	JBC_Std	E;828;30;2;0;350;4;20;20;1200;1200;253;0;0;100;0;5;400;100;
1791534738.472	EA:BE:3E:E6:32:90	JBC_NANO	E;845;30;2;0;350;4;48;48;1200;1200;255;0;0;100;0;5;450;100;
1791534738.681	D7:5B:CA:55:9E:68	JBC_Std	E;828;29;2;0;350;4;20;20;1200;1200;253;0;0;100;0;5;400;100;
1791534738.832	EA:BE:3E:E6:32:90	JBC_NANO	E;845;30;2;0;350;4;48;48;1200;1200;255;0;0;100;0;5;450;100;
1791534738.981	D7:5B:CA:55:9E:68	JBC_Std	E;828;29;2;0;350;4;20;20;1200;1200;253;0;0;100;0;5;400;100;
1791534739.192	EA:BE:3E:E6:32:90	JBC_NANO	E;845;30;2;0;350;4;48;48;1200;1200;255;0;0;100;0;5;450;100;
1791534739.342	D7:5B:CA:55:9E:68	JBC_Std	E;828;29;2;0;350;4;20;20;1200;1200;253;0;0;100;0;5;400;100;
1791534739.494	EA:BE:3E:E6:32:90	JBC_NANO	E;845;30;2;0;350;4;48;48;1200;1200;255;0;0;100;0;5;450;100;
1791534739.732	D7:5B:CA:55:9E:68	JBC_Std	E;828;30;2;0;350;4;20;20;1200;1200;253;0;0;100;0;5;400;100;
1791534739.882	EA:BE:3E:E6:32:90	JBC_NANO	E;845;29;2;0;350;4;48;48;1200;1200;255;0;0;100;0;5;450;100;
1791534740.091	D7:5B:CA:55:9E:68	JBC_Std	E;828;30;2;0;350;4;20;20;1200;1200;253;0;0;100;0;5;400;100;
1791534740.184	EA:BE:3E:E6:32:90	JBC_NANO	E;845;29;2;0;350;4;48;48;1200;1200;255;0;0;100;0;5;450;100;
1791534740.362	D7:5B:CA:55:9E:68	JBC_Std	E;828;30;2;0;350;4;20;20;1200;1200;253;0;0;100;0;5;400;100;
1791534740.572	EA:BE:3E:E6:32:90	JBC_NANO	E;845;29;2;0;350;4;48;48;1200;1200;255;0;0;100;0;5;450;100;
1791534740.722	D7:5B:CA:55:9E:68	JBC_Std	E;828;31;2;0;350;4;20;20;1200;1200;253;0;0;100;0;5;400;100;
1791534740.874	EA:BE:3E:E6:32:90	JBC_NANO	E;845;29;2;0;350;4;48;48;1200;1200;255;0;0;100;0;5;450;100;
1791534741.052	D7:5B:CA:55:9E:68	JBC_Std	E;828;30;2;0;350;4;20;20;1200;1200;253;0;0;100;0;5;400;100;
1791534741.262	EA:BE:3E:E6:32:90	JBC_NANO	E;845;29;2;0;350;4;48;48;1200;1200;255;0;0;100;0;5;450;100;
1791534741.412	D7:5B:CA:55:9E:68	JBC_Std	E;828;30;2;0;350;4;20;20;1200;1200;253;0;0;100;0;5;400;100;
1791534741.653	EA:BE:3E:E6:32:90	JBC_NANO	E;845;29;2;0;350;4;48;48;1200;1200;255;0;0;100;0;5;450;100;
1791534741.771	D7:5B:CA:55:9E:68	JBC_Std	E;828;30;2;0;350;4;20;20;1200;1200;253;0;0;100;0;5;400;100;
1791534742.041	EA:BE:3E:E6:32:90	JBC_NANO	E;845;29;2;0;350;4;48;48;1200;1200;255;0;0;100;0;5;450;100;
1791534742.132	D7:5B:CA:55:9E:68	JBC_Std	E;828;29;2;0;350;4;20;20;1200;1200;253;0;0;100;0;5;400;100;
1791534742.342	EA:BE:3E:E6:32:90	JBC_NANO	E;845;29;2;0;350;4;48;48;1200;1200;255;0;0;100;0;5;450;100;
1791534742.492	D7:5B:CA:55:9E:68	JBC_Std	E;828;29;2;0;350;4;20;20;1200;1200;253;0;0;100;0;5;400;100;
1791534742.703	EA:BE:3E:E6:32:90	JBC_NANO	E;845;29;2;0;350;4;48;48;1200;1200;255;0;0;100;0;5;450;100;
1791534742.852	D7:5B:CA:55:9E:68	JBC_Std	E;828;29;2;0;350;4;20;20;1200;1200;253;0;0;100;0;5;400;100;
1791534743.062	EA:BE:3E:E6:32:90	JBC_NANO	E;845;29;2;0;350;4;48;48;1200;1200;255;0;0;100;0;5;450;100;
1791534743.271	D7:5B:CA:55:9E:68	JBC_Std	E;828;29;2;0;350;4;20;20;1200;1200;253;0;0;100;0;5;400;100;
1791534743.422	EA:BE:3E:E6:32:90	JBC_NANO	E;845;30;2;0;350;4;48;48;1200;1200;255;0;0;100;0;5;450;100;
1791534743.632	D7:5B:CA:55:9E:68	JBC_Std	E;828;29;2;0;350;4;20;20;1200;1200;253;0;0;100;0;5;400;100;
1791534743.782	EA:BE:3E:E6:32:90	JBC_NANO	E;845;29;2;0;350;4;48;48;1200;1200;255;0;0;100;0;5;450;100;
1791534744.052	D7:5B:CA:55:9E:68	JBC_Std	E;828;29;2;0;350;4;20;20;1200;1200;253;0;0;100;0;5;400;100;
1791534744.142	EA:BE:3E:E6:32:90	JBC_NANO	E;845;29;2;0;350;4;48;48;1200;1200;255;0;0;100;0;5;450;100;
1791534744.471	D7:5B:CA:55:9E:68	JBC_Std	E;828;29;2;0;350;4;20;20;1200;1200;253;0;0;100;0;5;400;100;
1791534744.502	EA:BE:3E:E6:32:90	JBC_NANO	E;845;29;2;0;350;4;48;48;1200;1200;255;0;0;100;0;5;450;100;
1791534744.832	D7:5B:CA:55:9E:68	JBC_Std	E;828;29;2;0;350;4;20;20;1200;1200;253;0;0;100;0;5;400;100;
1791534744.862	EA:BE:3E:E6:32:90	JBC_NANO	E;845;29;2;0;350;4;48;48;1200;1200;255;0;0;100;0;5;450;100;
1791534745.162	D7:5B:CA:55:9E:68	JBC_Std	E;828;29;2;0;350;4;20;20;1200;1200;253;0;0;100;0;5;400;100;
1791534745.193	EA:BE:3E:E6:32:90	JBC_NANO	E;845;29;2;0;350;4;48;48;1200;1200;255;0;0;100;0;5;450;100;
1791534745.552	D7:5B:CA:55:9E:68	JBC_Std	E;828;29;2;0;350;4;20;20;1200;1200;253;0;0;100;0;5;400;100;
1791534745.582	EA:BE:3E:E6:32:90	JBC_NANO	E;845;29;2;0;350;4;48;48;1200;1200;255;0;0;100;0;5;450;100;
1791534745.942	D7:5B:CA:55:9E:68	JBC_Std	E;828;30;2;0;350;4;20;20;1200;1200;253;0;0;100;0;5;400;100;
1791534745.972	EA:BE:3E:E6:32:90	JBC_NANO	E;845;29;2;0;350;4;48;48;1200;1200;255;0;0;100;0;5;450;100;
1791534746.272	EA:BE:3E:E6:32:90	JBC_NANO	E;845;29;2;0;350;4;48;48;1200;1200;255;0;0;100;0;5;450;100;
1791534746.331	D7:5B:CA:55:9E:68	JBC_Std	E;828;30;2;0;350;4;20;20;1200;1200;253;0;0;100;0;5;400;100;
1791534746.662	EA:BE:3E:E6:32:90	JBC_NANO	E;845;30;2;0;350;4;48;48;1200;1200;255;0;0;100;0;5;450;100;
1791534746.751	D7:5B:CA:55:9E:68	JBC_Std	E;828;30;2;0;350;4;20;20;1200;1200;253;0;0;100;0;5;400;100;
1791534747.052	EA:BE:3E:E6:32:90	JBC_NANO	E;845;30;2;0;350;4;48;48;1200;1200;255;0;0;100;0;5;450;100;
1791534747.172	D7:5B:CA:55:9E:68	JBC_Std	E;828;30;2;0;350;4;20;20;1200;1200;253;0;0;100;0;5;400;100;
1791534747.382	EA:BE:3E:E6:32:90	JBC_NANO	E;845;30;2;0;350;4;48;48;1200;1200;255;0;0;100;0;5;450;100;
1791534747.412	D7:5B:CA:55:9E:68	JBC_Std	E;828;29;2;0;350;4;20;20;1200;1200;253;0;0;100;0;5;400;100;
1791534747.712	EA:BE:3E:E6:32:90	JBC_NANO	E;845;30;2;0;350;4;48;48;1200;1200;255;0;0;100;0;5;450;100;
1791534747.742	D7:5B:CA:55:9E:68	JBC_Std	E;828;29;2;0;350;4;20;20;1200;1200;253;0;0;100;0;5;400;100;
1791534748.072	EA:BE:3E:E6:32:90	JBC_NANO	E;845;31;2;0;350;4;48;48;1200;1200;255;0;0;100;0;5;450;100;
1791534748.102	D7:5B:CA:55:9E:68	JBC_Std	E;828;29;2;0;350;4;20;20;1200;1200;253;0;0;100;0;5;400;100;
1791534748.431	D7:5B:CA:55:9E:68	JBC_Std	E;828;29;2;0;350;4;20;20;1200;1200;253;0;0;100;0;5;400;100;
1791534748.462	EA:BE:3E:E6:32:90	JBC_NANO	E;845;31;2;0;350;4;48;48;1200;1200;255;0;0;100;0;5;450;100;
1791534748.792	D7:5B:CA:55:9E:68	JBC_Std	E;828;28;2;0;350;4;20;20;1200;1200;253;0;0;100;0;5;400;100;
1791534748.821	EA:BE:3E:E6:32:90	JBC_NANO	E;845;30;2;0;350;4;48;48;1200;1200;255;0;0;100;0;5;450;100;
1791534749.122	D7:5B:CA:55:9E:68	JBC_Std	E;828;28;2;0;350;4;20;20;1200;1200;253;0;0;100;0;5;400;100;
1791534749.212	EA:BE:3E:E6:32:90	JBC_NANO	E;845;29;2;0;350;4;48;48;1200;1200;255;0;0;100;0;5;450;100;
1791534749.451	D7:5B:CA:55:9E:68	JBC_Std	E;828;29;2;0;350;4;20;20;1200;1200;253;0;0;100;0;5;400;100;
1791534749.542	EA:BE:3E:E6:32:90	JBC_NANO	E;845;29;2;0;350;4;48;48;1200;1200;255;0;0;100;0;5;450;100;
1791534749.811	D7:5B:CA:55:9E:68	JBC_Std	E;828;28;2;0;350;4;20;20;1200;1200;253;0;0;100;0;5;400;100;
1791534749.903	EA:BE:3E:E6:32:90	JBC_NANO	E;845;29;2;0;350;4;48;48;1200;1200;255;0;0;100;0;5;450;100;
1791534750.172	D7:5B:CA:55:9E:68	JBC_Std	E;828;29;2;0;350;4;20;20;1200;1200;253;0;0;100;0;5;400;100;
1791534750.202	EA:BE:3E:E6:32:90	JBC_NANO	E;845;29;2;0;350;4;48;48;1200;1200;255;0;0;100;0;5;450;100;
1791534750.501	D7:5B:CA:55:9E:68	JBC_Std	E;828;29;2;0;350;4;20;20;1200;1200;253;0;0;100;0;5;400;100;
1791534750.532	EA:BE:3E:E6:32:90	JBC_NANO	E;845;30;2;0;350;4;48;48;1200;1200;255;0;0;100;0;5;450;100;
1791534750.861	D7:5B:CA:55:9E:68	JBC_Std	E;828;28;2;0;350;4;20;20;1200;1200;253;0;0;100;0;5;400;100;
1791534750.892	EA:BE:3E:E6:32:90	JBC_NANO	E;845;30;2;0;350;4;48;48;1200;1200;255;0;0;100;0;5;450;100;
1791534751.192	D7:5B:CA:55:9E:68	JBC_Std	E;828;29;2;0;350;4;20;20;1200;1200;253;0;0;100;0;5;400;100;
1791534751.221	EA:BE:3E:E6:32:90	JBC_NANO	E;845;29;2;0;350;4;48;48;1200;1200;255;0;0;100;0;5;450;100;
1791534751.582	EA:BE:3E:E6:32:90	JBC_NANO	E;845;29;2;0;350;4;48;48;1200;1200;255;0;0;100;0;5;450;100;
1791534751.611	D7:5B:CA:55:9E:68	JBC_Std	E;828;28;2;0;350;4;20;20;1200;1200;253;0;0;100;0;5;400;100;
1791534751.912	EA:BE:3E:E6:32:90	JBC_NANO	E;845;29;2;0;350;4;48;48;1200;1200;255;0;0;100;0;5;450;100;
1791534751.941	D7:5B:CA:55:9E:68	JBC_Std	E;828;28;2;0;350;4;20;20;1200;1200;253;0;0;100;0;5;400;100;
1791534752.272	EA:BE:3E:E6:32:90	JBC_NANO	E;845;29;2;0;350;4;48;48;1200;1200;255;0;0;100;0;5;450;100;
1791534752.361	D7:5B:CA:55:9E:68	JBC_Std	E;828;28;2;0;350;4;20;20;1200;1200;253;0;0;100;0;5;400;100;
1791534752.662	D7:5B:CA:55:9E:68	JBC_Std	E;828;28;2;0;350;4;20;20;1200;1200;253;0;0;100;0;5;400;100;
1791534752.692	EA:BE:3E:E6:32:90	JBC_NANO	E;845;29;2;0;350;4;48;48;1200;1200;255;0;0;100;0;5;450;100;
1791534753.022	EA:BE:3E:E6:32:90	JBC_NANO	E;845;30;2;0;350;4;48;48;1200;1200;255;0;0;100;0;5;450;100;
1791534753.051	D7:5B:CA:55:9E:68	JBC_Std	E;828;29;2;0;350;4;20;20;1200;1200;253;0;0;100;0;5;400;100;
1791534753.322	EA:BE:3E:E6:32:90	JBC_NANO	E;845;30;2;0;350;4;48;48;1200;1200;255;0;0;100;0;5;450;100;
1791534753.412	D7:5B:CA:55:9E:68	JBC_Std	E;828;29;2;0;350;4;20;20;1200;1200;253;0;0;100;0;5;400;100;
1791534753.684	EA:BE:3E:E6:32:90	JBC_NANO	E;845;30;2;0;350;4;48;48;1200;1200;255;0;0;100;0;5;450;100;
1791534753.802	D7:5B:CA:55:9E:68	JBC_Std	E;828;29;2;0;350;4;20;20;1200;1200;253;0;0;100;0;5;400;100;
1791534754.071	EA:BE:3E:E6:32:90	JBC_NANO	E;845;30;2;0;350;4;48;48;1200;1200;255;0;0;100;0;5;450;100;
1791534754.162	D7:5B:CA:55:9E:68	JBC_Std	E;828;29;2;0;350;4;20;20;1200;1200;253;0;0;100;0;5;400;100;
1791534754.374	EA:BE:3E:E6:32:90	JBC_NANO	E;845;30;2;0;350;4;48;48;1200;1200;255;0;0;100;0;5;450;100;
1791534754.551	D7:5B:CA:55:9E:68	JBC_Std	E;828;29;2;0;350;4;20;20;1200;1200;253;0;0;100;0;5;400;100;
1791534754.762	EA:BE:3E:E6:32:90	JBC_NANO	E;845;30;2;0;350;4;48;48;1200;1200;255;0;0;100;0;5;450;100;
1791534754.911	D7:5B:CA:55:9E:68	JBC_Std	E;828;29;2;0;350;4;20;20;1200;1200;253;0;0;100;0;5;400;100;
1791534755.064	EA:BE:3E:E6:32:90	JBC_NANO	E;845;29;2;0;350;4;48;48;1200;1200;255;0;0;100;0;5;450;100;
1791534755.272	D7:5B:CA:55:9E:68	JBC_Std	E;828;29;2;0;350;4;20;20;1200;1200;253;0;0;100;0;5;400;100;
1791534755.482	EA:BE:3E:E6:32:90	JBC_NANO	E;845;29;2;0;350;4;48;48;1200;1200;255;0;0;100;0;5;450;100;
1791534755.631	D7:5B:CA:55:9E:68	JBC_Std	E;828;29;2;0;350;4;20;20;1200;1200;253;0;0;100;0;5;400;100;
1791534755.902	EA:BE:3E:E6:32:90	JBC_NANO	E;845;29;2;0;350;4;48;48;1200;1200;255;0;0;100;0;5;450;100;
1791534756.081	D7:5B:CA:55:9E:68	JBC_Std	E;828;29;2;0;350;4;20;20;1200;1200;253;0;0;100;0;5;400;100;
1791534756.292	EA:BE:3E:E6:32:90	JBC_NANO	E;845;30;2;0;350;4;48;48;1200;1200;255;0;0;100;0;5;450;100;
1791534756.321	D7:5B:CA:55:9E:68	JBC_Std	E;828;29;2;0;350;4;20;20;1200;1200;253;0;0;100;0;5;400;100;
1791534756.622	EA:BE:3E:E6:32:90	JBC_NANO	E;845;29;2;0;350;4;48;48;1200;1200;255;0;0;100;0;5;450;100;
1791534756.652	D7:5B:CA:55:9E:68	JBC_Std	E;828;29;2;0;350;4;20;20;1200;1200;253;0;0;100;0;5;400;100;
1791534756.982	EA:BE:3E:E6:32:90	JBC_NANO	E;845;29;2;0;350;4;48;48;1200;1200;255;0;0;100;0;5;450;100;
1791534757.012	D7:5B:CA:55:9E:68	JBC_Std	E;828;29;2;0;350;4;20;20;1200;1200;253;0;0;100;0;5;400;100;
1791534757.312	EA:BE:3E:E6:32:90	JBC_NANO	E;845;29;2;0;350;4;48;48;1200;1200;255;0;0;100;0;5;450;100;
1791534757.342	D7:5B:CA:55:9E:68	JBC_Std	E;828;29;2;0;350;4;20;20;1200;1200;253;0;0;100;0;5;400;100;
1791534757.672	EA:BE:3E:E6:32:90	JBC_NANO	E;845;29;2;0;350;4;48;48;1200;1200;255;0;0;100;0;5;450;100;
1791534757.702	D7:5B:CA:55:9E:68	JBC_Std	E;828;29;2;0;350;4;20;20;1200;1200;253;0;0;100;0;5;400;100;
1791534758.002	EA:BE:3E:E6:32:90	JBC_NANO	E;845;29;2;0;350;4;48;48;1200;1200;255;0;0;100;0;5;450;100;
1791534758.032	D7:5B:CA:55:9E:68	JBC_Std	E;828;29;2;0;350;4;20;20;1200;1200;253;0;0;100;0;5;400;100;
1791534758.422	EA:BE:3E:E6:32:90	JBC_NANO	E;845;29;2;0;350;4;48;48;1200;1200;255;0;0;100;0;5;450;100;
1791534758.481	D7:5B:CA:55:9E:68	JBC_Std	E;828;29;2;0;350;4;20;20;1200;1200;253;0;0;100;0;5;400;100;
1791534758.752	EA:BE:3E:E6:32:90	JBC_NANO	E;845;30;2;0;350;4;48;48;1200;1200;255;0;0;100;0;5;450;100;
1791534758.841	D7:5B:CA:55:9E:68	JBC_Std	E;828;29;2;0;350;4;20;20;1200;1200;253;0;0;100;0;5;400;100;
1791534759.112	EA:BE:3E:E6:32:90	JBC_NANO	E;845;30;2;0;350;4;48;48;1200;1200;255;0;0;100;0;5;450;100;
1791534759.261	D7:5B:CA:55:9E:68	JBC_Std	E;828;29;2;0;350;4;20;20;1200;1200;253;0;0;100;0;5;400;100;
1791534759.472	EA:BE:3E:E6:32:90	JBC_NANO	E;845;30;2;0;350;4;48;48;1200;1200;255;0;0;100;0;5;450;100;
1791534759.621	D7:5B:CA:55:9E:68	JBC_Std	E;828;29;2;0;350;4;20;20;1200;1200;253;0;0;100;0;5;400;100;
1791534759.774	EA:BE:3E:E6:32:90	JBC_NANO	E;845;30;2;0;350;4;48;48;1200;1200;255;0;0;100;0;5;450;100;
1791534759.951	D7:5B:CA:55:9E:68	JBC_Std	E;828;29;2;0;350;4;20;20;1200;1200;253;0;0;100;0;5;400;100;
1791534760.221	EA:BE:3E:E6:32:90	JBC_NANO	E;845;30;2;0;350;4;48;48;1200;1200;255;0;0;100;0;5;450;100;
1791534760.312	D7:5B:CA:55:9E:68	JBC_Std	E;828;29;2;0;350;4;20;20;1200;1200;253;0;0;100;0;5;400;100;
1791534760.582	EA:BE:3E:E6:32:90	JBC_NANO	E;845;30;2;0;350;4;48;48;1200;1200;255;0;0;100;0;5;450;100;
1791534760.672	D7:5B:CA:55:9E:68	JBC_Std	E;828;29;2;0;350;4;20;20;1200;1200;253;0;0;100;0;5;400;100;
1791534760.942	EA:BE:3E:E6:32:90	JBC_NANO	E;845;30;2;0;350;4;48;48;1200;1200;255;0;0;100;0;5;450;100;
1791534761.061	D7:5B:CA:55:9E:68	JBC_Std	E;828;29;2;0;350;4;20;20;1200;1200;253;0;0;100;0;5;400;100;
1791534761.302	EA:BE:3E:E6:32:90	JBC_NANO	E;845;30;2;0;350;4;48;48;1200;1200;255;0;0;100;0;5;450;100;
1791534761.391	D7:5B:CA:55:9E:68	JBC_Std	E;828;29;2;0;350;4;20;20;1200;1200;253;0;0;100;0;5;400;100;
1791534761.662	EA:BE:3E:E6:32:90	JBC_NANO	E;845;29;2;0;350;4;48;48;1200;1200;255;0;0;100;0;5;450;100;
1791534761.751	D7:5B:CA:55:9E:68	JBC_Std	E;828;29;2;0;350;4;20;20;1200;1200;253;0;0;100;0;5;400;100;
1791534762.052	EA:BE:3E:E6:32:90	JBC_NANO	E;845;29;2;0;350;4;48;48;1200;1200;255;0;0;100;0;5;450;100;
1791534762.081	D7:5B:CA:55:9E:68	JBC_Std	E;828;29;2;0;350;4;20;20;1200;1200;253;0;0;100;0;5;400;100;
1791534762.412	EA:BE:3E:E6:32:90	JBC_NANO	E;845;28;2;0;350;4;48;48;1200;1200;255;0;0;100;0;5;450;100;
1791534762.441	D7:5B:CA:55:9E:68	JBC_Std	E;828;29;2;0;350;4;20;20;1200;1200;253;0;0;100;0;5;400;100;
1791534762.802	EA:BE:3E:E6:32:90	JBC_NANO	E;845;28;2;0;350;4;48;48;1200;1200;255;0;0;100;0;5;450;100;
1791534762.832	D7:5B:CA:55:9E:68	JBC_Std	E;829;29;2;0;350;4;20;20;1200;1200;253;0;0;100;0;5;400;100;
1791534763.162	EA:BE:3E:E6:32:90	JBC_NANO	E;845;28;2;0;350;4;48;48;1200;1200;255;0;0;100;0;5;450;100;
1791534763.192	D7:5B:CA:55:9E:68	JBC_Std	E;829;29;2;0;350;4;20;19;1200;1199;253;0;0;100;0;5;400;100;
1791534763.522	EA:BE:3E:E6:32:90	JBC_NANO	E;845;29;2;0;350;4;48;48;1200;1200;255;0;0;100;0;5;450;100;
1791534763.550	D7:5B:CA:55:9E:68	JBC_Std	E;829;29;2;0;350;4;20;20;1200;1200;253;0;0;100;0;5;400;100;
1791534763.823	EA:BE:3E:E6:32:90	JBC_NANO	E;845;29;2;0;350;4;48;48;1200;1200;255;0;0;100;0;5;450;100;
1791534763.941	D7:5B:CA:55:9E:68	JBC_Std	E;829;29;2;0;350;4;20;20;1200;1200;253;0;0;100;0;5;400;100;
1791534764.212	EA:BE:3E:E6:32:90	JBC_NANO	E;845;29;2;0;350;4;48;48;1200;1200;255;0;0;100;0;5;450;100;
1791534764.301	D7:5B:CA:55:9E:68	JBC_Std	E;829;29;2;0;350;4;20;20;1200;1200;253;0;0;100;0;5;400;100;
1791534764.513	EA:BE:3E:E6:32:90	JBC_NANO	E;845;29;2;0;350;4;48;48;1200;1200;255;0;0;100;0;5;450;100;
1791534764.692	D7:5B:CA:55:9E:68	JBC_Std	E;829;28;2;0;350;4;20;20;1200;1200;253;0;0;100;0;5;400;100;
1791534764.902	EA:BE:3E:E6:32:90	JBC_NANO	E;845;29;2;0;350;4;48;48;1200;1200;255;0;0;100;0;5;450;100;
1791534765.021	D7:5B:CA:55:9E:68	JBC_Std	E;829;28;2;0;350;4;20;20;1200;1200;253;0;0;100;0;5;400;100;
1791534765.173	EA:BE:3E:E6:32:90	JBC_NANO	E;845;30;2;0;350;4;48;48;1200;1200;255;0;0;100;0;5;450;100;
1791534765.380	D7:5B:CA:55:9E:68	JBC_Std	E;829;29;2;0;350;4;20;20;1200;1200;253;0;0;100;0;5;400;100;
1791534765.591	EA:BE:3E:E6:32:90	JBC_NANO	E;845;30;2;0;350;4;48;48;1200;1200;255;0;0;100;0;5;450;100;
1791534765.742	D7:5B:CA:55:9E:68	JBC_Std	E;829;29;2;0;350;4;20;20;1200;1200;253;0;0;100;0;5;400;100;
1791534765.951	EA:BE:3E:E6:32:90	JBC_NANO	E;845;30;2;0;350;4;48;48;1200;1200;255;0;0;100;0;5;450;100;
1791534766.102	D7:5B:CA:55:9E:68	JBC_Std	E;829;29;2;0;350;4;20;20;1200;1200;253;0;0;100;0;5;400;100;
1791534766.312	EA:BE:3E:E6:32:90	JBC_NANO	E;845;30;2;0;350;4;48;48;1200;1200;255;0;0;100;0;5;450;100;
1791534766.461	D7:5B:CA:55:9E:68	JBC_Std	E;829;30;2;0;350;4;20;20;1200;1200;253;0;0;100;0;5;400;100;
1791534766.701	EA:BE:3E:E6:32:90	JBC_NANO	E;845;29;2;0;350;4;48;48;1200;1200;255;0;0;100;0;5;450;100;
1791534766.791	D7:5B:CA:55:9E:68	JBC_Std	E;829;29;2;0;350;4;20;20;1200;1200;253;0;0;100;0;5;400;100;
1791534767.061	EA:BE:3E:E6:32:90	JBC_NANO	E;845;29;2;0;350;4;48;48;1200;1200;255;0;0;100;0;5;450;100;
1791534767.151	D7:5B:CA:55:9E:68	JBC_Std	E;829;29;2;0;350;4;20;20;1200;1200;253;0;0;100;0;5;400;100;
1791534767.422	EA:BE:3E:E6:32:90	JBC_NANO	E;845;29;2;0;350;4;48;48;1200;1200;255;0;0;100;0;5;450;100;
1791534767.571	D7:5B:CA:55:9E:68	JBC_Std	E;829;29;2;0;350;4;20;20;1200;1200;253;0;0;100;0;5;400;100;
1791534767.781	EA:BE:3E:E6:32:90	JBC_NANO	E;845;29;2;0;350;4;48;48;1200;1200;255;0;0;100;0;5;450;100;
1791534767.871	D7:5B:CA:55:9E:68	JBC_Std	E;829;29;2;0;350;4;20;20;1200;1200;253;0;0;100;0;5;400;100;
1791534768.142	EA:BE:3E:E6:32:90	JBC_NANO	E;845;29;2;0;350;4;48;48;1200;1200;255;0;0;100;0;5;450;100;
1791534768.231	D7:5B:CA:55:9E:68	JBC_Std	E;829;28;2;0;350;4;20;20;1200;1200;253;0;0;100;0;5;400;100;
1791534768.501	EA:BE:3E:E6:32:90	JBC_NANO	E;845;29;2;0;350;4;48;48;1200;1200;255;0;0;100;0;5;450;100;
1791534768.682	D7:5B:CA:55:9E:68	JBC_Std	E;829;28;2;0;350;4;20;20;1200;1200;253;0;0;100;0;5;400;100;
1791534768.831	EA:BE:3E:E6:32:90	JBC_NANO	E;845;29;2;0;350;4;48;48;1200;1200;255;0;0;100;0;5;450;100;
1791534769.041	D7:5B:CA:55:9E:68	JBC_Std	E;829;28;2;0;350;4;20;20;1200;1200;253;0;0;100;0;5;400;100;
1791534769.251	EA:BE:3E:E6:32:90	JBC_NANO	E;845;29;2;0;350;4;48;48;1200;1200;255;0;0;100;0;5;450;100;
1791534769.401	D7:5B:CA:55:9E:68	JBC_Std	E;829;28;2;0;350;4;20;20;1200;1200;253;0;0;100;0;5;400;100;
1791534769.612	EA:BE:3E:E6:32:90	JBC_NANO	E;845;29;2;0;350;4;48;48;1200;1200;255;0;0;100;0;5;450;100;
1791534769.761	D7:5B:CA:55:9E:68	JBC_Std	E;829;29;2;0;350;4;20;20;1200;1200;253;0;0;100;0;5;400;100;
1791534769.971	EA:BE:3E:E6:32:90	JBC_NANO	E;845;29;2;0;350;4;48;48;1200;1200;255;0;0;100;0;5;450;100;
1791534770.121	D7:5B:CA:55:9E:68	JBC_Std	E;829;29;2;0;350;4;20;20;1200;1200;253;0;0;100;0;5;400;100;
1791534770.332	EA:BE:3E:E6:32:90	JBC_NANO	E;845;29;2;0;350;4;48;48;1200;1200;255;0;0;100;0;5;450;100;
1791534770.571	D7:5B:CA:55:9E:68	JBC_Std	E;829;29;2;0;350;4;20;20;1200;1200;253;0;0;100;0;5;400;100;
1791534770.721	EA:BE:3E:E6:32:90	JBC_NANO	E;845;30;2;0;350;4;48;48;1200;1200;255;0;0;100;0;5;450;100;
1791534770.811	D7:5B:CA:55:9E:68	JBC_Std	E;829;30;2;0;350;4;20;20;1200;1200;253;0;0;100;0;5;400;100;
1791534771.081	EA:BE:3E:E6:32:90	JBC_NANO	E;845;30;2;0;350;4;48;48;1200;1200;255;0;0;100;0;5;450;100;
1791534771.231	D7:5B:CA:55:9E:68	JBC_Std	E;829;30;2;0;350;4;20;20;1200;1200;253;0;0;100;0;5;400;100;
1791534771.442	EA:BE:3E:E6:32:90	JBC_NANO	E;845;30;2;0;350;4;48;48;1200;1200;255;0;0;100;0;5;450;100;
1791534771.531	D7:5B:CA:55:9E:68	JBC_Std	E;829;30;2;0;350;4;20;20;1200;1200;253;0;0;100;0;5;400;100;
1791534771.801	EA:BE:3E:E6:32:90	JBC_NANO	E;845;30;2;0;350;4;48;48;1200;1200;255;0;0;100;0;5;450;100;
1791534771.891	D7:5B:CA:55:9E:68	JBC_Std	E;829;30;2;0;350;4;20;20;1200;1200;253;0;0;100;0;5;400;100;
1791534772.161	EA:BE:3E:E6:32:90	JBC_NANO	E;845;29;2;0;350;4;48;48;1200;1200;255;0;0;100;0;5;450;100;
1791534772.250	D7:5B:CA:55:9E:68	JBC_Std	E;829;29;2;0;350;4;20;20;1200;1200;253;0;0;100;0;5;400;100;
1791534772.521	EA:BE:3E:E6:32:90	JBC_NANO	E;845;29;2;0;350;4;48;48;1200;1200;255;0;0;100;0;5;450;100;
1791534772.641	D7:5B:CA:55:9E:68	JBC_Std	E;829;28;2;0;350;4;20;20;1200;1200;253;0;0;100;0;5;400;100;
1791534772.852	EA:BE:3E:E6:32:90	JBC_NANO	E;845;29;2;0;350;4;48;48;1200;1200;255;0;0;100;0;5;450;100;
1791534773.001	D7:5B:CA:55:9E:68	JBC_Std	E;829;29;2;0;350;4;20;20;1200;1200;253;0;0;100;0;5;400;100;
1791534773.211	EA:BE:3E:E6:32:90	JBC_NANO	E;845;29;2;0;350;4;48;48;1200;1200;255;0;0;100;0;5;450;100;
1791534773.361	D7:5B:CA:55:9E:68	JBC_Std	E;829;29;2;0;350;4;20;20;1200;1200;253;0;0;100;0;5;400;100;
